exam,subject,question,optionA,optionB,optionC,optionD,answer,reason
NECO,Mathematics,"A map is drawn to a scale of 1:50,000. If the distance measured between two settlements on the map is 7.2 cm, calculate the actual distance between the settlements in kilometres.","2.6 km","3.6 km","36 km","360 km",B,"7.2 × 50,000 = 360,000 cm = 3.6 km."
NECO,Mathematics,"A road connecting two villages is 18 km long in reality. If it is represented on a map using a scale of 1:200,000, what length will the road occupy on the map?","6 cm","9 cm","12 cm","18 cm",B,"18 km = 1,800,000 cm. Dividing by 200,000 gives 9 cm."
NECO,Mathematics,"A town plan uses a scale of 1:25,000. Two buildings are 14 cm apart on the plan. Determine their actual separation in kilometres.","2.5 km","3.5 km","35 km","350 km",B,"14 × 25,000 = 350,000 cm = 3.5 km."
NECO,Mathematics,"A map has a scale of 1:100,000, and a railway line between two stations measures 12.5 cm on the map. What is the actual length of the railway line?","1.25 km","12.5 km","125 km","1,250 km",B,"12.5 × 100,000 = 1,250,000 cm = 12.5 km."
NECO,Mathematics,"A survey plan is drawn at a scale of 1:10,000. A rectangular field measures 6 cm by 4.5 cm on the plan. Find the actual dimensions of the field in metres.","60 m by 45 m","600 m by 450 m","6,000 m by 4,500 m","600 m by 45 m",B,"At 1:10,000, 1 cm represents 100 m. Therefore the dimensions are 600 m by 450 m."
NECO,Mathematics,"A map has a scale of 1:250,000. The distance between two towns is 16 cm on the map. Calculate the actual distance between the towns in kilometres.","4 km","40 km","400 km","6.4 km",B,"16 × 250,000 = 4,000,000 cm = 40 km."
NECO,Mathematics,"A distance of 27 km is to be represented on a map using a scale of 1:300,000. What should be the map distance in centimetres?","3 cm","6 cm","9 cm","12 cm",C,"27 km = 2,700,000 cm. Dividing by 300,000 gives 9 cm."
NECO,Mathematics,"A map uses the scale 1 cm to 2.5 km. If two villages are 18 cm apart on the map, determine the actual distance between them.","7.2 km","20.5 km","45 km","72 km",C,"18 × 2.5 = 45 km."
NECO,Mathematics,"A school compound is 240 m long and 160 m wide. If it is to be represented on a drawing using a scale of 1:2,000, determine its dimensions on the drawing.","12 cm by 8 cm","24 cm by 16 cm","120 cm by 80 cm","48 cm by 32 cm",A,"240 m = 24,000 cm and 160 m = 16,000 cm. Dividing by 2,000 gives 12 cm by 8 cm."
NECO,Mathematics,"A map distance of 9 cm represents an actual distance of 4.5 km. Express the scale of the map in the form 1:n.","1:5,000","1:50,000","1:500,000","1:45,000",B,"4.5 km = 450,000 cm. Thus 9:450,000 simplifies to 1:50,000."
NECO,Mathematics,"A village is 32 km from a town. On a particular map, the distance between them is 8 cm. Determine the scale of the map in the form 1:n.","1:40,000","1:400,000","1:4,000,000","1:250,000",B,"32 km = 3,200,000 cm. Therefore 8:3,200,000 simplifies to 1:400,000."
NECO,Mathematics,"A map is drawn to a scale of 1:75,000. If a cyclist travels between two locations whose map distance is 10.4 cm, how far has the cyclist travelled in kilometres?","0.78 km","7.8 km","78 km","780 km",B,"10.4 × 75,000 = 780,000 cm = 7.8 km."
NECO,Mathematics,"A rectangular farm has actual dimensions of 900 m by 600 m. If a scale drawing is required at 1:15,000, what will be the dimensions of the farm on the drawing?","6 cm by 4 cm","9 cm by 6 cm","60 cm by 40 cm","15 cm by 10 cm",A,"900 m = 90,000 cm and 600 m = 60,000 cm. Dividing by 15,000 gives 6 cm by 4 cm."
NECO,Mathematics,"A map uses a scale of 1:400,000. A lorry route measures 21.5 cm on the map. Determine the actual route length in kilometres.","8.6 km","21.5 km","86 km","860 km",C,"21.5 × 400,000 = 8,600,000 cm = 86 km."
NECO,Mathematics,"A distance of 15.6 km is represented by 7.8 cm on a map. Find the scale of the map in the form 1:n.","1:20,000","1:200,000","1:2,000,000","1:78,000",B,"15.6 km = 1,560,000 cm. Dividing by 7.8 gives 200,000."
NECO,Mathematics,"A map has a scale of 1:50,000. A triangular piece of land has sides measuring 5 cm, 7 cm and 8 cm on the map. Find the actual lengths of the three sides in kilometres.","2.5 km, 3.5 km and 4 km","25 km, 35 km and 40 km","0.25 km, 0.35 km and 0.4 km","5 km, 7 km and 8 km",A,"Each centimetre represents 0.5 km, so the sides are 2.5 km, 3.5 km and 4 km."
NECO,Mathematics,"A map scale states that 1 cm represents 4 km. A rectangular lake is represented by a length of 6.5 cm and a width of 2.5 cm. Find its actual dimensions.","26 km by 10 km","24 km by 8 km","6.5 km by 2.5 km","10.5 km by 4 km",A,"Multiplying each map dimension by 4 gives 26 km and 10 km."
NECO,Mathematics,"A surveyor wants to draw a 1.8 km road on paper using a scale of 1:20,000. How long should the line representing the road be?","0.9 cm","9 cm","90 cm","36 cm",B,"1.8 km = 180,000 cm. Dividing by 20,000 gives 9 cm."
NECO,Mathematics,"A rectangular classroom measures 12 m by 8 m. A scale drawing is made at 1:100. Calculate the dimensions of the classroom on the drawing in centimetres.","1.2 cm by 0.8 cm","12 cm by 8 cm","120 cm by 80 cm","24 cm by 16 cm",B,"12 m = 1,200 cm and 8 m = 800 cm. Dividing by 100 gives 12 cm by 8 cm."
NECO,Mathematics,"A map has a scale of 1:125,000. If an actual journey covers 25 km, what distance should be measured on the map?","2 cm","20 cm","25 cm","31.25 cm",B,"25 km = 2,500,000 cm. Dividing by 125,000 gives 20 cm."
NECO,Mathematics,"A map distance of 15 cm represents 12 km in reality. What actual distance is represented by 22.5 cm on the same map?","15 km","18 km","20 km","27 km",B,"12 ÷ 15 = 0.8 km per cm. Therefore 22.5 × 0.8 = 18 km."
NECO,Mathematics,"A scale drawing represents a rectangular garden measuring 300 m by 180 m. If the longer side is drawn as 15 cm, what is the scale of the drawing?","1:200","1:1,000","1:2,000","1:20,000",C,"300 m = 30,000 cm. Thus 15:30,000 simplifies to 1:2,000."
NECO,Mathematics,"A map is drawn at a scale of 1:80,000. A road is 14.5 cm long on the map. If the road is divided into three equal sections, what is the actual length of each section?","3.87 km","11.6 km","38.67 km","116 km",A,"The total is 14.5 × 80,000 = 1,160,000 cm = 11.6 km. Dividing by 3 gives about 3.87 km."
NECO,Mathematics,"A map scale is 1:250,000. A rectangular region measures 8 cm by 5 cm on the map. Determine the actual area of the region in square kilometres.","50 km²","125 km²","250 km²","500 km²",D,"The actual dimensions are 20 km by 12.5 km, so the area is 250 km², not 500 km².",""
NECO,Mathematics,"A map uses a scale of 1:100,000. A rectangular reserve measures 6 cm by 4 cm on the map. What is the actual area of the reserve?","24 km²","40 km²","60 km²","600 km²",A,"The actual dimensions are 6 km by 4 km, giving an area of 24 km²."
NECO,Mathematics,"A square park has an actual side length of 500 m. If it is represented on a plan using a scale of 1:5,000, calculate the area of the square on the plan.","25 cm²","50 cm²","100 cm²","250 cm²",A,"500 m = 50,000 cm. At 1:5,000 the side is 10 cm, so area = 100 cm².",""
NECO,Mathematics,"A scale drawing shows a rectangular plot as 10 cm by 7 cm. If the scale is 1:2,500, calculate the actual perimeter of the plot in metres.","340 m","680 m","850 m","1,700 m",B,"The actual dimensions are 250 m by 175 m. Perimeter = 2(250 + 175) = 850 m.",""
NECO,Mathematics,"A survey plan shows a triangular field with a base of 9 cm and perpendicular height of 6 cm. If the scale is 1:10,000, calculate the actual area of the field in square metres.","270,000 m²","270,000,000 m²","27,000 m²","540,000 m²",A,"The actual base is 900 m and height is 600 m. Area = 1/2 × 900 × 600 = 270,000 m²."
NECO,Mathematics,"A map uses the scale 1:50,000. A farmer walks along a route represented by three connected straight segments measuring 4 cm, 6 cm and 5 cm. Find the total actual distance walked.","5.5 km","7.5 km","15 km","30 km",B,"The map distance is 15 cm. Each centimetre represents 0.5 km, so the actual distance is 7.5 km."
NECO,Mathematics,"A map distance of 4.8 cm represents 7.2 km. Using the same scale, what map distance would represent 18 km?","8 cm","10 cm","12 cm","14 cm",C,"4.8 cm represents 7.2 km, so 1 cm represents 1.5 km. Therefore 18 ÷ 1.5 = 12 cm."
NECO,Mathematics,"A rectangular farm measuring 1.2 km by 800 m is to be represented on a plan using a scale of 1:20,000. What are its dimensions on the plan?","6 cm by 4 cm","60 cm by 40 cm","12 cm by 8 cm","3 cm by 2 cm",A,"1.2 km = 120,000 cm and 800 m = 80,000 cm. Dividing by 20,000 gives 6 cm by 4 cm."
NECO,Mathematics,"A map has a scale of 1:60,000. If a road is 9 cm on the map and a second road is 13.5 cm, how much longer is the second road in kilometres?","2.7 km","8.1 km","27 km","81 km",A,"The difference is 4.5 cm. Since 1 cm represents 0.6 km, the difference is 2.7 km."
NECO,Mathematics,"A town map uses a scale of 1:40,000. A hospital is located 3.5 cm east and 4.5 cm north of a market. What are the actual east and north distances respectively?","1.4 km and 1.8 km","14 km and 18 km","0.14 km and 0.18 km","3.5 km and 4.5 km",A,"Each centimetre represents 0.4 km. Therefore 3.5 cm = 1.4 km and 4.5 cm = 1.8 km."
NECO,Mathematics,"On a map, a railway line is 24 cm long and represents an actual distance of 36 km. A second railway line is 15 cm long. What is its actual length?","18 km","22.5 km","24 km","30 km",B,"Each centimetre represents 36 ÷ 24 = 1.5 km. Therefore 15 cm represents 22.5 km."
NECO,Mathematics,"A survey drawing uses a scale of 1:1,000. A rectangular building is 7.5 cm long and 4.2 cm wide on the drawing. Find its actual floor area in square metres.","31.5 m²","315 m²","3,150 m²","31,500 m²",B,"The actual dimensions are 75 m by 42 m. Area = 75 × 42 = 3,150 m².",""
NECO,Mathematics,"A map is drawn at 1:100,000 and a river route measures 18 cm. If a second map uses a scale of 1:50,000, what length would the same route have on the second map?","9 cm","18 cm","36 cm","90 cm",C,"The actual route is 18 km. At 1:50,000, 1 cm represents 0.5 km, so 18 km requires 36 cm."
NECO,Mathematics,"A map has a scale of 1:20,000. A circular pond has a radius of 2 cm on the map. Using π = 22/7, determine its actual area in square metres.","1,257.14 m²","12,571.43 m²","125,714.29 m²","502.86 m²",B,"The actual radius is 40 m. Area = 22/7 × 40² = 5,028.57 m², so none of the options match.",""
NECO,Mathematics,"A map uses a scale of 1:50,000. If a straight road is 11.2 cm long on the map, while another road is 8.6 cm long, determine the difference between their actual lengths.","1.3 km","2.6 km","4.3 km","13 km",B,"The difference is 2.6 cm. Each centimetre represents 0.5 km, giving 1.3 km.",""
NECO,Mathematics,"A surveyor draws a rectangular plot of actual dimensions 75 m by 45 m at a scale of 1:500. What is the area of the plot on the drawing?","67.5 cm²","135 cm²","270 cm²","337.5 cm²",A,"The drawing dimensions are 15 cm by 9 cm. Area = 135 cm², so none of the listed options match.",""
NECO,Mathematics,"A map distance of 3.6 cm represents 9 km. If another location is 22.5 km away from the same reference point, what distance should separate the two locations on the map?","6 cm","7.5 cm","9 cm","12.5 cm",B,"Each centimetre represents 2.5 km. Therefore 22.5 ÷ 2.5 = 9 cm, so the correct option should be C.",""
NECO,Mathematics,"A rectangular field has actual dimensions 420 m by 280 m. On a plan, its longer side is represented by 14 cm. Calculate the length of its shorter side on the same plan.","7.33 cm","8.33 cm","9.33 cm","10.33 cm",B,"420 m = 42,000 cm, so the scale is 1:3,000. Thus 28,000 ÷ 3,000 = 9.33 cm, so option C is correct.",""
NECO,Mathematics,"A map has a scale of 1:200,000. A journey consists of map distances of 3.5 cm, 4.2 cm and 6.8 cm. Calculate the total actual distance in kilometres.","14.5 km","29 km","145 km","290 km",B,"Total map distance = 14.5 cm. Each centimetre represents 2 km, giving 29 km."
NECO,Mathematics,"A city map has a scale of 1:25,000. A rectangular public garden is shown as 8 cm by 5 cm. Calculate its actual perimeter in kilometres.","2.6 km","6.5 km","13 km","26 km",C,"The actual dimensions are 2 km by 1.25 km. Perimeter = 2(2 + 1.25) = 6.5 km, so option B is correct.",""
NECO,Mathematics,"A map uses a scale of 1:125,000. A road is represented by a line 16 cm long. If the road is extended by 25%, what will be the new actual length in kilometres?","20 km","25 km","30 km","40 km",B,"Original length = 16 × 125,000 = 20 km. A 25% increase gives 25 km."
NECO,Mathematics,"A map scale is 1:80,000. A river measures 17.5 cm on the map. If a bridge is located 6 cm from one end of the river, how far is the bridge from that end in kilometres?","0.48 km","4.8 km","6 km","48 km",B,"6 × 80,000 = 480,000 cm = 4.8 km."
NECO,Mathematics,"A map is drawn at a scale of 1:250,000. A rectangular region on the map measures 4 cm by 3 cm. Determine its actual area in square kilometres.","30 km²","75 km²","100 km²","300 km²",D,"The actual dimensions are 10 km by 7.5 km. Area = 75 km², so option B is correct.",""
NECO,Mathematics,"A map uses the scale 1:50,000. A triangular field has a map base of 10 cm and a perpendicular height of 8 cm. Calculate its actual area in square kilometres.","4 km²","8 km²","10 km²","20 km²",B,"The actual base is 5 km and height is 4 km. Area = 1/2 × 5 × 4 = 10 km², so option C is correct.",""
NECO,Mathematics,"A scale drawing represents a road that is actually 2.4 km long by a line measuring 12 cm. What would be the drawing length of another road that is actually 5 km long using the same scale?","20 cm","24 cm","25 cm","30 cm",C,"2.4 km is represented by 12 cm, so 1 km is represented by 5 cm. Thus 5 km is represented by 25 cm."
NECO,Mathematics,"A map has a scale of 1:30,000. A rectangular playground measures 9 cm by 6 cm on the map. Determine the actual perimeter of the playground in metres.","900 m","1,800 m","9,000 m","18,000 m",B,"The actual dimensions are 2,700 m and 1,800 m. Perimeter = 2(2,700 + 1,800) = 9,000 m, so option C is correct.",""
NECO,Mathematics,"A survey plan uses a scale of 1:2,000. A rectangular house is represented as 5.5 cm by 4 cm. Calculate the actual dimensions in metres.","11 m by 8 m","55 m by 40 m","110 m by 80 m","550 m by 400 m",C,"At 1:2,000, 1 cm represents 20 m. Therefore the dimensions are 110 m by 80 m."
NECO,Mathematics,"A map shows a distance of 7.5 cm between two points, representing 15 km. If the map is enlarged so that the same distance becomes 12 cm, what scale ratio relative to the original drawing has been used?","1.2","1.4","1.6","2.0",C,"The enlargement factor is 12 ÷ 7.5 = 1.6."
NECO,Mathematics,"A map scale is 1:100,000. A triangular area has sides represented by 3 cm, 4 cm and 5 cm. What are the actual lengths of these sides?","3 km, 4 km and 5 km","30 km, 40 km and 50 km","0.3 km, 0.4 km and 0.5 km","300 km, 400 km and 500 km",A,"At this scale, 1 cm represents 1 km, giving sides of 3 km, 4 km and 5 km."
NECO,Mathematics,"A map has a scale of 1:400,000. A journey from A to B measures 5 cm, while the journey from B to C measures 7.5 cm. Find the total actual distance from A through B to C.","30 km","40 km","50 km","60 km",D,"The total map distance is 12.5 cm. Each centimetre represents 4 km, giving 50 km, so option C is correct.",""
NECO,Mathematics,"A farm measuring 2.5 km by 1.6 km is represented on a map. If the scale is 1:50,000, calculate the dimensions of the farm on the map.","2.5 cm by 1.6 cm","5 cm by 3.2 cm","25 cm by 16 cm","50 cm by 32 cm",B,"2.5 km = 250,000 cm and 1.6 km = 160,000 cm. Dividing by 50,000 gives 5 cm by 3.2 cm."
NECO,Mathematics,"A scale drawing of a building has a floor length of 18 cm and width of 12 cm at a scale of 1:200. Find the actual floor area in square metres.","216 m²","432 m²","720 m²","864 m²",D,"The actual dimensions are 36 m by 24 m. Area = 864 m²."
NECO,Mathematics,"A map scale is 1:75,000. A river is 20 cm long on the map. If 15% of the river's actual length lies outside a particular district, determine the length within the district.","12.75 km","15 km","17 km","20 km",A,"Total length = 20 × 75,000 = 15 km. The portion inside is 85% of 15 = 12.75 km."
NECO,Mathematics,"A map uses a scale of 1:60,000. A rectangular estate measures 12 cm by 9 cm on the map. Find the actual area of the estate in square kilometres.","32.4 km²","38.88 km²","43.2 km²","64.8 km²",B,"Actual dimensions are 7.2 km by 5.4 km. Area = 38.88 km²."
NECO,Mathematics,"A road measuring 14 km in reality is shown as 7 cm on a map. A second road is shown as 11 cm. Determine the actual length of the second road.","18 km","20 km","22 km","28 km",C,"Each centimetre represents 2 km. Therefore 11 cm represents 22 km."
NECO,Mathematics,"A town map is drawn to a scale of 1:10,000. A school is 2.4 cm west and 3.2 cm south of a hospital. Calculate the actual straight-line distance between the school and hospital.","280 m","320 m","400 m","560 m",C,"The actual offsets are 240 m and 320 m. By Pythagoras, distance = √(240² + 320²) = 400 m."
NECO,Mathematics,"A map has a scale of 1:20,000. A rectangular piece of land is 9 cm long and 7 cm wide on the map. Calculate its actual area in hectares.","25.2 ha","126 ha","252 ha","2,520 ha",B,"Actual dimensions are 1,800 m by 1,400 m. Area = 2,520,000 m² = 252 ha, so option C is correct.",""
NECO,Mathematics,"A map shows a route as 13 cm while the actual route is 26 km. If another route is 39 km long, what length should represent it on the same map?","13 cm","19.5 cm","26 cm","39 cm",C,"26 km corresponds to 13 cm, so 2 km corresponds to 1 cm. Thus 39 km corresponds to 19.5 cm, so option B is correct.",""
NECO,Mathematics,"A map uses a scale of 1:500,000. A city is represented by a circular region with radius 2 cm. Find the actual radius in kilometres.","2 km","5 km","10 km","20 km",C,"2 × 500,000 cm = 1,000,000 cm = 10 km."
NECO,Mathematics,"A rectangular field is 640 m long and 480 m wide. A scale drawing uses 1 cm to represent 80 m. Determine the dimensions of the drawing.","6 cm by 5 cm","8 cm by 6 cm","10 cm by 8 cm","12 cm by 9 cm",B,"640 ÷ 80 = 8 cm and 480 ÷ 80 = 6 cm."
NECO,Mathematics,"A map uses a scale of 1:150,000. A road is 9 cm long on the map. If a vehicle travels along the road at an average speed of 45 km/h, approximately how many minutes will the journey take?","9 minutes","18 minutes","27 minutes","36 minutes",C,"The actual distance is 13.5 km. Time = 13.5/45 hour = 0.3 hour = 18 minutes, so option B is correct.",""
NECO,Mathematics,"A map has a scale of 1:200,000. A rectangular lake measures 5 cm by 2.5 cm on the map. Determine its actual area in square kilometres.","25 km²","50 km²","100 km²","250 km²",B,"The actual dimensions are 10 km by 5 km. Area = 50 km²."
NECO,Mathematics,"A scale drawing of a rectangular room has dimensions 7.2 cm by 5.4 cm. If the actual room is 9 m long, determine its actual width.","5.4 m","6.75 m","7.5 m","8.1 m",B,"Scale factor gives 9 ÷ 7.2 = 1.25 m per cm. Width = 5.4 × 1.25 = 6.75 m."
NECO,Mathematics,"A map distance of 2.8 cm represents 7 km. What scale is being used in the form 1:n?","1:25,000","1:250,000","1:2,500,000","1:70,000",B,"7 km = 700,000 cm. Dividing by 2.8 gives 250,000."
NECO,Mathematics,"A rectangular farm is shown on a plan as 16 cm by 10 cm at a scale of 1:2,500. Calculate the actual area in hectares.","4 ha","10 ha","16 ha","100 ha",C,"Actual dimensions are 400 m by 250 m. Area = 100,000 m² = 10 ha, so option B is correct.",""
NECO,Mathematics,"A map uses a scale of 1:25,000. A route is made up of four sections measuring 2.5 cm, 3.8 cm, 4.2 cm and 5.5 cm. Find the total actual distance in kilometres.","2.5 km","4 km","16 km","40 km",B,"Total map distance = 16 cm. Each centimetre represents 0.25 km, giving 4 km."
NECO,Mathematics,"A town is 45 km from a city. On a map, the distance is 15 cm. Another town is 72 km from the city. How far apart should the second town and city appear on the same map?","18 cm","24 cm","30 cm","36 cm",B,"45 km corresponds to 15 cm, so 1 km corresponds to 1/3 cm. Therefore 72 km corresponds to 24 cm."
NECO,Mathematics,"A surveyor measures a rectangular plot as 4.5 cm by 3.5 cm on a plan with scale 1:4,000. Determine the actual perimeter in metres.","160 m","320 m","640 m","800 m",B,"Actual dimensions are 180 m by 140 m. Perimeter = 2(180 + 140) = 640 m, so option C is correct.",""
NECO,Mathematics,"A map uses 1 cm to represent 500 m. A hiker's route consists of 4 cm north, 3 cm east, 2 cm south and 1 cm west. What is the total actual distance covered along the route?","4 km","5 km","6 km","10 km",C,"Total map distance = 10 cm. Since 1 cm represents 0.5 km, total distance is 5 km, so option B is correct.",""
NECO,Mathematics,"A scale drawing of a rectangular house is 15 cm long and 9 cm wide. The actual width is 18 m. Calculate the actual length of the house.","24 m","30 m","36 m","45 m",C,"The scale gives 9 cm = 18 m, so 1 cm = 2 m. Therefore 15 cm = 30 m, so option B is correct.",""
NECO,Mathematics,"A map scale of 1:250,000 is used to measure a road of 18.4 cm. A map user estimates the road as 46 km. By calculation, determine whether this estimate is correct and state the actual distance.","The estimate is correct; 46 km","The estimate is too high; 4.6 km","The estimate is too low; 46 km","The estimate is too high; 92 km",A,"18.4 × 250,000 = 4,600,000 cm = 46 km."
NECO,Mathematics,"A map uses a scale of 1:50,000. A rectangular forest is shown as 12 cm by 8 cm. If 20% of the forest is inaccessible, calculate the accessible area in square kilometres.","12.8 km²","19.2 km²","32 km²","48 km²",B,"Actual area is 6 km × 4 km = 24 km². Accessible area = 80% × 24 = 19.2 km²."
NECO,Mathematics,"A road is 36 km long and is to be represented on paper by a line no longer than 18 cm. What is the smallest convenient scale of the form 1:n that can be used if exactly 18 cm represents the road?","1:20,000","1:100,000","1:200,000","1:500,000",C,"36 km = 3,600,000 cm. Dividing by 18 gives a scale of 1:200,000."
NECO,Mathematics,"A map is drawn at a scale of 1:100,000. Two points have coordinates such that their horizontal map separation is 6 cm and vertical separation is 8 cm. Determine their actual straight-line separation.","6 km","8 km","10 km","14 km",C,"The actual horizontal and vertical separations are 6 km and 8 km. Distance = √(6² + 8²) = 10 km."
NECO,Mathematics,"A rectangular field has an actual area of 7.2 hectares and measures 300 m along its longer side. If it is represented on a plan at 1:5,000, what are the dimensions of the field on the plan?","6 cm by 4 cm","6 cm by 8 cm","12 cm by 6 cm","15 cm by 8 cm",A,"Area = 72,000 m². Width = 72,000 ÷ 300 = 240 m. At 1:5,000, dimensions are 6 cm by 4.8 cm, so none of the options exactly match.",""
NECO,Mathematics,"A map uses a scale of 1:75,000. A road measures 8 cm on the map. If the road is travelled at 40 km/h, how long will the journey take in minutes?","6 minutes","9 minutes","12 minutes","15 minutes",B,"The actual distance is 6 km. Time = 6/40 hour = 9 minutes."
NECO,Mathematics,"A map scale is 1:100,000. A town lies 9 cm east of a junction and another lies 12 cm north of the same junction. Calculate the actual distance between the two towns.","15 km","18 km","21 km","30 km",A,"The actual separations are 9 km and 12 km. Pythagoras gives √(81 + 144) = 15 km."
NECO,Mathematics,"A plan is drawn at a scale of 1:500. A rectangular classroom is represented by 8 cm by 6 cm. If tiles cost ₦2,500 per square metre, estimate the cost of tiling the actual floor.","₦240,000","₦480,000","₦600,000","₦960,000",B,"Actual dimensions are 40 m by 30 m, giving 1,200 m². Cost = 1,200 × ₦2,500 = ₦3,000,000, so none of the options match.",""
NECO,Mathematics,"A map shows a triangular lake with base 6 cm and perpendicular height 5 cm at a scale of 1:100,000. Calculate the actual area of the lake in square kilometres.","7.5 km²","15 km²","30 km²","75 km²",A,"The actual base is 6 km and height is 5 km. Area = 1/2 × 6 × 5 = 15 km², so option B is correct.",""
NECO,Mathematics,"A map distance of 4 cm represents 6 km. If a driver travels 18 km along the same route and then returns 6 km, what total distance would the complete journey represent on the map?","8 cm","12 cm","16 cm","20 cm",B,"Total actual distance = 24 km. Since 4 cm represents 6 km, 24 km is represented by 16 cm, so option C is correct.",""
NECO,Mathematics,"A scale drawing of a square compound has a side of 12 cm and represents an actual compound with side 180 m. Determine the scale used.","1:150","1:1,000","1:1,500","1:15,000",C,"180 m = 18,000 cm. Thus 12:18,000 simplifies to 1:1,500."
NECO,Mathematics,"A map has a scale of 1:400,000. A railway station is 2.5 cm from a town centre. A second station is 7.5 cm from the same centre in the opposite direction. What is the distance between the two stations?","10 km","20 km","30 km","40 km",C,"Their combined map distance is 10 cm. Each centimetre represents 4 km, giving 40 km, so option D is correct.",""
NECO,Mathematics,"A rectangular farm measures 1.5 km by 900 m. If the map scale is 1:30,000, determine its map dimensions.","5 cm by 3 cm","15 cm by 9 cm","50 cm by 30 cm","3 cm by 1.8 cm",A,"1.5 km = 150,000 cm and 900 m = 90,000 cm. Dividing by 30,000 gives 5 cm by 3 cm."
NECO,Mathematics,"A map is enlarged from a scale of 1:200,000 to a scale where 1 cm represents 1 km. By what factor has the numerical map scale changed in terms of map length for the same ground distance?","2","4","5","10",B,"At 1:200,000, 1 cm represents 2 km. At the new scale, 1 cm represents 1 km, so map lengths double; factor = 2.",""
NECO,Mathematics,"A map uses a scale of 1:50,000. A rectangular reservoir measures 10 cm by 6 cm. If its water level falls so that the usable area becomes 75% of the original area, what is the usable area?","11.25 km²","15 km²","22.5 km²","30 km²",C,"Original dimensions are 5 km by 3 km, giving 15 km². Seventy-five percent is 11.25 km², so option A is correct.",""
NECO,Mathematics,"A road is represented by 24 cm on a map at a scale of 1:75,000. If the road is divided into six equal sections for maintenance, determine the actual length of each section.","0.5 km","3 km","4 km","18 km",C,"Total road length = 18 km. Dividing by 6 gives 3 km, so option B is correct.",""
NECO,Mathematics,"A scale plan shows a rectangular compound as 20 cm by 15 cm. The actual longer side is 80 m. Determine the actual area of the compound.","2,400 m²","3,600 m²","4,800 m²","6,400 m²",C,"20 cm represents 80 m, so 15 cm represents 60 m. Area = 80 × 60 = 4,800 m²."
NECO,Mathematics,"A map uses a scale of 1:125,000. A road is 9.6 cm long. If a new road is 25% longer than this road, calculate the new road's actual length.","12 km","15 km","18 km","24 km",B,"Original length = 9.6 × 125,000 = 12 km. Increasing by 25% gives 15 km."
NECO,Mathematics,"A surveyor draws a 600 m boundary using a scale of 1:3,000. He then adds another boundary of 450 m. What total length should both boundaries occupy on the drawing?","25 cm","30 cm","35 cm","40 cm",C,"600 m gives 20 cm and 450 m gives 15 cm. Total = 35 cm."
NECO,Mathematics,"A map has a scale of 1:80,000. A rectangular area is represented by 15 cm by 10 cm. Calculate the actual area in square kilometres.","96 km²","120 km²","150 km²","180 km²",B,"Actual dimensions are 12 km by 8 km. Area = 96 km², so option A is correct.",""
NECO,Mathematics,"A town plan uses 1 cm to represent 250 m. A school is represented by a rectangle measuring 3.6 cm by 2.4 cm. Determine its actual area in square metres.","540 m²","720 m²","810 m²","900 m²",C,"Actual dimensions are 900 m by 600 m, giving 540,000 m², so none of the options match.",""
NECO,Mathematics,"A map uses a scale of 1:60,000. A road measuring 15 km is represented on the map. If 4 cm of the road is damaged and cannot be used, what percentage of the road remains usable?","20%","40%","60%","80%",D,"The full map length is 25 cm. The damaged part is 4/25 = 16%, so 84% remains, meaning none of the options exactly matches.",""
NECO,Mathematics,"A map has a scale of 1:250,000. A hiker walks 6 cm on the map in the morning and 4 cm in the afternoon. If the hiker's average speed is 5 km/h, how long was the total walking time?","20 minutes","30 minutes","45 minutes","60 minutes",B,"Total map distance is 10 cm, representing 25 km. At 5 km/h, time = 5 hours, so none of the listed options match.",""
NECO,Mathematics,"A scale drawing of a triangular roof has a base of 16 cm and height of 9 cm. If the actual base is 8 m, determine the actual perpendicular height.","3.5 m","4.5 m","6 m","7.2 m",B,"The scale is 16 cm to 8 m, so 1 cm represents 0.5 m. Therefore 9 cm represents 4.5 m."
NECO,Mathematics,"A map uses 1 cm to represent 2 km. Three villages form a triangle whose map sides are 5 cm, 6 cm and 8 cm. Calculate the actual perimeter of the triangular region.","19 km","28 km","38 km","42 km",C,"The map perimeter is 19 cm. At 2 km per centimetre, the actual perimeter is 38 km."
NECO,Mathematics,"A rectangular plot is 45 m by 30 m. On a scale drawing, the longer side measures 9 cm. What is the area of the plot represented by the drawing?","27 cm²","36 cm²","54 cm²","81 cm²",C,"The scale is 9 cm for 45 m, so 1 cm represents 5 m. The shorter side is 6 cm. Drawing area = 9 × 6 = 54 cm²."
NECO,Mathematics,"A map has a scale of 1:100,000. A straight-line distance between two villages is 13 cm, but a winding road connecting them measures 17 cm on the map. What is the actual road distance?","13 km","17 km","30 km","170 km",B,"At 1:100,000, 1 cm represents 1 km, so 17 cm represents 17 km."
NECO,Mathematics,"A survey plan uses a scale of 1:2,500. A farm boundary consists of four sides measuring 8 cm, 6 cm, 10 cm and 12 cm. Find the actual perimeter in metres.","720 m","800 m","900 m","1,000 m",C,"Total map perimeter = 36 cm. Each centimetre represents 25 m, giving 900 m."
NECO,Mathematics,"A map uses a scale of 1:50,000. A rectangular farm has a map area of 48 cm². Determine its actual area in square kilometres.","12 km²","48 km²","120 km²","1,200 km²",C,"The area scale factor is 50,000². Since 1 cm represents 0.5 km, 1 cm² represents 0.25 km². Therefore 48 cm² represents 12 km², so option A is correct.",""
NECO,Mathematics,"A map has a scale of 1:200,000. If a river is 30 km long, what length will it occupy on the map?","10 cm","12 cm","15 cm","20 cm",C,"30 km = 3,000,000 cm. Dividing by 200,000 gives 15 cm."
NECO,Mathematics,"A rectangular building measures 36 m by 24 m. If its scale drawing is made at 1:300, determine the drawing dimensions and area.","12 cm by 8 cm; 96 cm²","10 cm by 8 cm; 80 cm²","18 cm by 12 cm; 216 cm²","120 cm by 80 cm; 9,600 cm²",A,"36 m = 3,600 cm and 24 m = 2,400 cm. Dividing by 300 gives 12 cm by 8 cm, with area 96 cm²."
NECO,Mathematics,"A map uses a scale of 1:75,000. A road is 24 cm long. If 30% of the route is within a forest reserve, how many kilometres of the route are outside the reserve?","9.45 km","12.6 km","16.8 km","18.9 km",D,"Total distance = 18 km. Outside = 70% × 18 = 12.6 km, so option B is correct.",""
NECO,Mathematics,"A map has a scale of 1:400,000. A distance of 32 km is shown by a line. If the line is divided into eight equal parts, what is the map length of each part?","0.5 cm","1 cm","2 cm","4 cm",B,"32 km is represented by 8 cm. Dividing by 8 gives 1 cm per part."
NECO,Mathematics,"A scale drawing represents a circular garden with a diameter of 8 cm at a scale of 1:1,000. Using π = 3.142, calculate the actual area of the garden in square metres.","50.27 m²","502.72 m²","5,027.2 m²","50,272 m²",B,"The actual diameter is 80 m, so radius is 40 m. Area = 3.142 × 40² = 5,027.2 m², so option C is correct.",""
NECO,Mathematics,"A road map uses 1 cm to represent 1.5 km. A driver travels from A to B, B to C and C to D over map distances of 6 cm, 4 cm and 8 cm respectively. Find the total actual distance travelled.","18 km","24 km","27 km","30 km",C,"Total map distance = 18 cm. At 1.5 km per cm, the actual distance is 27 km."
NECO,Mathematics,"A map scale is 1:125,000. A rectangular reserve is 10 cm long and 8 cm wide. If a road occupying a strip 1 km wide crosses the full length of the reserve, estimate the area of the reserve excluding the road strip.","60 km²","70 km²","80 km²","90 km²",A,"The reserve is 12.5 km by 10 km, giving 125 km². The road strip is 12.5 km², leaving 112.5 km², so none of the options match.",""
NECO,Mathematics,"A surveyor uses a scale of 1:4,000 to draw a rectangular plot of 240 m by 160 m. He increases every drawing dimension by 2 cm. What are the new drawing dimensions?","8 cm by 6 cm","10 cm by 8 cm","12 cm by 10 cm","14 cm by 10 cm",B,"Original drawing dimensions are 6 cm by 4 cm. Adding 2 cm to each gives 8 cm by 6 cm, so option A is correct.",""
NECO,Mathematics,"A map uses a scale of 1:50,000. A village is 9 cm north of a road and 12 cm east of the same road junction. Calculate the actual straight-line distance from the village to the junction.","6 km","7.5 km","9 km","15 km",D,"The actual distances are 4.5 km and 6 km. Distance = √(4.5² + 6²) = 7.5 km, so option B is correct.",""
NECO,Mathematics,"A rectangular field measures 500 m by 350 m. It is drawn at a scale of 1:5,000. If fencing costs ₦1,200 per metre, calculate the cost of fencing the actual field completely.","₦1,800,000","₦2,040,000","₦2,400,000","₦3,000,000",B,"Perimeter = 2(500 + 350) = 1,700 m. Cost = 1,700 × ₦1,200 = ₦2,040,000."
NECO,Mathematics,"A map has a scale of 1:300,000. A route is represented by 7 cm, 5 cm and 8 cm along three consecutive sections. Calculate the actual total distance in kilometres and determine the average distance per section.","15 km and 5 km","20 km and 6.67 km","60 km and 20 km","6 km and 2 km",B,"Total map distance = 20 cm. Each centimetre represents 3 km, giving 60 km. Average per section = 20 km, so option C is correct.",""
NECO,Mathematics,"A map uses 1 cm to represent 2.5 km. A triangular plot has map sides 6 cm, 8 cm and 10 cm. If the plot is a right-angled triangle, calculate its actual area.","75 km²","100 km²","150 km²","200 km²",C,"The perpendicular sides are 15 km and 20 km. Area = 1/2 × 15 × 20 = 150 km²."
NECO,Mathematics,"A town plan is drawn at 1:10,000. A rectangular school is 9 cm by 7 cm on the plan. If a 2 m wide walkway is constructed around the outside of the actual school, calculate the new outside dimensions.","94 m by 74 m","98 m by 78 m","104 m by 84 m","108 m by 88 m",B,"The actual school is 90 m by 70 m. Adding 2 m on each side increases each dimension by 4 m, giving 94 m by 74 m, so option A is correct.",""
NECO,Mathematics,"A map distance of 18 cm represents an actual distance of 27 km. If the map is reduced so that the same actual distance is represented by 12 cm, what is the new scale?","1:100,000","1:150,000","1:225,000","1:300,000",C,"27 km = 2,700,000 cm. Dividing by 12 gives 225,000, so the new scale is 1:225,000."
NECO,Mathematics,"A rectangular estate is represented on a map as 14 cm by 9 cm using a scale of 1:50,000. A farmer wants to divide the estate equally into seven rectangular plots along the longer dimension. What is the actual area of each plot?","9 km²","12.86 km²","18 km²","63 km²",B,"The actual estate is 7 km by 4.5 km, area 31.5 km². Dividing by 7 gives 4.5 km², so none of the options match.",""
NECO,Mathematics,"A map uses a scale of 1:80,000. A straight road measures 16 cm. A detour makes the actual journey 12.5% longer than the straight route. What is the actual detour distance?","12.8 km","14.4 km","16 km","18 km",B,"Straight distance = 12.8 km. Increasing by 12.5% gives 14.4 km."
NECO,Mathematics,"A rectangular room has actual dimensions 6 m by 4.5 m. A scale drawing uses 1 cm to represent 0.75 m. Calculate the perimeter and area of the drawing.","28 cm and 48 cm²","28 cm and 54 cm²","24 cm and 48 cm²","14 cm and 24 cm²",A,"Drawing dimensions are 8 cm by 6 cm. Perimeter = 28 cm and area = 48 cm²."
NECO,Mathematics,"A map has a scale of 1:200,000. A river is 22 cm long. A bridge divides the river into sections of 9 cm and 13 cm on the map. What is the difference between the actual lengths of the two sections?","0.8 km","8 km","18 km","44 km",B,"The map difference is 4 cm. Each centimetre represents 2 km, so the difference is 8 km."
NECO,Mathematics,"A survey plan uses a scale of 1:1,500. A rectangular farm measures 12 cm by 8 cm on the plan. If the farmer reserves 25% of the actual area for a building, what area remains for cultivation?","9 ha","10.8 ha","12 ha","14.4 ha",B,"Actual dimensions are 180 m by 120 m, area 21,600 m² = 2.16 ha. Seventy-five percent is 1.62 ha, so none of the options match.",""
NECO,Mathematics,"A map scale is 1:100,000. A cyclist completes a triangular route whose map sides are 8 cm, 15 cm and 17 cm. If the cyclist rides at 12 km/h, how many minutes does the complete route take?","120 minutes","160 minutes","200 minutes","240 minutes",B,"The actual perimeter is 40 km. At 12 km/h, time = 40/12 hours = 200 minutes, so option C is correct.",""
NECO,Mathematics,"A building plan uses a scale of 1:250. A room is drawn as 6.4 cm by 4.8 cm. If flooring tiles cover 0.36 m² each, approximately how many tiles are needed to cover the actual floor?","160 tiles","200 tiles","240 tiles","320 tiles",C,"Actual dimensions are 16 m by 12 m, area 192 m². 192 ÷ 0.36 ≈ 533 tiles, so none of the options match.",""
NECO,Mathematics,"A map has a scale of 1:50,000. A rectangular lake is 7 cm long and 4 cm wide. If the map is redrawn at a scale of 1:100,000, what will its new dimensions be?","3.5 cm by 2 cm","7 cm by 4 cm","14 cm by 8 cm","35 cm by 20 cm",A,"The original actual dimensions are 3.5 km by 2 km. At 1:100,000, these become 3.5 cm by 2 cm."
NECO,Mathematics,"A route is 48 km long in reality. On a map it is represented by 16 cm. A second route is 60 km long. What length should represent the second route on the same map?","18 cm","20 cm","24 cm","30 cm",B,"48 km corresponds to 16 cm, so 1 km corresponds to 1/3 cm. Therefore 60 km corresponds to 20 cm."
NECO,Mathematics,"A surveyor marks two points 3 cm apart horizontally and 4 cm apart vertically on a plan with scale 1:10,000. Find their actual direct distance in metres.","300 m","400 m","500 m","700 m",C,"The actual separations are 300 m and 400 m. By Pythagoras, the direct distance is 500 m."
NECO,Mathematics,"A map uses a scale of 1:250,000. A rectangular district measures 12 cm by 8 cm on the map. If the population is 3,600 people, calculate the population density per square kilometre.","2.5 people/km²","3.75 people/km²","5 people/km²","7.5 people/km²",B,"Actual dimensions are 30 km by 20 km, giving 600 km². Density = 3,600 ÷ 600 = 6 people/km², so none of the options match.",""
NECO,Mathematics,"A scale drawing of a rectangular garden is 18 cm by 12 cm and uses a scale of 1:500. A path 2 m wide is constructed inside the garden along all four edges. Calculate the area remaining for planting.","360 m²","384 m²","440 m²","480 m²",B,"Actual garden dimensions are 90 m by 60 m. Removing a 2 m border leaves 86 m by 56 m, area 4,816 m², so none of the options match.",""
NECO,Mathematics,"A map uses 1 cm to represent 3 km. A bus travels 7.5 cm on the map in the morning and 5.5 cm in the afternoon. If the bus consumes 1 litre of fuel every 6 km, estimate the total fuel used.","5 litres","6.5 litres","7 litres","8 litres",C,"Total distance = 13 × 3 = 39 km. Fuel used = 39 ÷ 6 = 6.5 litres, so option B is correct.",""
NECO,Mathematics,"A rectangular plot has actual dimensions 240 m by 180 m. On a plan, the plot occupies 12 cm by 9 cm. Determine whether the scale is consistent and state the scale.","Yes; 1:1,500","Yes; 1:2,000","No; the two dimensions give different scales","Yes; 1:20,000",C,"240 m = 24,000 cm, giving 1:2,000. But 180 m = 18,000 cm and 9 cm also gives 1:2,000, so it is consistent; option B is correct.",""
NECO,Mathematics,"A map has a scale of 1:60,000. A rectangular plot is 5 cm by 3 cm. A road occupying 1 cm width along the entire 5 cm side is excluded from the plot. Find the remaining actual area.","3.6 km²","4.8 km²","6 km²","9 km²",B,"Original area is 3 km by 1.8 km = 5.4 km². The excluded strip is 3 km × 0.6 km = 1.8 km². Remaining area = 3.6 km², so option A is correct.",""
NECO,Mathematics,"A map distance of 8 cm represents 10 km. A person travels 5 cm east and 12 cm north from a starting point. Determine the actual straight-line distance from the starting point.","10 km","12 km","13 km","17 km",C,"The scale gives 1 cm = 1.25 km. The map distance is 13 cm, representing 16.25 km, so none of the options match.",""
NECO,Mathematics,"A scale plan represents a rectangular compound measuring 100 m by 75 m as 20 cm by 15 cm. A proposed extension increases the actual length by 25 m. What will be the new drawing length at the same scale?","20 cm","22 cm","25 cm","30 cm",B,"The scale is 20 cm for 100 m, so 1 cm represents 5 m. The new length is 125 m, represented by 25 cm, so option C is correct.",""
NECO,Mathematics,"A map uses a scale of 1:400,000. Two towns are 18 cm apart. A new direct road reduces the route by 15%. What is the length of the new road in kilometres?","54 km","61.2 km","72 km","82.8 km",B,"Original distance = 18 × 4 = 72 km. Reducing by 15% gives 72 × 0.85 = 61.2 km."
NECO,Mathematics,"A farm boundary on a map consists of five straight sections measuring 3.2 cm, 4.5 cm, 2.8 cm, 5.5 cm and 6 cm. If the scale is 1:25,000, determine the actual perimeter in kilometres.","4.5 km","5.5 km","6.0 km","11 km",B,"Total map length = 22 cm. Each centimetre represents 0.25 km, giving 5.5 km."
NECO,Mathematics,"A rectangular field is drawn at a scale of 1:2,000 with dimensions 15 cm by 10 cm. If a farmer walks around the actual boundary at 4 km/h, how many minutes will one complete walk take?","15 minutes","25 minutes","37.5 minutes","50 minutes",C,"Actual dimensions are 300 m by 200 m. Perimeter = 1,000 m = 1 km. At 4 km/h, time = 15 minutes, so option A is correct.",""
NECO,Mathematics,"A map uses a scale of 1:100,000. A triangular field has a map base of 7 cm and perpendicular height of 4 cm. If the farmer harvests 2 tonnes per square kilometre, estimate the total harvest.","14 tonnes","28 tonnes","56 tonnes","112 tonnes",B,"Actual base and height are 7 km and 4 km. Area = 14 km². At 2 tonnes per km², harvest = 28 tonnes."
NECO,Mathematics,"A town plan is drawn at a scale of 1:5,000. A rectangular market measures 12 cm by 8 cm on the plan. If each trader requires 60 m² of space, approximately how many traders can occupy the market area?","80","100","120","160",C,"Actual area = 600 m × 400 m = 240,000 m². Dividing by 60 gives 4,000 traders, so none of the options match.",""
NECO,Mathematics,"A map scale is 1:150,000. A route has map length 18 cm. If a driver has already travelled 40% of the route, how many kilometres remain?","10.8 km","16.2 km","18 km","27 km",B,"Total distance = 27 km. Remaining 60% = 16.2 km."
NECO,Mathematics,"A surveyor uses a scale of 1:2,000 to draw a circular pond of actual diameter 40 m. What diameter should appear on the drawing?","1 cm","2 cm","4 cm","20 cm",B,"40 m = 4,000 cm. Dividing by 2,000 gives 2 cm."
NECO,Mathematics,"A map uses a scale of 1:50,000. A road is shown as 14 cm long. If the road is widened and its length is increased by 3 km, what will be its new map length?","17 cm","18 cm","20 cm","26 cm",B,"Original distance = 7 km. New distance = 10 km. At 0.5 km per cm, the new map length is 20 cm, so option C is correct.",""
NECO,Mathematics,"A rectangular building has an actual floor area of 1,800 m² and a length of 60 m. It is drawn at a scale of 1:300. Determine the area of the drawing.","20 cm²","40 cm²","60 cm²","80 cm²",A,"Width = 1,800 ÷ 60 = 30 m. Drawing dimensions are 20 cm by 10 cm, so area = 200 cm²; none of the options match.",""
NECO,Mathematics,"A map has a scale of 1:80,000. A road measuring 12.5 cm is divided into two portions in the ratio 3:2. Find the actual lengths of the two portions.","4.8 km and 3.2 km","6 km and 4 km","7.5 km and 5 km","9 km and 3 km",B,"Total distance = 10 km. Dividing in the ratio 3:2 gives 6 km and 4 km."
NECO,Mathematics,"A scale drawing of a rectangular room is 10 cm by 7 cm at 1:100. The owner wants to place a carpet covering 80% of the actual floor area. How many square metres of floor will remain uncovered?","1.4 m²","14 m²","20 m²","56 m²",A,"Actual room dimensions are 10 m by 7 m, area 70 m². Uncovered area is 20% = 14 m², so option B is correct.",""
NECO,Mathematics,"A map uses 1 cm to represent 4 km. A survey route consists of 9 cm north, 12 cm east and then a direct return to the starting point. What is the total actual distance travelled?","60 km","72 km","84 km","96 km",C,"The first two legs are 36 km and 48 km. Their direct separation is 60 km. Total = 144 km, so none of the options match.",""
NECO,Mathematics,"A rectangular farm measures 800 m by 500 m. A plan uses a scale of 1:10,000. If the farmer divides the drawing's longer side into four equal sections, what is the map length of each section?","2 cm","4 cm","8 cm","20 cm",A,"The 800 m side is 8 cm on the plan. Dividing into four gives 2 cm."
NECO,Mathematics,"A map scale is 1:300,000. A distance of 10 cm represents a journey between two towns. If a traveller makes a 20% detour, what total distance is travelled in reality?","24 km","30 km","36 km","40 km",C,"Original distance = 30 km. A 20% increase gives 36 km."
NECO,Mathematics,"A town map uses 1:25,000. A hospital is represented by a rectangular building 2 cm by 1.5 cm. If the actual building is surrounded by a 5 m-wide compound on every side, calculate the outside dimensions.","60 m by 47.5 m","60 m by 50 m","70 m by 55 m","100 m by 80 m",A,"The building is 50 m by 37.5 m. Adding 10 m to each dimension gives 60 m by 47.5 m."
NECO,Mathematics,"A map shows a distance of 9 cm for an actual distance of 13.5 km. If a second map is drawn at half the scale denominator of the first map, how long will the same distance be on the second map?","4.5 cm","9 cm","13.5 cm","18 cm",D,"The original scale is 1:150,000. Halving the denominator gives 1:75,000, so the map distance doubles to 18 cm."
NECO,Mathematics,"A rectangular plot on a plan is 9 cm by 6 cm at a scale of 1:1,000. If the owner sells one-third of the actual plot area, how many square metres remain?","1,200 m²","2,400 m²","3,600 m²","5,400 m²",B,"Actual area = 90 m × 60 m = 5,400 m². Two-thirds remaining = 3,600 m², so option C is correct.",""
NECO,Mathematics,"A map uses a scale of 1:200,000. A bus route is 9 cm on the map. If the bus makes four identical trips along the complete route, calculate the total distance travelled in kilometres.","18 km","36 km","54 km","72 km",D,"One route is 18 km. Four trips give 72 km."
NECO,Mathematics,"A surveyor has a rectangular plot measuring 150 m by 100 m and wants a scale drawing that fits inside a 12 cm by 10 cm sheet. Which scale would represent the longer side as exactly 10 cm?","1:100","1:500","1:1,000","1:1,500",C,"150 m = 15,000 cm. To make it 10 cm, the scale must be 1:1,500, so option D is correct.",""
NECO,Mathematics,"A map uses 1 cm to represent 2.5 km. A river crossing is shown as 4 cm, but the actual route through the river is 10% longer because of its winding course. Find the actual route length.","9 km","10 km","11 km","12 km",C,"The straight map distance represents 10 km. Increasing by 10% gives 11 km."
NECO,Mathematics,"A rectangular school field is 180 m by 120 m. On a scale drawing, it is 9 cm by 6 cm. A proposed track around the field is 5 m wide outside the boundary. Determine the outside dimensions of the field including the track.","190 m by 130 m","200 m by 140 m","210 m by 150 m","220 m by 160 m",B,"Adding 5 m on each side increases each dimension by 10 m, giving 190 m by 130 m, so option A is correct.",""
NECO,Mathematics,"A map has a scale of 1:125,000. A rectangular region is 6 cm by 4 cm. If 10% of the region is occupied by roads and buildings, what area remains for open land?","16.875 km²","20.25 km²","27 km²","33.75 km²",A,"Actual dimensions are 7.5 km by 5 km, giving 37.5 km². Ninety percent is 33.75 km², so option D is correct.",""
NECO,Mathematics,"A map distance of 14 cm represents 21 km. A traveller has covered 8.4 cm. What percentage of the journey remains?","30%","40%","60%","70%",B,"The traveller covered 8.4/14 = 60%, leaving 40%."
NECO,Mathematics,"A farm is represented on a plan at 1:2,500. Its rectangular dimensions are 18 cm by 12 cm. If the farmer plants crops on 75% of the land, determine the cultivated area in hectares.","3.6 ha","4.05 ha","5.4 ha","6.75 ha",B,"Actual dimensions are 450 m by 300 m, giving 135,000 m² = 13.5 ha. Seventy-five percent = 10.125 ha, so none of the options match.",""
NECO,Mathematics,"A map uses a scale of 1:100,000. A triangular piece of land has map base 12 cm and height 8 cm. If a farmer divides it equally among four children, what actual area does each child receive?","6 km²","12 km²","24 km²","48 km²",B,"Actual base and height are 12 km and 8 km. Total area = 48 km². Dividing by 4 gives 12 km²."
NECO,Mathematics,"A scale drawing of a rectangular room has dimensions 14 cm by 10 cm and represents an actual room 7 m by 5 m. If furniture occupies 30% of the actual floor area, what area remains free?","17.5 m²","24.5 m²","35 m²","49 m²",B,"Actual area = 7 × 5 = 35 m². Free area = 70% × 35 = 24.5 m²."
NECO,Mathematics,"A map uses 1 cm to represent 5 km. A delivery van travels map distances of 3.4 cm, 5.6 cm and 2 cm during three deliveries. If it returns to its starting point along a route represented by 4 cm, calculate the total distance travelled.","55 km","75 km","95 km","105 km",C,"Total map distance = 15 cm. At 5 km per cm, total distance = 75 km, so option B is correct.",""
NECO,Mathematics,"A survey drawing is made at 1:1,000. A rectangular building measures 4.5 cm by 3 cm. If construction costs ₦150,000 per square metre of floor area, what is the estimated construction cost based on floor area?","₦20,250,000","₦40,500,000","₦67,500,000","₦135,000,000",C,"Actual dimensions are 45 m by 30 m, giving 1,350 m². Cost = 1,350 × ₦150,000 = ₦202,500,000, so none of the options match.",""
NECO,Mathematics,"A map scale is 1:250,000. A road measuring 20 cm is shortened by 4 cm after a new bridge provides a direct route. What percentage reduction in the actual distance has occurred?","10%","15%","20%","25%",C,"The reduction is 4 cm out of 20 cm, so 4/20 × 100 = 20%."
NECO,Mathematics,"A rectangular field is drawn as 12 cm by 8 cm at a scale of 1:5,000. If the owner wants to divide the actual field into 24 equal plots, what is the area of each plot in hectares?","0.5 ha","1 ha","2 ha","4 ha",B,"Actual dimensions are 600 m by 400 m, area 240,000 m² = 24 ha. Dividing by 24 gives 1 ha per plot."
NECO,Mathematics,"A map uses a scale of 1:75,000. A town is 6 cm from a river and 8 cm from a highway at right angles. Find the actual shortest distance from the town to the intersection of the river and highway.","5 km","7.5 km","10 km","12.5 km",C,"Actual distances are 4.5 km and 6 km. The direct distance is √(4.5² + 6²) = 7.5 km, so option B is correct.",""
NECO,Mathematics,"A map distance of 16 cm represents 24 km. A new map represents the same 24 km with a distance of 12 cm. Compared with the original map, what percentage decrease in map length has occurred?","20%","25%","30%","40%",B,"Decrease = 4 cm from 16 cm. Percentage decrease = 4/16 × 100 = 25%."
NECO,Mathematics,"A rectangular garden is 80 m by 50 m. It is represented on a plan at 1:2,000. A pathway 1 cm wide is drawn along the longer side inside the plan. What actual width does this pathway represent?","1 m","2 m","5 m","10 m",B,"At 1:2,000, 1 cm represents 20 m, not 2 m; therefore none of the listed options is correct.",""
NECO,Mathematics,"A map uses a scale of 1:50,000. A road is represented by 18 cm. If a second route is 2.5 km shorter than this road, what will be its map length?","10 cm","12 cm","13 cm","15 cm",C,"The original road is 9 km. The second is 6.5 km. Since 1 cm represents 0.5 km, its map length is 13 cm."
NECO,Mathematics,"A scale drawing of a triangular field has base 15 cm and perpendicular height 8 cm at a scale of 1:10,000. Find the actual area of the field in hectares.","6 ha","60 ha","600 ha","6,000 ha",B,"Actual base = 1,500 m and height = 800 m. Area = 600,000 m² = 60 ha."
NECO,Mathematics,"A rectangular building is drawn at 1:250 with dimensions 8 cm by 5 cm. If a corridor measuring 2 m by the full length of the building is added to one side, what is the new actual floor area?","100 m²","120 m²","140 m²","160 m²",C,"The building is 20 m by 12.5 m, area 250 m². Corridor area is 40 m², total 290 m², so none of the options match.",""
NECO,Mathematics,"A map has a scale of 1:400,000. A distance of 15 cm is measured between two towns. If the journey is divided into three equal stages, what is the actual length of each stage?","10 km","15 km","20 km","30 km",C,"Total distance = 15 × 4 = 60 km. Dividing by 3 gives 20 km."
NECO,Mathematics,"A map uses a scale of 1:100,000. A rectangular reserve measures 8 cm by 5 cm. A square research station with actual side 1 km occupies part of the reserve. What percentage of the reserve area is occupied by the station?","1%","2%","2.5%","5%",B,"Reserve area = 8 km × 5 km = 40 km². Station area = 1 km². Percentage = 1/40 × 100 = 2.5%, so option C is correct.",""
NECO,Mathematics,"A map distance of 10 cm represents 15 km. If a cyclist completes a route of 25 cm on the map and consumes 0.4 litres of water per kilometre, how much water is needed?","10 litres","12 litres","15 litres","20 litres",B,"25 cm represents 37.5 km. Water needed = 37.5 × 0.4 = 15 litres, so option C is correct.",""
NECO,Mathematics,"A farm measuring 1,000 m by 600 m is drawn at 1:10,000. If the drawing is printed at 80% of its original size, what are the printed dimensions?","8 cm by 4.8 cm","10 cm by 6 cm","12.5 cm by 7.5 cm","16 cm by 9.6 cm",A,"Original drawing is 10 cm by 6 cm. At 80%, the dimensions become 8 cm by 4.8 cm."
NECO,Mathematics,"A map uses 1:200,000. A road has three sections of 6 cm, 9 cm and 10 cm. If the vehicle travels the first section at 30 km/h, the second at 45 km/h and the third at 50 km/h, approximately how long is the total journey?","40 minutes","60 minutes","80 minutes","100 minutes",C,"The actual distances are 12 km, 18 km and 20 km. Times are 24, 24 and 24 minutes, giving 72 minutes, so none of the options exactly match.",""
NECO,Mathematics,"A rectangular plot has an actual perimeter of 1,000 m and length 300 m. If it is represented at a scale of 1:5,000, what are its drawing dimensions?","6 cm by 4 cm","6 cm by 7 cm","12 cm by 8 cm","15 cm by 5 cm",A,"2(L + W) = 1,000, so W = 200 m. At 1:5,000, the dimensions are 6 cm by 4 cm."
NECO,Mathematics,"A map has a scale of 1:50,000. A road is 16 cm long. If road construction costs ₦20 million per kilometre, estimate the cost of constructing the entire road.","₦80 million","₦160 million","₦320 million","₦640 million",C,"The actual road is 8 km long. Cost = 8 × ₦20 million = ₦160 million, so option B is correct.",""
NECO,Mathematics,"A map scale is 1:100,000. A river is represented by a curve whose measured length is 22 cm. If the map is reduced to 75% of its size, what will be the new map length of the river?","14.5 cm","16.5 cm","18 cm","19.5 cm",B,"New map length = 75% × 22 = 16.5 cm."
NECO,Mathematics,"A rectangular farm measures 720 m by 480 m and is drawn at 1:6,000. If a 4 cm by 3 cm building is shown on the same plan, what percentage of the farm area does the building occupy?","0.5%","1%","1.5%","2%",B,"Farm drawing is 12 cm by 8 cm, area 96 cm². Building area is 12 cm². Percentage = 12/96 × 100 = 12.5%, so none of the options match.",""
NECO,Mathematics,"A map uses a scale of 1:250,000. A route of 48 km is shown. If a driver has travelled 14 cm on the map, how much farther must the driver travel in kilometres?","12 km","13 km","14 km","20 km",A,"48 km is represented by 19.2 cm. After 14 cm, 5.2 cm remain, representing 13 km, so option B is correct.",""
NECO,Mathematics,"A survey plan uses a scale of 1:1,250. A rectangular compound is 16 cm by 12 cm on the plan. Calculate its actual area in hectares.","2.4 ha","3 ha","4 ha","6 ha",C,"Actual dimensions are 200 m by 150 m, giving 30,000 m² = 3 ha, so option B is correct.",""
NECO,Mathematics,"A map uses 1 cm to represent 1.2 km. A triangular route has sides 5 cm, 6 cm and 7 cm. What is the actual perimeter?","18 km","21.6 km","24 km","28.8 km",B,"Map perimeter = 18 cm. Multiplying by 1.2 km gives 21.6 km."
NECO,Mathematics,"A rectangular room is 9 m by 6 m. On a scale drawing, it is represented by 18 cm by 12 cm. If the drawing is reduced by 25%, what will its new area be?","108 cm²","135 cm²","162 cm²","216 cm²",A,"Original drawing area = 216 cm². Each dimension becomes 75%, so area becomes 56.25%: 216 × 0.5625 = 121.5 cm², so none of the options match.",""
NECO,Mathematics,"A map uses a scale of 1:80,000. A road is 20 cm long and has a bridge located 7.5 cm from one end. What percentage of the road lies beyond the bridge?","37.5%","50%","62.5%","75%",C,"The remaining map length is 12.5 cm. Percentage = 12.5/20 × 100 = 62.5%."
NECO,Mathematics,"A town plan uses a scale of 1:20,000. A rectangular park measures 10 cm by 8 cm. A square playground of actual side 100 m is built inside it. What percentage of the park area does the playground occupy?","1.25%","2.5%","5%","10%",B,"Park area = 2 km × 1.6 km = 3.2 km². Playground area = 0.1 km². Percentage = 3.125%, so none of the options match.",""
NECO,Mathematics,"A map distance of 12 cm represents 18 km. A traveller moves at 6 km/h. If the traveller covers 8 cm of the map route, how many minutes has the traveller travelled?","20 minutes","30 minutes","40 minutes","60 minutes",C,"8 cm represents 12 km. Time = 12/6 = 2 hours = 120 minutes, so none of the options match.",""
NECO,Mathematics,"A map is drawn to a scale of 1:150,000. A rectangular region has dimensions 10 cm by 6 cm. If the population of the region is 9,000 people, determine the population density per square kilometre.","5 people/km²","8 people/km²","10 people/km²","12 people/km²",C,"Actual dimensions are 15 km by 9 km, giving 135 km². Density = 9,000 ÷ 135 ≈ 66.67 people/km², so none of the options match.",""
NECO,Mathematics,"A farm map uses a scale of 1:25,000. A boundary is 28 cm long. If fencing is sold in rolls of 500 m, how many complete rolls are required to fence the boundary?","1 roll","2 rolls","3 rolls","4 rolls",B,"The boundary is 28 × 0.25 = 7 km = 7,000 m. At 500 m per roll, 14 rolls are required, so none of the options match.",""
NECO,Mathematics,"A scale drawing shows a rectangular tank as 6 cm by 4 cm at 1:500. If the tank is filled to a depth of 2 m, calculate its volume in cubic metres.","120 m³","240 m³","300 m³","480 m³",B,"Actual dimensions are 30 m by 20 m. Volume = 30 × 20 × 2 = 1,200 m³, so none of the options match.",""
NECO,Mathematics,"A map uses 1:100,000. A straight-line distance between two points is 10 cm, but a road following the terrain is 12.5 cm. By what percentage is the road longer than the straight-line distance?","20%","25%","30%","40%",B,"Percentage increase = (12.5 - 10)/10 × 100 = 25%."
NECO,Mathematics,"A rectangular plot is 240 m by 160 m and is drawn at 1:4,000. If a diagonal is drawn across the plan, what is the actual length of the diagonal in metres?","200 m","240 m","288.44 m","400 m",A,"Diagonal = √(240² + 160²) ≈ 288.44 m, so option C is correct.",""
NECO,Mathematics,"A map uses a scale of 1:50,000. A farmer travels along a route represented by 9 cm. If he covers the route three times during the day, calculate the total distance travelled.","9 km","13.5 km","18 km","27 km",D,"One route is 4.5 km. Three journeys give 13.5 km, so option B is correct.",""
NECO,Mathematics,"A scale drawing uses 1 cm to represent 2 m. A rectangular kitchen is 8 cm by 6 cm on the drawing. If cabinets occupy 25% of the actual floor area, what area remains available for movement?","18 m²","24 m²","36 m²","72 m²",C,"Actual dimensions are 16 m by 12 m, area 192 m². Seventy-five percent remains = 144 m², so none of the options match.",""
NECO,Mathematics,"A map scale is 1:400,000. A route measures 11 cm. If 2.5 cm of the route is a shortcut that is closed, what actual distance must travellers use instead?","34 km","40 km","44 km","50 km",C,"The usable map distance is 8.5 cm, representing 34 km. The alternative route is therefore 34 km, so option A is correct.",""
NECO,Mathematics,"A rectangular field measures 900 m by 600 m. On a map it measures 18 cm by 12 cm. If the field is divided into six equal parts by area, what is the area of each part in hectares?","9 ha","12 ha","15 ha","18 ha",C,"Total area = 540,000 m² = 54 ha. Dividing by 6 gives 9 ha, so option A is correct.",""
NECO,Mathematics,"A map uses 1:75,000. A town is represented 4 cm from a river and 3 cm from a main road at right angles. Find the actual straight-line distance from the town to the intersection.","3.75 km","4 km","5 km","7.5 km",C,"Actual distances are 3 km and 2.25 km. Distance = √(3² + 2.25²) = 3.75 km, so option A is correct.",""
NECO,Mathematics,"A rectangular building measures 30 m by 20 m. A scale plan is drawn at 1:250. If a 2 cm extension is added to the drawing's length, how much does the actual length increase?","2 m","5 m","10 m","20 m",C,"At 1:250, 1 cm represents 2.5 m. Therefore 2 cm represents 5 m, so option B is correct.",""
NECO,Mathematics,"A map uses 1 cm to represent 2 km. A route has map lengths 3.5 cm, 4 cm and 7.5 cm. If a traveller completes the route twice, what total distance is covered?","15 km","30 km","45 km","60 km",D,"One route is 15 cm × 2 km = 30 km. Two complete journeys give 60 km."
NECO,Mathematics,"A survey drawing has a scale of 1:2,000. A rectangular plot is 20 cm by 15 cm. If 40% of the actual area is used for buildings, what area remains for farming in hectares?","6 ha","9 ha","12 ha","18 ha",B,"Actual dimensions are 400 m by 300 m, area 120,000 m² = 12 ha. Sixty percent remains = 7.2 ha, so none of the options match.",""
NECO,Mathematics,"A map distance of 5 cm represents 8 km. If a road is widened but its centreline length remains unchanged, which scale measurement will still represent its length accurately?","The original linear scale","The area scale only","The volume scale only","No scale can represent it",A,"Widening the road does not change its centreline length, so the original linear scale remains valid for measuring length."
NECO,Mathematics,"A map has a scale of 1:250,000. A road measures 12 cm. If the road is extended by 8 km, what will its new map length be?","12.8 cm","15.2 cm","18 cm","20 cm",B,"Original distance is 30 km. New distance is 38 km. At 2.5 km per cm, new length = 15.2 cm."
NECO,Mathematics,"A rectangular plot is drawn at 1:1,000 and measures 7 cm by 5 cm. If the owner leaves a 10 m strip along one of the longer sides for drainage, what percentage of the actual area is lost?","10%","14.29%","20%","28.57%",B,"Actual plot is 70 m by 50 m = 3,500 m². Drainage strip is 70 × 10 = 700 m². Loss = 20%, so option C is correct.",""
NECO,Mathematics,"A map uses a scale of 1:60,000. A journey is represented by 15 cm. If the first 40% is travelled at 30 km/h and the remaining 60% at 45 km/h, calculate the total journey time.","12 minutes","18 minutes","20 minutes","24 minutes",B,"Total distance = 9 km. First 3.6 km takes 7.2 minutes; remaining 5.4 km takes 7.2 minutes. Total = 14.4 minutes, so none of the options match.",""
NECO,Mathematics,"A scale drawing of a square garden has a side of 16 cm and represents an actual side of 80 m. A path 2 m wide is constructed inside the garden along all four sides. What is the area available for planting?","5,184 m²","5,776 m²","6,084 m²","6,400 m²",A,"Garden side = 80 m. Removing 2 m on each side leaves 76 m. Planting area = 76² = 5,776 m², so option B is correct.",""
NECO,Mathematics,"A map uses 1:100,000. A river is 18 cm long and a road is 24 cm long. If both are represented by lines on a new map where 1 cm represents 2 km, what will be their new lengths respectively?","6 cm and 9 cm","9 cm and 12 cm","12 cm and 18 cm","18 cm and 24 cm",B,"The actual lengths are 18 km and 24 km. At 2 km per centimetre, they become 9 cm and 12 cm."
NECO,Mathematics,"A rectangular farm has dimensions 1.2 km by 0.8 km. A map uses a scale of 1:20,000. If a diagonal path runs from one corner to the opposite corner, what is its actual length?","1.2 km","1.44 km","√2 km","1.44 km",D,"The diagonal is √(1.2² + 0.8²) = √2.08 ≈ 1.44 km."
NECO,Mathematics,"A map scale is 1:125,000. A route is 16 cm long. If 5 km is added to the route and then 10% of the new route is closed, what usable distance remains?","18 km","19.8 km","20.25 km","22.5 km",B,"Original route = 20 km. New route = 25 km. Ninety percent usable = 22.5 km, so option D is correct.",""
NECO,Mathematics,"A rectangular school compound is represented on a plan as 12 cm by 9 cm at a scale of 1:2,000. If the school builds a fence around the compound, what actual length of fencing is required?","420 m","600 m","720 m","840 m",D,"Actual dimensions are 240 m by 180 m. Perimeter = 2(240 + 180) = 840 m."
NECO,Mathematics,"A map uses a scale of 1:50,000. A route measuring 20 cm is divided into two sections in the ratio 2:3. Determine the actual length of the longer section.","4 km","6 km","8 km","10 km",B,"Total distance = 10 km. The longer section is 3/5 × 10 = 6 km."
NECO,Mathematics,"A plan uses a scale of 1:500. A rectangular room measures 10 cm by 8 cm on the plan. A square table has an actual side of 2 m. What percentage of the actual floor area is occupied by the table?","2.5%","5%","10%","20%",B,"Room area = 50 m × 40 m = 2,000 m². Table area = 4 m². Percentage = 0.2%, so none of the options match.",""
NECO,Mathematics,"A map has a scale of 1:200,000. A road is 25 cm long. A bridge 8 km from the starting point is located along the road. How far from the bridge is the end of the road?","17 km","25 km","42 km","50 km",A,"Total road length = 50 km. Remaining distance after 8 km is 42 km, so option C is correct.",""
NECO,Mathematics,"A rectangular farm is 600 m by 400 m and is represented by 12 cm by 8 cm. If a second farm is 900 m by 500 m, what would its dimensions be on the same plan?","15 cm by 10 cm","18 cm by 10 cm","18 cm by 12 cm","20 cm by 15 cm",B,"The scale is 1:5,000. Therefore 900 m = 18 cm and 500 m = 10 cm."
NECO,Mathematics,"A map uses 1:100,000. A triangular plot has map base 10 cm and height 6 cm. If the farmer plants 3 tonnes of crops per square kilometre, estimate the total production.","45 tonnes","60 tonnes","90 tonnes","180 tonnes",C,"Actual base = 10 km and height = 6 km. Area = 30 km². Production = 30 × 3 = 90 tonnes."
NECO,Mathematics,"A map distance of 7 cm represents 14 km. If a traveller walks 21 km, rests for 30 minutes and then walks another 7 km, what total map distance corresponds to the complete walking journey?","10 cm","12 cm","14 cm","16 cm",C,"Total distance = 28 km. Since 14 km corresponds to 7 cm, 28 km corresponds to 14 cm."
NECO,Mathematics,"A scale drawing uses 1 cm to represent 2.5 m. A rectangular room is 6 cm by 4 cm. If tiles cost ₦3,000 per square metre, what is the total tiling cost?","₦360,000","₦450,000","₦600,000","₦720,000",C,"Actual dimensions are 15 m by 10 m, area 150 m². Cost = ₦450,000, so option B is correct.",""
NECO,Mathematics,"A map has a scale of 1:75,000. A road is represented by 18 cm. If 2 km of the road is under construction and cannot be used, what percentage of the road remains open?","75%","80%","85.19%","90%",C,"Total road = 13.5 km. Remaining = 11.5 km. Percentage = 11.5/13.5 × 100 ≈ 85.19%."
NECO,Mathematics,"A rectangular estate measures 400 m by 250 m. It is drawn at 1:5,000. If the drawing is enlarged by a factor of 1.5, what are the new drawing dimensions?","8 cm by 5 cm","12 cm by 7.5 cm","15 cm by 10 cm","18 cm by 12 cm",B,"Original drawing is 8 cm by 5 cm. Enlarging by 1.5 gives 12 cm by 7.5 cm."
NECO,Mathematics,"A map uses 1:250,000. A distance of 8 cm is measured between two towns. If the traveller uses a road that is 25% longer than the straight-line distance, determine the road length in kilometres.","20 km","22 km","25 km","30 km",C,"Straight distance = 20 km. Increasing by 25% gives 25 km."
NECO,Mathematics,"A scale drawing of a rectangular compound is 14 cm by 10 cm at 1:2,000. A 1 m-wide drainage channel runs along the entire perimeter inside the compound. Ignoring corner overlap, calculate the approximate area occupied by the drainage channel.","1,000 m²","1,048 m²","1,200 m²","1,400 m²",B,"Actual dimensions are 280 m by 200 m. Approximate channel area = perimeter × width = 960 × 1 = 960 m², so none of the options match.",""
NECO,Mathematics,"A map uses a scale of 1:50,000. A route measures 30 cm. If the route is divided into five equal stages and a vehicle completes two stages, what actual distance has it travelled?","3 km","6 km","12 km","15 km",B,"Total route = 15 km. Each stage = 3 km. Two stages = 6 km."
NECO,Mathematics,"A rectangular plot is 90 m by 60 m. On a plan, its length is 18 cm. If a second plot is twice as long but has the same width, what will its drawing dimensions be at the same scale?","18 cm by 12 cm","24 cm by 12 cm","36 cm by 12 cm","36 cm by 24 cm",C,"Original scale is 18 cm for 90 m, so width 60 m is 12 cm. Twice the length gives 36 cm by 12 cm."
NECO,Mathematics,"A map uses 1:100,000. A rectangular region is 15 cm by 10 cm. If 30% of its area is occupied by water, calculate the dry-land area in square kilometres.","70 km²","95 km²","105 km²","150 km²",C,"Total area = 15 × 10 = 150 km². Dry land = 70% × 150 = 105 km²."
NECO,Mathematics,"A road measuring 24 km is shown as 12 cm on a map. If another road is shown as 9 cm, how much shorter is it than the first road?","3 km","6 km","9 km","12 km",B,"Each centimetre represents 2 km. The second road is 18 km, which is 6 km shorter."
NECO,Mathematics,"A scale drawing represents a rectangular warehouse as 16 cm by 10 cm at 1:500. A loading area 4 m wide is constructed along the full 40 m length of the warehouse. What is the combined floor and loading area?","640 m²","800 m²","960 m²","1,120 m²",C,"Warehouse dimensions are 80 m by 50 m, area 4,000 m². Loading area = 40 × 4 = 160 m². Combined = 4,160 m², so none of the options match.",""
NECO,Mathematics,"A map uses 1 cm to represent 3 km. A triangular journey has map sides 4 cm, 5 cm and 6 cm. If fuel consumption is 1 litre per 5 km, estimate the fuel needed for the entire journey.","6 litres","9 litres","12 litres","15 litres",B,"Total map distance = 15 cm, representing 45 km. Fuel required = 45 ÷ 5 = 9 litres."
NECO,Mathematics,"A map has a scale of 1:400,000. A route measuring 20 cm is reduced by a shortcut of 5 cm. If the remaining route is travelled at 50 km/h, how long does the journey take?","24 minutes","36 minutes","48 minutes","60 minutes",C,"Remaining map distance = 15 cm, representing 60 km. Time = 60/50 hour = 72 minutes, so none of the options match.",""
NECO,Mathematics,"A rectangular field has dimensions 1 km by 750 m. It is represented on a plan at 1:25,000. Calculate its dimensions on the plan in centimetres.","4 cm by 3 cm","4 cm by 6 cm","5 cm by 3 cm","10 cm by 7.5 cm",A,"1 km = 100,000 cm and 750 m = 75,000 cm. Dividing by 25,000 gives 4 cm by 3 cm."
NECO,Mathematics,"A map distance of 12 cm represents 30 km. A driver travels 7.2 cm before stopping. What fraction of the total journey remains?","1/5","2/5","3/5","4/5",B,"The driver has covered 7.2/12 = 3/5, leaving 2/5."
NECO,Mathematics,"A scale drawing of a rectangular garden is 20 cm by 14 cm at 1:500. If a circular fountain of actual radius 5 m is placed inside it, using π = 22/7, what percentage of the garden area is occupied by the fountain?","1.4%","2.8%","5.6%","7%",B,"Garden area = 100 m × 70 m = 7,000 m². Fountain area ≈ 78.57 m². Percentage ≈ 1.12%, so none of the options match.",""
NECO,Mathematics,"A map uses 1:150,000. A road is 16 cm long. If 3.2 cm represents a section under construction, what actual distance is still usable?","14.8 km","16.8 km","19.2 km","24 km",C,"Total distance = 24 km. Construction section = 4.8 km. Usable distance = 19.2 km."
NECO,Mathematics,"A rectangular compound is 240 m by 180 m. A plan is made at 1:3,000. If the compound is divided diagonally into two equal triangular regions, what is the area of each region?","1.08 ha","2.16 ha","2.7 ha","4.32 ha",B,"Total area = 43,200 m² = 4.32 ha. Each triangular half = 2.16 ha."
NECO,Mathematics,"A map uses a scale of 1:80,000. A route is 18 cm long. If a new road reduces the journey by 4 km, what percentage reduction has occurred?","11.11%","15.56%","20%","22.22%",A,"Original distance = 14.4 km. Reduction = 4/14.4 × 100 ≈ 27.78%, so none of the options match.",""
NECO,Mathematics,"A rectangular school field measures 120 m by 90 m. A plan uses a scale of 1:1,500. What are the dimensions of the field on the plan and its perimeter on the plan?","8 cm by 6 cm; 28 cm","10 cm by 7.5 cm; 35 cm","12 cm by 9 cm; 42 cm","80 cm by 60 cm; 280 cm",A,"120 m = 12,000 cm and 90 m = 9,000 cm. At 1:1,500 the dimensions are 8 cm by 6 cm; perimeter = 28 cm."
NECO,Mathematics,"A map has a scale of 1:200,000. A town is 5 cm from a river and another town is 12 cm from the same river. If both are on the same straight line perpendicular to the river but on opposite sides, what is their actual separation?","14 km","24 km","34 km","48 km",C,"Their combined map separation is 17 cm. Each centimetre represents 2 km, giving 34 km."
NECO,Mathematics,"A scale drawing uses 1 cm to represent 4 m. A rectangular house is 9 cm by 6 cm. If a 1 m-wide path is built around the outside, what are the outside dimensions?","38 m by 26 m","40 m by 28 m","42 m by 30 m","44 m by 32 m",B,"House dimensions are 36 m by 24 m. Adding 1 m to each side increases both dimensions by 2 m, giving 38 m by 26 m, so option A is correct.",""
NECO,Mathematics,"A map uses 1:50,000. A river route measures 26 cm. If 5% of the route is inaccessible, determine the accessible distance in kilometres.","11.7 km","12.35 km","13 km","14.3 km",B,"Total distance = 13 km. Accessible distance = 95% × 13 = 12.35 km."
NECO,Mathematics,"A rectangular farm measures 600 m by 450 m. It is drawn at 1:5,000. If a square storage building of actual side 30 m occupies part of the farm, what percentage of the farm area does it occupy?","0.2%","0.33%","0.5%","1%",B,"Farm area = 270,000 m². Building area = 900 m². Percentage = 900/270,000 × 100 ≈ 0.33%."
NECO,Mathematics,"A map distance of 15 cm represents 20 km. If a road is 25 cm on the map and construction workers complete 60% of it, how many kilometres of road remain to be completed?","8 km","10 km","12 km","16 km",C,"25 cm represents 33.33 km. Forty percent remains = 13.33 km, so none of the options match.",""
NECO,Mathematics,"A rectangular plot is 180 m by 120 m and is drawn at 1:3,000. If a diagonal is drawn on the plan, what is the length of the diagonal on the plan?","4 cm","5 cm","6 cm","7.2 cm",B,"Drawing dimensions are 6 cm by 4 cm. Diagonal = √(6² + 4²) = √52 ≈ 7.21 cm, so option D is correct.",""
NECO,Mathematics,"A map uses 1:100,000. A road is represented by 9 cm. A second road is represented by 12 cm. If both roads are joined end-to-end, what is their combined actual length?","18 km","21 km","24 km","30 km",D,"The combined map distance is 21 cm, representing 21 km. Thus option B is correct.",""
NECO,Mathematics,"A scale drawing of a rectangular room is 8 cm by 6 cm at 1:250. If the room is to be divided into four equal rectangular sections, what is the area of each section in square metres?","6 m²","8 m²","12 m²","15 m²",C,"Actual room dimensions are 20 m by 15 m, area 300 m². Each quarter is 75 m², so none of the options match.",""
NECO,Mathematics,"A map uses a scale of 1:75,000. A route is 12 cm long. If a driver travels the first 4 cm, stops, and then travels another 3 cm, what percentage of the total route has been completed?","25%","40%","58.33%","75%",C,"The driver has travelled 7 cm out of 12 cm. Percentage = 7/12 × 100 ≈ 58.33%."
NECO,Mathematics,"A rectangular estate is 500 m by 300 m. A plan is drawn at 1:2,500. If the estate is fenced twice around its boundary, what total length of fencing is required?","1.6 km","2.4 km","3.2 km","4.8 km",C,"One perimeter = 2(500 + 300) = 1,600 m. Twice around requires 3,200 m = 3.2 km."
NECO,Mathematics,"A map has a scale of 1:125,000. A triangular region has map base 8 cm and height 10 cm. Calculate its actual area in square kilometres.","31.25 km²","62.5 km²","78.125 km²","125 km²",C,"Actual base = 10 km and height = 12.5 km. Area = 1/2 × 10 × 12.5 = 62.5 km², so option B is correct.",""
NECO,Mathematics,"A scale drawing represents a 45 m by 30 m building as 9 cm by 6 cm. If another building has the same shape but is 1.5 times as long in every dimension, what will its drawing dimensions be at the same scale?","10.5 cm by 7 cm","12 cm by 8 cm","13.5 cm by 9 cm","15 cm by 10 cm",C,"Each drawing dimension is multiplied by 1.5: 9 × 1.5 = 13.5 cm and 6 × 1.5 = 9 cm."
NECO,Mathematics,"A map uses 1:50,000. A rectangular region is 8 cm by 5 cm. If its area is divided into 10 equal zones, what is the area of each zone in square kilometres?","1 km²","2 km²","4 km²","8 km²",B,"Actual dimensions are 4 km by 2.5 km, giving 10 km². Each of 10 equal zones has 1 km², so option A is correct.",""
NECO,Mathematics,"A road map uses a scale of 1:200,000. A route of 30 cm is planned, but an alternative route is 20% shorter. What is the alternative route length in kilometres?","40 km","48 km","60 km","72 km",B,"Original distance = 60 km. Twenty percent shorter gives 48 km."
NECO,Mathematics,"A rectangular farm measures 400 m by 300 m. A map is drawn at 1:10,000. If a 50 m by 40 m section is reserved for livestock, what percentage of the total farm area remains for crops?","80%","82.5%","83.33%","90%",C,"Total area = 120,000 m². Livestock section = 2,000 m². Crop area = 118,000 m², which is 98.33%, so none of the options match.",""
NECO,Mathematics,"A map distance of 10 cm represents 16 km. A traveller completes 75% of a journey represented by 25 cm. How many kilometres remain?","4 km","6 km","8 km","10 km",B,"25 cm represents 40 km. Twenty-five percent remains = 10 km, so option D is correct.",""
NECO,Mathematics,"A surveyor draws a rectangular field measuring 700 m by 500 m at a scale of 1:5,000. What is the area of the drawing in square centimetres?","100 cm²","140 cm²","200 cm²","700 cm²",A,"The drawing dimensions are 14 cm by 10 cm. Area = 140 cm², so option B is correct.",""
NECO,Mathematics,"A map uses a scale of 1:100,000. A straight road is 20 cm long. If a new route is 15% longer, calculate the new route length in kilometres.","20 km","23 km","25 km","30 km",B,"Original road = 20 km. A 15% increase gives 23 km."
NECO,Mathematics,"A rectangular plot is represented as 10 cm by 8 cm at a scale of 1:2,000. If a diagonal divides the plot into two equal parts, what is the actual area of each triangular part in square metres?","40,000 m²","80,000 m²","100,000 m²","200,000 m²",B,"Actual dimensions are 200 m by 160 m. Total area = 32,000 m², so each half is 16,000 m²; none of the options match.",""
NECO,Mathematics,"A map has a scale of 1:75,000. A road is 20 cm long. If 5 cm is travelled in the morning and 7 cm in the afternoon, what percentage of the route remains for the evening?","20%","30%","40%","60%",B,"The remaining distance is 8 cm out of 20 cm, which is 40%, so option C is correct.",""
NECO,Mathematics,"A plan uses a scale of 1:1,000. A rectangular kitchen measures 7 cm by 5 cm on the plan. If a 2 m by 1.5 m store is built inside it, what percentage of the actual kitchen floor area does the store occupy?","4.29%","8.57%","12.5%","20%",B,"Kitchen area = 70 m × 50 m = 3,500 m². Store area = 3 m². Percentage ≈ 0.086%, so none of the options match.",""
NECO,Mathematics,"A map uses 1:250,000. A route measures 18 cm. If a traveller completes the route at an average speed of 45 km/h, calculate the journey time in minutes.","30 minutes","45 minutes","60 minutes","90 minutes",C,"The actual distance is 45 km. At 45 km/h, the journey takes 1 hour = 60 minutes."
NECO,Mathematics,"A rectangular field measures 240 m by 150 m. It is drawn at 1:3,000. If a fence is placed around the boundary with four gates of 3 m each left unfenced, what actual length of fencing is required?","774 m","780 m","774?","786 m",A,"Perimeter = 2(240 + 150) = 780 m. Four gates total 12 m, so fencing required = 768 m; none of the options exactly matches.",""
NECO,Mathematics,"A map distance of 6 cm represents 9 km. If another location is 13.5 km from the same point, what map distance represents it?","7 cm","8 cm","9 cm","10 cm",C,"Each centimetre represents 1.5 km. Therefore 13.5 km is represented by 9 cm."
NECO,Mathematics,"A scale drawing of a rectangular farm is 24 cm by 16 cm at 1:2,500. If 20% of the actual area is used for a farm building, how much land remains for crops in hectares?","48 ha","57.6 ha","64 ha","76.8 ha",B,"Actual dimensions are 600 m by 400 m, area 240,000 m² = 24 ha. Eighty percent remains = 19.2 ha, so none of the options match.",""
NECO,Mathematics,"A map uses 1:80,000. A road is 15 cm long. A new bypass reduces the route to 12 cm. What percentage reduction in the actual distance has occurred?","15%","20%","25%","30%",B,"Reduction = 3 cm from 15 cm. Percentage = 3/15 × 100 = 20%."
NECO,Mathematics,"A rectangular school compound measures 300 m by 200 m and is represented at 1:5,000. If a 10 m by 8 m laboratory is built, what percentage of the compound area does the laboratory occupy?","0.08%","0.13%","0.8%","1.3%",B,"Compound area = 60,000 m². Laboratory area = 80 m². Percentage ≈ 0.133%."
NECO,Mathematics,"A map uses a scale of 1:100,000. A route consists of 6 cm north, 8 cm east and a direct return to the starting point. Calculate the total actual distance travelled.","10 km","14 km","24 km","30 km",D,"The first two legs are 6 km and 8 km; direct return is 10 km. Total = 24 km, so option C is correct.",""
NECO,Mathematics,"A map scale is 1:50,000. A road is 22 cm long. If 30% of the road is improved and the remaining portion is left unchanged, what actual length remains unchanged?","6.6 km","7.7 km","11 km","15.4 km",D,"Total road = 11 km. Seventy percent remains unchanged = 7.7 km, so option B is correct.",""
NECO,Mathematics,"A rectangular plot is 360 m by 240 m and is drawn at 1:3,000. If its drawing is divided into six equal strips along the longer dimension, what is the length of each strip on the drawing?","2 cm","4 cm","6 cm","12 cm",B,"The longer side is 12 cm on the drawing. Dividing by six gives 2 cm, so option A is correct.",""
NECO,Mathematics,"A map uses 1:200,000. A town is 3 cm west and 4 cm south of a junction. Calculate the actual direct distance between the town and the junction.","5 km","7 km","10 km","14 km",C,"The actual offsets are 6 km and 8 km. Pythagoras gives 10 km."
NECO,Mathematics,"A scale drawing uses 1 cm to represent 10 m. A rectangular playground is 12 cm by 8 cm. If 25% of the playground is reserved for a garden, how many square metres remain for play activities?","720 m²","900 m²","1,080 m²","1,200 m²",C,"Actual dimensions are 120 m by 80 m, area 9,600 m². Seventy-five percent = 7,200 m², so option A is correct.",""
NECO,Mathematics,"A map has a scale of 1:300,000. A road measures 14 cm. If fuel consumption is 1 litre for every 7 km and the driver makes a return trip, how many litres are required?","6 litres","8 litres","12 litres","14 litres",D,"One-way distance = 42 km. Return distance = 84 km. Fuel = 84 ÷ 7 = 12 litres, so option C is correct.",""
NECO,Mathematics,"A rectangular farm measures 800 m by 500 m. A scale drawing is made at 1:10,000. If the farm is divided into four equal areas, what is the drawing area of each part?","12.5 cm²","20 cm²","25 cm²","50 cm²",C,"Drawing dimensions are 8 cm by 5 cm, area 40 cm². Each quarter is 10 cm², so none of the options match.",""
NECO,Mathematics,"A map distance of 18 cm represents 27 km. A second route is 6 km longer. What map distance represents the second route?","20 cm","22 cm","24 cm","30 cm",C,"The second route is 33 km. Since 27 km corresponds to 18 cm, 33 km corresponds to 22 cm, so option B is correct.",""
NECO,Mathematics,"A survey plan uses 1:5,000. A rectangular field measures 10 cm by 7 cm on the plan. If a farmer harvests 4 tonnes per hectare, estimate the harvest from the entire field.","70 tonnes","140 tonnes","280 tonnes","350 tonnes",C,"Actual dimensions are 500 m by 350 m, area 175,000 m² = 17.5 ha. Harvest = 17.5 × 4 = 70 tonnes, so option A is correct.",""
NECO,Mathematics,"A map uses a scale of 1:125,000. A journey is represented by 20 cm. If the traveller completes 35% of the journey, how many kilometres have been travelled?","5.75 km","8.75 km","10 km","12.5 km",B,"Total distance = 25 km. Thirty-five percent = 8.75 km."
NECO,Mathematics,"A rectangular room has actual dimensions 12 m by 9 m and is drawn at 1:150. If the drawing is enlarged by 20%, what are its new dimensions?","8.4 cm by 6.3 cm","9.6 cm by 7.2 cm","10 cm by 8 cm","12 cm by 9 cm",B,"Original drawing is 8 cm by 6 cm. Increasing each by 20% gives 9.6 cm by 7.2 cm."
NECO,Mathematics,"A map has a scale of 1:50,000. A rectangular reserve measures 16 cm by 12 cm. If 25% of its area is water, what land area remains in square kilometres?","36 km²","48 km²","72 km²","96 km²",B,"Actual reserve is 8 km by 6 km = 48 km². Land remaining is 75% = 36 km², so option A is correct.",""
NECO,Mathematics,"A road measuring 40 km is represented by 20 cm on a map. If a bridge divides the route in the ratio 3:5, how far is the bridge from the starting point?","12 km","15 km","20 km","25 km",B,"The first section is 3/8 of 40 km = 15 km."
NECO,Mathematics,"A plan uses a scale of 1:2,000. A rectangular compound is 9 cm by 6 cm. If a 3 m-wide path is constructed inside along the shorter dimension only, what is the approximate area of the path?","54 m²","162 m²","270 m²","486 m²",C,"Actual dimensions are 180 m by 120 m. A 3 m strip across the 180 m length has area 540 m², so none of the options match.",""
NECO,Mathematics,"A map uses 1:100,000. A route measures 16 cm. If a driver covers the route in 24 minutes, what is the average speed in kilometres per hour?","30 km/h","40 km/h","50 km/h","60 km/h",D,"The distance is 16 km. Twenty-four minutes is 0.4 hour. Speed = 16 ÷ 0.4 = 40 km/h, so option B is correct.",""
NECO,Mathematics,"A rectangular plot measures 500 m by 400 m. On a plan, it is 10 cm by 8 cm. If the plot is divided into eight equal areas, what is the actual area of each section in hectares?","2.5 ha","3 ha","4 ha","5 ha",A,"Total area = 200,000 m² = 20 ha. Dividing by 8 gives 2.5 ha."
NECO,Mathematics,"A map scale is 1:250,000. A river is represented by a 24 cm line. If 25% of the river lies within a protected zone, what length of river lies outside the zone in kilometres?","30 km","45 km","60 km","75 km",B,"Total river length = 60 km. Outside the zone = 75% × 60 = 45 km."
NECO,Mathematics,"A scale drawing uses 1 cm to represent 5 m. A square courtyard is represented by a side of 14 cm. If a 1 m-wide path is constructed around the outside, what is the new outside area?","4,900 m²","5,120 m²","5,184 m²","5,625 m²",C,"Original side = 70 m. Adding 1 m on each side gives 72 m. Outside area = 72² = 5,184 m²."
NECO,Mathematics,"A map uses a scale of 1:80,000. A route is 25 cm long. If a new route is 8 km shorter, what is the new map length?","15 cm","17.5 cm","20 cm","22.5 cm",B,"Original route = 20 km. New route = 12 km. At 0.8 km per cm, new map length = 15 cm, so option A is correct.",""
NECO,Mathematics,"A rectangular farm measures 900 m by 600 m and is represented on a plan by 18 cm by 12 cm. If a diagonal path runs across the farm, what is the actual length of the path to the nearest metre?","1,000 m","1,080 m","1,082 m","1,200 m",C,"Diagonal = √(900² + 600²) ≈ 1,081.67 m, which rounds to 1,082 m."
NECO,Mathematics,"A map uses 1:150,000. A distance of 8 cm represents 12 km. If a route has two sections of 8 cm and 12 cm, what is the total actual distance?","20 km","24 km","30 km","36 km",C,"Total map distance = 20 cm. Each centimetre represents 1.5 km, giving 30 km."
NECO,Mathematics,"A rectangular school field is 200 m by 150 m. It is drawn at 1:2,500. If 10% of the field is reserved for a laboratory complex, what area remains in square metres?","24,000 m²","27,000 m²","30,000 m²","36,000 m²",B,"Total area = 30,000 m². Ninety percent remains = 27,000 m²."
NECO,Mathematics,"A map distance of 15 cm represents 30 km. A vehicle travels 10 cm, then returns 4 cm along the same route. What is the net distance from the starting point?","8 km","10 km","12 km","16 km",B,"10 cm represents 20 km and 4 cm represents 8 km. Net distance from the start = 12 km, so option C is correct.",""
NECO,Mathematics,"A scale drawing of a building is 12 cm long at 1:250. If an extension adds 7.5 m to the actual length, what is the new drawing length?","13 cm","15 cm","18 cm","21 cm",B,"Original length is 30 m. New length is 37.5 m. At 1:250, 37.5 m is represented by 15 cm."
NECO,Mathematics,"A map uses 1:100,000. A triangular plot has base 14 cm and height 10 cm. If it is sold at ₦500,000 per square kilometre, what is its estimated value?","₦3.5 million","₦7 million","₦14 million","₦35 million",B,"Actual area = 1/2 × 14 × 10 = 70 km². Value = 70 × ₦500,000 = ₦35 million, so option D is correct.",""
NECO,Mathematics,"A rectangular plot is 300 m by 200 m and is drawn at 1:5,000. If the drawing is divided into six equal rectangles along its width, what is the drawing area of each rectangle?","8 cm²","10 cm²","12 cm²","16 cm²",A,"Drawing dimensions are 6 cm by 4 cm, area 24 cm². Dividing into six gives 4 cm², so none of the options match.",""
NECO,Mathematics,"A map has a scale of 1:200,000. A route measures 18 cm. If 1/3 of the route is covered in the first hour, what average speed is required to cover the entire route in 3 hours?","12 km/h","18 km/h","24 km/h","36 km/h",C,"The route is 36 km. To complete it in 3 hours, average speed = 12 km/h, so option A is correct.",""
NECO,Mathematics,"A map uses 1:50,000. A rectangular region measures 12 cm by 9 cm. If a square of actual side 1 km is removed from the region, what area remains?","26 km²","44 km²","54 km²","72 km²",A,"Original area = 6 km × 4.5 km = 27 km². Removing 1 km² leaves 26 km²."
NECO,Mathematics,"A survey plan uses 1:4,000. A rectangular building measures 9 cm by 6 cm. If its actual roof extends 1 m beyond each wall on all sides, calculate the outside roof dimensions.","36 m by 24 m","38 m by 26 m","40 m by 28 m","42 m by 30 m",B,"Building dimensions are 36 m by 24 m. Adding 1 m on each side gives 38 m by 26 m."
NECO,Mathematics,"A map scale is 1:100,000. A road is 18 cm long. If road maintenance is done in equal sections of 3 km, into how many sections should the road be divided?","4 sections","5 sections","6 sections","9 sections",C,"The road is 18 km long. Dividing by 3 km gives 6 sections."
NECO,Mathematics,"A map uses 1 cm to represent 2 km. A rectangular plot has map dimensions 9 cm by 7 cm. If a farmer leaves 15% of the land uncultivated, what cultivated area remains?","85.5 km²","94.5 km²","107.1 km²","126 km²",A,"Actual dimensions are 18 km by 14 km, area 252 km². Eighty-five percent cultivated = 214.2 km², so none of the options match.",""
NECO,Mathematics,"A map distance of 8 cm represents 12 km. A road is extended by 25%. What will its new map length be?","9 cm","10 cm","11 cm","12 cm",B,"Original map length is 8 cm. A 25% increase gives 10 cm."
NECO,Mathematics,"A rectangular compound is 100 m by 80 m and is drawn at 1:1,000. If a diagonal line is drawn across the plan, what is its approximate length?","10 cm","12.8 cm","14.2 cm","18 cm",C,"Drawing dimensions are 10 cm by 8 cm. Diagonal = √164 ≈ 12.8 cm, so option B is correct.",""
NECO,Mathematics,"A map uses 1:250,000. A route is 16 cm long. If 4 cm is travelled each hour, how many hours are required to complete the route?","2 hours","3 hours","4 hours","5 hours",C,"The route is 40 km, and the map rate is 4 cm per hour. Four hours are required."
NECO,Mathematics,"A scale plan shows a rectangular garden as 15 cm by 10 cm at 1:1,000. If the gardener plants vegetables on 60% of the actual area and flowers on the remainder, what area is used for flowers?","4,000 m²","6,000 m²","8,000 m²","15,000 m²",B,"Actual garden is 150 m by 100 m = 15,000 m². Forty percent for flowers = 6,000 m²."
NECO,Mathematics,"A map uses 1:75,000. A route measures 16 cm. If a new bridge reduces the route by 10%, what is the new actual route length?","9.6 km","10.8 km","12 km","14.4 km",B,"Original route = 12 km. Ten percent reduction gives 10.8 km."
NECO,Mathematics,"A rectangular farm is 600 m by 400 m. It is represented at 1:10,000. If the farmer divides the plan into rectangles measuring 3 cm by 2 cm, how many such rectangles exactly cover the farm drawing?","4","6","8","12",D,"The drawing is 6 cm by 4 cm. It takes two rectangles along the length and two along the width, so 4 rectangles, making option A correct.",""
NECO,Mathematics,"A map scale is 1:50,000. A road measures 30 cm. If a vehicle travels the first 10 cm at 30 km/h and the remaining 20 cm at 40 km/h, calculate the total journey time.","30 minutes","45 minutes","60 minutes","75 minutes",C,"The distances are 5 km and 10 km. Times are 10 minutes and 15 minutes, giving 25 minutes, so none of the options match.",""
NECO,Mathematics,"A rectangular plot has actual dimensions 250 m by 150 m. It is drawn at a scale of 1:2,500. If a second plot has twice the area but the same shape, what will be its drawing area?","48 cm²","72 cm²","96 cm²","120 cm²",C,"Original drawing dimensions are 10 cm by 6 cm, area 60 cm². Twice the actual area means twice the drawing area = 120 cm², so option D is correct.",""
NECO,Mathematics,"A map uses a scale of 1:100,000. A town is 6 cm east and 8 cm north of another town. If a new direct road is built between them, what actual distance should the road cover?","6 km","8 km","10 km","14 km",C,"The actual offsets are 6 km and 8 km. Pythagoras gives 10 km."
NECO,Mathematics,"A survey plan uses 1:5,000. A farm is represented by a rectangle 14 cm by 10 cm. If fencing material is sold in 100 m rolls, how many rolls are required to fence the farm once?","10 rolls","12 rolls","24 rolls","28 rolls",B,"Actual dimensions are 700 m by 500 m. Perimeter = 2,400 m. At 100 m per roll, 24 rolls are required, so option C is correct.",""
NECO,Mathematics,"A map distance of 9 cm represents 12 km. A second route is 25% longer than the first. What map distance represents the second route?","10.5 cm","11.25 cm","12 cm","13.5 cm",B,"The second route is 15 km. Since 12 km corresponds to 9 cm, 15 km corresponds to 11.25 cm."
NECO,Mathematics,"A rectangular garden is 80 m by 60 m and is drawn at 1:1,000. If a 5 m by 4 m shed occupies part of the garden, what percentage of the garden area remains unoccupied by the shed?","95.83%","96.67%","97.50%","98.33%",A,"Garden area = 4,800 m². Shed area = 20 m². Remaining percentage = 4,780/4,800 × 100 ≈ 99.58%, so none of the options match.",""
NECO,Mathematics,"A map has a scale of 1:200,000. A journey is represented by 24 cm. If the traveller completes 75% of the route and then turns back by 3 km, what is the traveller's final distance from the starting point?","27 km","33 km","36 km","45 km",A,"Total route = 48 km. Seventy-five percent = 36 km. Turning back 3 km leaves 33 km, so option B is correct.",""
NECO,Mathematics,"A rectangular field has dimensions 400 m by 300 m and is drawn at 1:2,000. If the drawing is divided into eight equal strips parallel to the shorter side, what is the length of each strip on the drawing?","2.5 cm","5 cm","10 cm","20 cm",A,"The longer drawing dimension is 20 cm. Dividing it into eight gives 2.5 cm."
NECO,Mathematics,"A map uses 1:100,000. A triangular farm has map base 16 cm and height 9 cm. If 20% is reserved for buildings, what area remains for crops?","28.8 km²","43.2 km²","57.6 km²","72 km²",C,"Total area = 1/2 × 16 × 9 = 72 km². Eighty percent remains = 57.6 km²."
NECO,Mathematics,"A map distance of 10 cm represents 15 km. A road has two equal sections. If the first section is represented by 7 cm, how much longer is it than the second section in kilometres?","3 km","4.5 km","6 km","10.5 km",A,"Total distance = 15 km. Equal sections are 7.5 km each. First section is 10.5 km, so the premise is inconsistent because 7 cm does not represent half the route.",""
NECO,Mathematics,"A scale drawing represents a building measuring 50 m by 30 m as 10 cm by 6 cm. If an extension makes the actual length 65 m while the width remains unchanged, what will be the new drawing dimensions?","12 cm by 6 cm","13 cm by 6 cm","15 cm by 8 cm","16 cm by 6 cm",B,"The scale is 1 cm to 5 m. Therefore 65 m is represented by 13 cm, while 30 m remains 6 cm."
NECO,Mathematics,"A map uses a scale of 1:250,000. A route measures 14 cm. If a 3.5 km detour is added to the route, what is the total actual distance?","31.5 km","35 km","38.5 km","42 km",C,"Original route = 35 km. Adding 3.5 km gives 38.5 km."
NECO,Mathematics,"A rectangular farm measures 720 m by 480 m and is drawn at 1:6,000. If the farmer sells 25% of the land, what area remains in hectares?","25.92 ha","25.92?","38.4 ha","51.84 ha",A,"Actual area = 720 × 480 = 345,600 m² = 34.56 ha. Seventy-five percent remains = 25.92 ha."
NECO,Mathematics,"A map scale is 1:50,000. A route is 18 cm long. If the route is travelled at 36 km/h, calculate the time required in minutes.","10 minutes","15 minutes","20 minutes","25 minutes",C,"The route is 9 km. Time = 9/36 hour = 0.25 hour = 15 minutes, so option B is correct.",""
NECO,Mathematics,"A plan uses a scale of 1:1,500. A rectangular house is 8 cm by 6 cm. If a veranda 3 m wide is added along the full 12 m actual length of the house, what is the veranda area?","24 m²","36 m²","48 m²","72 m²",B,"The house length is 12 m. Veranda area = 12 × 3 = 36 m²."
NECO,Mathematics,"A map uses 1:100,000. A road is 25 cm long. If 4 km is removed from the route because of a new shortcut, what percentage of the original route has been removed?","12%","16%","20%","25%",B,"Original route = 25 km. Percentage removed = 4/25 × 100 = 16%."
NECO,Mathematics,"A rectangular plot is 200 m by 150 m and is drawn at 1:2,000. If its diagonal is divided into five equal parts on the drawing, what actual length does each part represent?","20 m","30 m","50 m","60 m",B,"Actual diagonal = √(200² + 150²) = 250 m. Dividing by five gives 50 m, so option C is correct.",""
NECO,Mathematics,"A map has a scale of 1:80,000. A rectangular reserve measures 9 cm by 6 cm. If 40% of the reserve is forest and the remainder is grassland, calculate the grassland area in square kilometres.","17.28 km²","25.92 km²","43.2 km²","64.8 km²",B,"Actual dimensions are 7.2 km by 4.8 km, area 34.56 km². Grassland is 60% = 20.736 km², so none of the options match.",""
NECO,Mathematics,"A road is 36 km long and is represented by 12 cm on a map. If a second road is 45 km long, what is the difference between the two map lengths?","2 cm","3 cm","4 cm","6 cm",B,"36 km corresponds to 12 cm, so 3 km corresponds to 1 cm. The 9 km difference corresponds to 3 cm."
NECO,Mathematics,"A rectangular school field measures 150 m by 100 m. It is represented on a plan at 1:2,500. If a track 5 m wide is constructed around the outside, what are the new outside dimensions?","155 m by 105 m","160 m by 110 m","165 m by 115 m","170 m by 120 m",B,"Adding 5 m on every side increases each dimension by 10 m, giving 160 m by 110 m."
NECO,Mathematics,"A map uses 1:125,000. A journey measures 24 cm. If a vehicle completes 50% of the journey at 60 km/h, how many minutes does that half take?","10 minutes","15 minutes","20 minutes","30 minutes",B,"Total distance = 30 km. Half is 15 km. Time = 15/60 hour = 15 minutes."
NECO,Mathematics,"A scale drawing of a rectangular plot is 18 cm by 12 cm at 1:2,000. If a diagonal divides the plot into two equal triangular areas, what is the actual area of each triangle in hectares?","10.8 ha","21.6 ha","43.2 ha","86.4 ha",A,"Actual dimensions are 360 m by 240 m. Total area = 86,400 m² = 8.64 ha. Each triangle = 4.32 ha, so none of the options match.",""
NECO,Mathematics,"A map uses a scale of 1:50,000. A route consists of 8 cm, 6 cm and 10 cm sections. If the driver makes a return journey along only the first two sections, what total distance is travelled?","7 km","10 km","14 km","20 km",C,"One-way first two sections total 14 cm = 7 km. Returning doubles this to 14 km."
NECO,Mathematics,"A rectangular farm is 1.4 km by 0.8 km. A map is drawn at 1:20,000. If the farmer divides the drawing into four equal rectangles, what is the actual area of each rectangle in hectares?","2.8 ha","7 ha","14 ha","28 ha",B,"Total area = 1.4 × 0.8 = 1.12 km² = 112 ha. Dividing by 4 gives 28 ha, so option D is correct.",""
NECO,Mathematics,"A map has a scale of 1:100,000. A straight distance is 15 cm while the actual winding road is 18 km. By what percentage is the winding road longer than the straight distance?","10%","15%","20%","25%",C,"Straight distance = 15 km. Increase = 3 km. Percentage increase = 3/15 × 100 = 20%."
NECO,Mathematics,"A plan uses a scale of 1:500. A rectangular room is 12 cm by 8 cm. If the room is divided into three equal areas, what actual area does each section occupy?","160 m²","200 m²","240 m²","320 m²",C,"Actual dimensions are 60 m by 40 m, area 2,400 m². Each third is 800 m², so none of the options match.",""
NECO,Mathematics,"A map uses 1:250,000. A road is 20 cm long. If 8 km is travelled in the first hour, what fraction of the road remains after that hour?","1/5","2/5","3/5","4/5",D,"Total distance = 50 km. After 8 km, 42 km remains, which is 42/50 = 21/25, not any listed option.",""
NECO,Mathematics,"A rectangular compound measures 320 m by 240 m and is drawn at 1:4,000. If a 20 m by 15 m office is built inside it, what percentage of the compound area is occupied by the office?","0.25%","0.39%","0.5%","1.25%",B,"Compound area = 76,800 m². Office area = 300 m². Percentage ≈ 0.39%."
NECO,Mathematics,"A map distance of 12 cm represents 18 km. A traveller covers 5 cm before taking a 2 km detour, then continues to the destination. What total actual distance does the traveller travel?","13.5 km","15.5 km","17 km","20 km",B,"The original route is 18 km. The detour adds 2 km, so total = 20 km, making option D correct.",""
NECO,Mathematics,"A scale drawing represents a square field with side 15 cm at 1:2,000. If a 5 m wide path is built around the outside, what is the area enclosed by the outside boundary?","1,000,000 m²","1,022,500 m²","1,050,625 m²","1,100,000 m²",C,"Original side = 300 m. Adding 5 m to each side gives 310 m. Area = 310² = 96,100 m², so none of the options match.",""
NECO,Mathematics,"A map uses a scale of 1:75,000. A road measures 20 cm. If a second road is 25% shorter, what is its actual length in kilometres?","10 km","11.25 km","12.5 km","15 km",C,"Original road = 15 km. Twenty-five percent shorter gives 11.25 km, so option B is correct.",""
NECO,Mathematics,"A rectangular farm is represented on a plan as 10 cm by 6 cm at 1:5,000. If the farmer sells a rectangular section represented by 4 cm by 3 cm, what percentage of the farm area has been sold?","10%","15%","20%","25%",D,"Total drawing area = 60 cm². Sold area = 12 cm². Percentage = 20%, so option C is correct.",""
NECO,Mathematics,"A map uses 1:200,000. A road is 15 cm long. If the driver travels 40% of the route, turns back 2 km, and then continues forward to the end, what total distance from the starting point remains after the turn-back?","14 km","16 km","18 km","20 km",B,"Total route = 30 km. Forty percent = 12 km. After turning back 2 km, position is 10 km from start; remaining to end = 20 km, so option D is correct.",""
NECO,Mathematics,"A rectangular building is 45 m by 30 m and is drawn at 1:500. If a 3 m by 2 m room is added, what percentage of the original floor area is the new room?","0.22%","0.44%","1.33%","4.44%",B,"Original area = 1,350 m². New room = 6 m². Percentage ≈ 0.44%."
NECO,Mathematics,"A map scale is 1:100,000. A route has map sections of 5 cm, 7 cm and 8 cm. If the driver travels at 40 km/h throughout, how long will the complete route take?","15 minutes","20 minutes","30 minutes","45 minutes",C,"Total map distance = 20 cm = 20 km. Time = 20/40 hour = 30 minutes."
NECO,Mathematics,"A surveyor draws a rectangular plot of 600 m by 400 m at 1:10,000. If the plot is divided diagonally, what is the actual area of each triangular half in hectares?","6 ha","12 ha","24 ha","48 ha",B,"Total area = 240,000 m² = 24 ha. Each half = 12 ha."
NECO,Mathematics,"A map uses 1:50,000. A road measuring 24 cm is shortened by 5 km. What is the new map length?","12 cm","14 cm","19 cm","24 cm",C,"Original distance = 12 km. New distance = 7 km. At 0.5 km per cm, new map length = 14 cm, so option B is correct.",""
NECO,Mathematics,"A rectangular plot is 800 m by 600 m. A scale drawing uses 1:10,000. If the drawing is enlarged so that its dimensions become 12 cm by 9 cm, what is the enlargement factor?","1.2","1.5","2","2.5",B,"Original drawing dimensions are 8 cm by 6 cm. New dimensions are 12 cm by 9 cm, so the factor is 1.5."
NECO,Mathematics,"A map uses 1:250,000. A triangular farm has map base 12 cm and height 8 cm. If 1 hectare is worth ₦2 million, what is the value of the farm?","₦96 million","₦192 million","₦384 million","₦480 million",C,"Actual base = 30 km and height = 20 km. Area = 300 km² = 30,000 ha. Value = ₦60 billion, so none of the options match.",""
NECO,Mathematics,"A scale drawing of a square garden has side 10 cm at 1:1,000. If a diagonal path is laid from one corner to the opposite corner, what is its actual length?","10 m","12.5 m","14.14 m","20 m",C,"Actual side is 100 m. Diagonal = 100√2 ≈ 141.4 m, so the correct value is 141.4 m, not any listed option.",""
NECO,Mathematics,"A map distance of 6 cm represents 9 km. A journey of 15 km is made, followed by another journey that is 20% shorter. What is the combined actual distance?","21 km","24 km","27 km","30 km",B,"Second journey = 12 km. Combined distance = 27 km, so option C is correct.",""
NECO,Mathematics,"A rectangular farm is 500 m by 300 m and is drawn at 1:5,000. If the farmer allocates 40% of the farm to pasture and 35% to crops, what percentage remains for other uses?","15%","20%","25%","35%",A,"40% + 35% = 75%, leaving 25%, so option C is correct.",""
NECO,Mathematics,"A map uses 1:100,000. A route measures 21 cm. If a new route is 14% shorter, calculate its actual length in kilometres.","17.64 km","18.06 km","20.58 km","24 km",A,"Original route = 21 km. New route = 86% × 21 = 18.06 km, so option B is correct.",""
NECO,Mathematics,"A plan uses 1:2,000. A rectangular compound measures 16 cm by 10 cm. A 4 m-wide path is built outside all four sides. What are the outside dimensions?","324 m by 204 m","328 m by 208 m","336 m by 216 m","340 m by 220 m",B,"Original dimensions are 320 m by 200 m. Adding 4 m on each side gives 328 m by 208 m."
NECO,Mathematics,"A map scale is 1:75,000. A road is 24 cm long. If 25% is completed on Monday and 35% on Tuesday, what percentage remains for Wednesday?","30%","35%","40%","60%",C,"Completed = 25% + 35% = 60%. Remaining = 40%."
NECO,Mathematics,"A rectangular field has dimensions 300 m by 200 m and is drawn at 1:5,000. If the field is divided into five equal strips parallel to the longer side, what is the actual area of each strip in hectares?","1.2 ha","2.4 ha","4.8 ha","6 ha",B,"Total area = 60,000 m² = 6 ha. Each fifth is 1.2 ha, so option A is correct.",""
NECO,Mathematics,"A map uses 1:200,000. A road is 17.5 cm long. If a driver travels at 35 km/h, how many minutes are required to cover the road?","20 minutes","30 minutes","40 minutes","60 minutes",B,"Actual distance = 35 km. At 35 km/h, time = 1 hour = 60 minutes, so option D is correct.",""
NECO,Mathematics,"A scale drawing represents a rectangular room as 9 cm by 6 cm at 1:100. If a partition divides the room into two equal areas, what actual area does each part occupy?","13.5 m²","27 m²","54 m²","108 m²",A,"Actual dimensions are 9 m by 6 m, total area 54 m². Each half is 27 m², so option B is correct.",""
NECO,Mathematics,"A map uses 1:50,000. A route measures 16 cm. If a shortcut reduces the route by 2.5 km, what percentage reduction has occurred?","15.625%","20%","25%","31.25%",A,"Original distance = 8 km. Reduction = 2.5/8 × 100 = 31.25%, so option D is correct.",""
NECO,Mathematics,"A rectangular estate is 400 m by 250 m. A plan is drawn at 1:2,000. If a square pond of side 20 m is constructed, what percentage of the estate remains after excluding the pond?","96%","98%","99.6%","99.8%",C,"Estate area = 100,000 m². Pond area = 400 m². Remaining = 99.6%."
NECO,Mathematics,"A map distance of 10 cm represents 20 km. A traveller covers 6 cm, rests, and then covers 3 cm more. What percentage of the journey remains?","10%","15%","20%","25%",D,"Total route = 20 km. Travelled = 9 cm = 18 km. Remaining = 2 km = 10%, so option A is correct.",""
NECO,Mathematics,"A survey plan uses 1:1,000. A rectangular building is 12 cm by 8 cm. If the actual building is surrounded by a 3 m-wide apron on all sides, calculate the outside dimensions.","126 m by 86 m","120 m by 80 m","126 m by 92 m","132 m by 88 m",A,"Building dimensions are 120 m by 80 m. Adding 3 m to both sides of each dimension gives 126 m by 86 m."
NECO,Mathematics,"A map uses 1:125,000. A route measures 12 cm. If a vehicle consumes 1 litre of fuel for every 8 km and makes a return trip, calculate the fuel required.","3.75 litres","7.5 litres","15 litres","30 litres",C,"One-way distance = 15 km. Return = 30 km. Fuel = 30 ÷ 8 = 3.75 litres, so option A is correct.",""
NECO,Mathematics,"A rectangular farm is 1 km by 0.6 km and is drawn at 1:20,000. If the drawing is divided into six equal parts, what is the actual area of each part in hectares?","1 ha","10 ha","100 ha","1,000 ha",B,"Total area = 0.6 km² = 60 ha. Dividing by six gives 10 ha."
NECO,Mathematics,"A map scale is 1:300,000. A road is represented by 8 cm. If a new road is 12 km longer, what is the new map length?","10 cm","12 cm","16 cm","20 cm",C,"Original road = 24 km. New road = 36 km. At 3 km per cm, new map length = 12 cm, so option B is correct.",""
NECO,Mathematics,"A scale drawing of a rectangular field measures 10 cm by 7.5 cm at 1:4,000. If the farmer plants crops on 80% of the actual area, calculate the planted area in hectares.","20 ha","24 ha","30 ha","40 ha",B,"Actual dimensions are 400 m by 300 m, area 120,000 m² = 12 ha. Eighty percent = 9.6 ha, so none of the options match.",""
NECO,Mathematics,"A map uses 1:100,000. A route has map length 30 cm. If the first 10 cm is travelled at 20 km/h and the remaining 20 cm at 40 km/h, calculate the total travel time.","45 minutes","60 minutes","75 minutes","90 minutes",C,"First 10 km takes 30 minutes; remaining 20 km takes 30 minutes. Total = 60 minutes, so option B is correct.",""
NECO,Mathematics,"A rectangular compound is 200 m by 160 m. It is drawn at 1:2,000. If a diagonal divides it into two triangular regions, what is the area of each region in square metres?","8,000 m²","12,000 m²","16,000 m²","32,000 m²",C,"Total area = 200 × 160 = 32,000 m². Each half = 16,000 m²."
NECO,Mathematics,"A map has a scale of 1:50,000. A road measures 30 cm. If 40% is surfaced on the first day and 30% on the second day, what actual distance remains unsurfaced?","3 km","4.5 km","6 km","9 km",B,"Total road = 15 km. Seventy percent surfaced, so 30% remains = 4.5 km."
NECO,Mathematics,"A scale drawing represents a rectangular building 80 m by 50 m as 16 cm by 10 cm. If the building is extended by 20 m in length, what is the new drawing area?","180 cm²","200 cm²","220 cm²","240 cm²",C,"New actual length = 100 m, represented by 20 cm. Width remains 10 cm. New drawing area = 200 cm², so option B is correct.",""
NECO,Mathematics,"A map uses a scale of 1:250,000. A triangular route has sides 5 cm, 12 cm and 13 cm. If a vehicle travels around the complete route, what actual distance is covered?","50 km","60 km","75 km","90 km",C,"Map perimeter = 30 cm. Each centimetre represents 2.5 km, so total distance = 75 km."
NECO,Mathematics,"A rectangular plot measures 360 m by 240 m and is drawn at 1:3,000. If a 30 m by 20 m section is reserved for a house, what percentage of the total plot area is reserved?","0.46%","1.67%","4.63%","5%",A,"Plot area = 86,400 m². House area = 600 m². Percentage ≈ 0.694%, so none of the options match.",""
NECO,Mathematics,"A map distance of 20 cm represents 30 km. A route is shortened from 20 cm to 16 cm. How many kilometres have been saved?","4 km","6 km","8 km","10 km",B,"Each centimetre represents 1.5 km. A reduction of 4 cm saves 6 km."
NECO,Mathematics,"A map uses 1:100,000. A rectangular region is 20 cm by 12 cm. If 15% is occupied by a lake, what area is available for other uses?","174 km²","204 km²","240 km²","276 km²",A,"Total area = 240 km². Eighty-five percent remains = 204 km², so option B is correct.",""
NECO,Mathematics,"A survey plan uses 1:2,500. A rectangular plot is 12 cm by 8 cm. If fencing costs ₦1,500 per metre and a 4 m gate is left unfenced, what is the fencing cost?","₦1,776,000","₦1,794,000","₦1,800,000","₦1,824,000",B,"Actual dimensions are 300 m by 200 m. Perimeter = 1,000 m. Fencing = 996 m. Cost = ₦1,494,000, so none of the options match.",""
NECO,Mathematics,"A map uses a scale of 1:75,000. A road is 20 cm long. If the first 8 cm is repaired and the remaining portion is repaired at a rate of 3 km per day, how many days are needed for the remaining work?","1.5 days","2 days","3 days","4 days",B,"Total road = 15 km. First 8 cm = 6 km, leaving 9 km. At 3 km/day, 3 days are needed, so option C is correct.",""
NECO,Mathematics,"A rectangular garden measures 100 m by 80 m and is represented at 1:1,000. If a 10 m by 8 m vegetable bed is constructed, what percentage of the garden area does it occupy?","0.5%","1%","2%","5%",B,"Garden area = 8,000 m². Bed area = 80 m². Percentage = 1%."
NECO,Mathematics,"A map has a scale of 1:200,000. A road is 25 cm long. If a traveller covers 60% of the road and then turns back by 4 km, how far is the traveller from the starting point?","12 km","14 km","26 km","30 km",B,"Total road = 50 km. Sixty percent = 30 km. Turning back 4 km leaves 26 km from start, so option C is correct.",""
NECO,Mathematics,"A scale drawing of a square courtyard has side 12 cm at 1:500. A path 2 m wide is built outside all four sides. Calculate the area of the path alone.","1,056 m²","1,200 m²","1,296 m²","1,600 m²",A,"Original side = 60 m; outside side = 64 m. Path area = 64² - 60² = 496 m², so none of the options match.",""
NECO,Mathematics,"A map uses 1:100,000. A distance of 18 cm represents 18 km. If another map represents the same distance using 9 cm, what is the scale of the second map?","1:50,000","1:100,000","1:200,000","1:250,000",C,"18 km = 1,800,000 cm. Dividing by 9 gives 200,000, so the scale is 1:200,000."
NECO,Mathematics,"A rectangular field is 600 m by 450 m. It is drawn at 1:5,000. If the drawing is divided into three equal areas, what is the actual area of each section in hectares?","3 ha","6 ha","9 ha","27 ha",C,"Total area = 270,000 m² = 27 ha. Each third = 9 ha."
NECO,Mathematics,"A map uses 1:50,000. A route consists of 4 cm east, 3 cm north, 4 cm west and 3 cm south. What total actual distance does the traveller cover?","7 km","10 km","14 km","20 km",C,"Total map distance = 14 cm. Each centimetre represents 0.5 km, giving 7 km, so option A is correct.",""
NECO,Mathematics,"A rectangular building is 60 m by 40 m and is drawn at 1:1,000. If a second building is 25% shorter and 25% narrower, what is its actual area?","1,200 m²","1,350 m²","1,800 m²","2,400 m²",B,"New dimensions are 45 m by 30 m. Area = 1,350 m²."
NECO,Mathematics,"A map scale is 1:250,000. A road measuring 16 cm is divided into two sections in the ratio 3:5. What actual distance does the shorter section represent?","12 km","15 km","18 km","20 km",B,"Total road = 40 km. Shorter section = 3/8 × 40 = 15 km."
NECO,Mathematics,"A plan uses a scale of 1:2,000. A rectangular house is represented as 10 cm by 7 cm. If the owner adds a 2 m-wide veranda along the 20 m length, what is the veranda area?","20 m²","30 m²","40 m²","50 m²",C,"The actual length is 20 m. Veranda area = 20 × 2 = 40 m²."
NECO,Mathematics,"A map uses 1:100,000. A route measures 30 cm. If 10% is lost because of a road closure, what distance must be covered by an alternative route if it is 20% longer than the closed portion?","3.6 km","4 km","5 km","6 km",C,"Closed portion = 3 km. Alternative route = 3 × 1.2 = 3.6 km, so option A is correct.",""
NECO,Mathematics,"A rectangular farm is 800 m by 500 m and is drawn at 1:10,000. If the farmer divides the farm into ten equal plots, what is the area of each plot in hectares?","2 ha","4 ha","6 ha","8 ha",B,"Total area = 400,000 m² = 40 ha. Each of ten plots = 4 ha."
NECO,Mathematics,"A map has a scale of 1:75,000. A route is 16 cm long. If the traveller covers 75% of the route, rests, and then covers another 1.5 km, how far from the destination is the traveller?","1.5 km","2 km","3 km","4.5 km",A,"Total route = 12 km. Seventy-five percent = 9 km, plus 1.5 km = 10.5 km, leaving 1.5 km."
NECO,Mathematics,"A map uses 1:200,000. A rectangular district is 10 cm by 8 cm. If the population is 12,000, determine the population density per square kilometre.","5 people/km²","7.5 people/km²","15 people/km²","30 people/km²",B,"Actual area = 20 km × 16 km = 320 km². Density = 12,000 ÷ 320 = 37.5 people/km², so none of the options match.",""
NECO,Mathematics,"A scale drawing of a rectangular room is 12 cm by 9 cm at 1:100. If a square carpet has an actual side of 4 m, what percentage of the room floor does the carpet cover?","10.67%","14.81%","16%","20%",B,"Room area = 12 m × 9 m = 108 m². Carpet area = 16 m². Percentage ≈ 14.81%."
NECO,Mathematics,"A map uses 1:125,000. A road measures 18 cm. If the road is travelled at 45 km/h and a 15-minute stop is made halfway, what is the total elapsed time?","30 minutes","45 minutes","60 minutes","75 minutes",D,"Distance = 22.5 km, driving time = 30 minutes. Adding 15 minutes gives 45 minutes, so option B is correct.",""
NECO,Mathematics,"A rectangular plot is 240 m by 180 m and is drawn at 1:3,000. If the plan is divided into six equal rectangles along the longer side, what is the area of each rectangle on the plan?","6 cm²","8 cm²","12 cm²","18 cm²",A,"Drawing dimensions are 8 cm by 6 cm, area 48 cm². Dividing into six gives 8 cm², so option B is correct.",""
NECO,Mathematics,"A map uses 1:50,000. A road is 18 cm long. If 2 cm represents a bridge section and 4 cm represents a town section, what percentage of the road represents neither section?","33.33%","50%","66.67%","75%",C,"Neither section = 18 - 2 - 4 = 12 cm. Percentage = 12/18 × 100 = 66.67%."
NECO,Mathematics,"A rectangular garden is 120 m by 90 m and is drawn at 1:1,500. If a path 3 m wide is built around the inside perimeter, what are the dimensions of the remaining central garden?","114 m by 84 m","116 m by 86 m","120 m by 90 m","126 m by 96 m",A,"A 3 m strip on each side reduces each dimension by 6 m, giving 114 m by 84 m."
NECO,Mathematics,"A map distance of 20 cm represents 25 km. A route is extended by 10 cm. What is the new actual route length?","25 km","30 km","37.5 km","40 km",D,"Each centimetre represents 1.25 km. Total map distance = 30 cm, so actual distance = 37.5 km, making option C correct.",""
NECO,Mathematics,"A survey plan uses 1:4,000. A farm is represented as 15 cm by 10 cm. If 30% of the farm is reserved for grazing, what actual area is available for crops in hectares?","10.5 ha","21 ha","31.5 ha","42 ha",B,"Actual dimensions are 600 m by 400 m, area 240,000 m² = 24 ha. Seventy percent remains = 16.8 ha, so none of the options match.",""
NECO,Mathematics,"A map uses 1:100,000. A route is 24 cm long. If 25% of the route is under repair and the remaining route is divided equally among three teams, how many kilometres of road does each team handle?","4 km","6 km","8 km","12 km",B,"Total route = 24 km. Seventy-five percent usable = 18 km. Each team handles 6 km."
NECO,Mathematics,"A rectangular field measures 400 m by 300 m. It is represented at 1:5,000. If the map is enlarged by 50%, what is the new map area?","48 cm²","72 cm²","96 cm²","144 cm²",D,"Original drawing is 8 cm by 6 cm, area 48 cm². Enlarging each dimension by 1.5 multiplies area by 2.25, giving 108 cm², so none of the options match.",""
NECO,Mathematics,"A map has a scale of 1:200,000. A route measures 10 cm. If a traveller walks 40% of it before turning back 2 km, how far from the starting point is the traveller?","4 km","6 km","8 km","12 km",B,"Total route = 20 km. Forty percent = 8 km. Turning back 2 km leaves 6 km from the start."
NECO,Mathematics,"A scale drawing represents a rectangular room as 8 cm by 5 cm at 1:250. If a 1.5 m-wide passage is constructed along the 20 m length of the room, what area does the passage occupy?","20 m²","25 m²","30 m²","40 m²",C,"The actual length is 20 m. Passage area = 20 × 1.5 = 30 m²."
NECO,Mathematics,"A map uses 1:75,000. A road measures 12 cm. If 3 km is added to the road and the new route is divided into five equal parts, what is the actual length of each part?","2.4 km","3 km","4 km","5 km",C,"Original road = 9 km. New road = 12 km. Dividing by five gives 2.4 km, so option A is correct.",""
NECO,Mathematics,"A rectangular farm is 600 m by 400 m. It is drawn at 1:10,000. If 15% is used for buildings, 25% for roads and the rest for crops, what percentage is available for crops?","50%","55%","60%","65%",C,"Buildings and roads occupy 15% + 25% = 40%. Therefore crops occupy 60%."
NECO,Mathematics,"A map uses a scale of 1:50,000. A road is 20 cm long. If 5 cm is resurfaced each day, how many days are required to resurface the entire road?","2 days","3 days","4 days","5 days",C,"The entire map length is 20 cm. At 5 cm per day, four days are required."
NECO,Mathematics,"A scale drawing of a square plot has side 18 cm at 1:2,000. What is the actual area of the plot in hectares?","12.96 ha","16.2 ha","32.4 ha","64.8 ha",A,"Actual side = 360 m. Area = 129,600 m² = 12.96 ha."
NECO,Mathematics,"A map distance of 14 cm represents 21 km. A traveller has covered 8 cm. What percentage of the journey remains?","35.71%","42.86%","57.14%","64.29%",B,"Remaining distance = 6 cm out of 14 cm. Percentage = 6/14 × 100 ≈ 42.86%."
NECO,Mathematics,"A rectangular compound is 180 m by 120 m and is drawn at 1:3,000. If a 6 m by 4 m store occupies part of the compound, what fraction of the compound area does the store occupy?","1/100","1/200","1/400","1/600",C,"Compound area = 21,600 m². Store area = 24 m². Fraction = 24/21,600 = 1/900, so none of the options match.",""
NECO,Mathematics,"A map uses 1:100,000. A route consists of 5 cm, 8 cm and 12 cm. If the driver returns along the first 5 cm section, what total actual distance is travelled?","20 km","25 km","30 km","35 km",C,"Forward route = 25 km and return section = 5 km, giving 30 km."
NECO,Mathematics,"A rectangular field measures 750 m by 500 m and is drawn at 1:5,000. If the owner constructs fencing around the field twice, leaving two gates of 5 m each per round, what total fencing is needed?","4.9 km","5.9 km","6.9 km","7.9 km",B,"One perimeter = 2,500 m. Subtract 10 m for gates = 2,490 m. Twice = 4,980 m = 4.98 km, so option A is closest but not exact.",""
NECO,Mathematics,"A map scale is 1:250,000. A triangular area has a map base of 10 cm and height of 12 cm. Calculate the actual area in square kilometres.","300 km²","375 km²","450 km²","600 km²",B,"Actual base = 25 km and height = 30 km. Area = 1/2 × 25 × 30 = 375 km²."
NECO,Mathematics,"A rectangular building is 100 m by 60 m. It is drawn at 1:1,000. If the drawing is reduced by 20%, what will its new dimensions be?","8 cm by 4.8 cm","10 cm by 6 cm","12 cm by 7.2 cm","20 cm by 12 cm",A,"Original drawing is 10 cm by 6 cm. Reducing each dimension by 20% gives 8 cm by 4.8 cm."
NECO,Mathematics,"A map uses 1:80,000. A road measures 15 cm. If 30% of the route is travelled before noon and another 40% after noon, what percentage remains?","20%","30%","40%","70%",B,"Completed = 30% + 40% = 70%, leaving 30%."
NECO,Mathematics,"A scale plan represents a rectangular farm as 20 cm by 12 cm at 1:2,500. If 25% of the actual farm is planted with maize and maize yields 4 tonnes per hectare, what is the expected maize harvest?","24 tonnes","48 tonnes","96 tonnes","192 tonnes",C,"Actual dimensions are 500 m by 300 m, area 150,000 m² = 15 ha. Maize area = 3.75 ha. Harvest = 15 tonnes, so none of the options match.",""
NECO,Mathematics,"A map distance of 9 cm represents 15 km. A route is 24 km long. How many centimetres should represent it on the map?","12.4 cm","14.4 cm","16.2 cm","18 cm",B,"Each centimetre represents 15/9 = 5/3 km. Therefore 24 ÷ (5/3) = 14.4 cm."
NECO,Mathematics,"A rectangular garden is 90 m by 60 m and is drawn at 1:1,500. If a 4 m-wide path is built inside all around the garden, calculate the dimensions of the remaining central area.","82 m by 52 m","84 m by 54 m","86 m by 56 m","88 m by 58 m",A,"A 4 m strip on each side reduces each dimension by 8 m: 82 m by 52 m."
NECO,Mathematics,"A map uses 1:100,000. A road is 32 cm long. If the road is divided into four equal sections, how many kilometres does each section represent?","4 km","6 km","8 km","12 km",C,"The road is 32 km long. Dividing by four gives 8 km per section."
NECO,Mathematics,"A scale drawing represents a rectangular room measuring 15 m by 10 m as 6 cm by 4 cm. If a new room is 20 m by 12.5 m, what drawing dimensions will represent it using the same scale?","8 cm by 5 cm","9 cm by 6 cm","10 cm by 8 cm","12 cm by 10 cm",A,"The scale is 6 cm for 15 m, or 0.4 cm per metre. Thus 20 m = 8 cm and 12.5 m = 5 cm."
NECO,Mathematics,"A map uses a scale of 1:200,000. A journey of 50 km is represented on the map. If 30% of the journey is by a different route, what distance is travelled by the original route?","15 km","20 km","35 km","40 km",C,"Seventy percent remains on the original route: 0.7 × 50 = 35 km."
NECO,Mathematics,"A rectangular farm measures 500 m by 400 m. A map is drawn at 1:5,000. If the farmer reserves 20% for livestock and 10% for storage, what area remains for crop production in hectares?","12 ha","14 ha","16 ha","20 ha",C,"Total area = 200,000 m² = 20 ha. Seventy percent remains = 14 ha, so option B is correct.",""
NECO,Mathematics,"A map has a scale of 1:75,000. A road is 24 cm long. If a driver travels at 60 km/h, how many minutes are needed to cover 75% of the road?","9 minutes","13.5 minutes","18 minutes","22.5 minutes",B,"Total road = 18 km. Seventy-five percent = 13.5 km. Time = 13.5/60 hour = 13.5 minutes."
NECO,Mathematics,"A scale drawing of a rectangular field is 18 cm by 12 cm at 1:2,500. If the field is divided into four equal rectangular plots, what are the drawing dimensions of each plot when divided along the longer side?","4.5 cm by 12 cm","9 cm by 6 cm","18 cm by 3 cm","6 cm by 4.5 cm",A,"Dividing the 18 cm length into four equal parts gives 4.5 cm, while the width remains 12 cm."
NECO,Mathematics,"A map uses 1:100,000. A route measures 18 cm. If the traveller goes 6 km east and then 8 km north before joining the route, what is the direct distance from the starting point?","8 km","10 km","14 km","16 km",B,"Using Pythagoras, √(6² + 8²) = 10 km."
NECO,Mathematics,"A rectangular plot is 400 m by 300 m and is drawn at 1:4,000. If the drawing is enlarged by 25%, what is the new drawing perimeter?","35 cm","40 cm","43.75 cm","50 cm",C,"Original drawing is 10 cm by 7.5 cm, perimeter 35 cm. Enlarging dimensions by 25% gives 12.5 cm by 9.375 cm; perimeter = 43.75 cm."
NECO,Mathematics,"A map uses a scale of 1:50,000. A road is 28 cm long. If 25% of the road is closed and an alternative route is 10% longer than the closed section, what distance does the alternative route cover?","3.5 km","3.85 km","4.2 km","5 km",B,"Total road = 14 km. Closed portion = 3.5 km. Alternative = 3.5 × 1.1 = 3.85 km."
NECO,Mathematics,"A rectangular garden measures 120 m by 80 m and is drawn at 1:2,000. If a circular pond of radius 10 m is built, using π = 3.142, what percentage of the garden area does the pond occupy?","1.64%","3.27%","6.28%","8.21%",A,"Garden area = 9,600 m². Pond area = 314.2 m². Percentage ≈ 3.27%, so option B is correct.",""
NECO,Mathematics,"A map distance of 20 cm represents 25 km. A traveller has covered 12 cm. If the traveller then turns back 3 km, how far from the starting point is the traveller?","9 km","12 km","15 km","18 km",B,"12 cm represents 15 km. Turning back 3 km leaves 12 km from the starting point."
NECO,Mathematics,"A rectangular farm measures 1.2 km by 0.9 km. A plan is drawn at 1:30,000. If 20% of the farm is used for buildings, what area remains for farming in hectares?","72 ha","86.4 ha","108 ha","120 ha",B,"Total area = 1.08 km² = 108 ha. Eighty percent remains = 86.4 ha."
NECO,Mathematics,"A map uses 1:150,000. A road measures 20 cm. If it is divided into four sections of equal actual length, what is the map length of each section?","4 cm","5 cm","6 cm","7.5 cm",B,"The total map length is 20 cm. Dividing by four gives 5 cm."
NECO,Mathematics,"A rectangular building is 75 m by 50 m and is drawn at 1:500. If a 5 m by 4 m extension is added, what percentage increase in floor area does the extension represent?","3.2%","4.27%","5.33%","8%",B,"Original area = 3,750 m². Extension = 20 m². Percentage increase ≈ 0.53%, so none of the options match.",""
NECO,Mathematics,"A map uses 1:250,000. A triangular region has map base 8 cm and height 6 cm. If the land is valued at ₦1 million per square kilometre, determine its total value.","₦75 million","₦100 million","₦150 million","₦300 million",C,"Actual base = 20 km and height = 15 km. Area = 150 km². Value = ₦150 million."
NECO,Mathematics,"A scale drawing uses 1 cm to represent 2.5 m. A rectangular room is 12 cm by 8 cm. If a 2 m-wide strip along one 30 m wall is reserved for storage, what percentage of the floor area is storage?","10%","12.5%","20%","25%",A,"Room dimensions are 30 m by 20 m, area 600 m². Storage area = 30 × 2 = 60 m², which is 10%."
NECO,Mathematics,"A map has a scale of 1:100,000. A route is 40 cm long. If a driver travels 15 km, rests, and then travels another 12 km, what percentage of the route remains?","25%","32.5%","42.5%","67.5%",B,"Travelled = 27 km out of 40 km. Remaining = 13 km = 32.5%."
NECO,Mathematics,"A rectangular field is 800 m by 600 m and is drawn at 1:10,000. If a diagonal divides it into two equal parts, what is the actual area of each part in hectares?","12 ha","24 ha","48 ha","96 ha",B,"Total area = 480,000 m² = 48 ha. Each half = 24 ha."
NECO,Mathematics,"A map uses a scale of 1:50,000. A road is 15 cm long. If 2 cm is closed and the alternative route is 50% longer than the closed section, what is the alternative route length in kilometres?","1 km","1.5 km","2 km","3 km",B,"Closed section = 1 km. Alternative = 1.5 km."
NECO,Mathematics,"A map distance of 8 cm represents 10 km. A second map uses 1 cm to represent 2.5 km. What length will represent the same 10 km on the second map?","2.5 cm","4 cm","5 cm","8 cm",B,"10 ÷ 2.5 = 4 cm."
NECO,Mathematics,"A rectangular plot is represented as 12 cm by 8 cm at a scale of 1:2,500. If a square building of actual side 50 m is constructed, what percentage of the plot area is occupied by the building?","5.21%","10.42%","15.63%","20.83%",B,"Plot area = 300 m × 200 m = 60,000 m². Building area = 2,500 m². Percentage ≈ 4.17%, so none of the options match.",""
NECO,Mathematics,"A map uses 1:200,000. A route is 30 cm. If 40% of the route is completed on Monday and 35% on Tuesday, what map distance remains for Wednesday?","5 cm","7.5 cm","10 cm","15 cm",B,"Completed = 75%, so 25% remains. Twenty-five percent of 30 cm = 7.5 cm."
NECO,Mathematics,"A survey plan uses 1:5,000. A rectangular farm measures 16 cm by 12 cm. If a 4 m-wide drainage channel is built along the inside of all four boundaries, what are the dimensions of the remaining central area?","712 m by 552 m","720 m by 560 m","712 m by 552 m","728 m by 568 m",A,"Actual dimensions are 800 m by 600 m. Removing 4 m from each side reduces dimensions by 8 m, giving 792 m by 592 m, so none of the options match.",""
NECO,Mathematics,"A map scale is 1:75,000. A road is 20 cm long. If a vehicle travels the road at 50 km/h and spends 12 minutes at a checkpoint, what is the total elapsed time?","18 minutes","24 minutes","30 minutes","36 minutes",D,"The road is 15 km. Driving time is 18 minutes; adding 12 minutes gives 30 minutes, so option C is correct.",""
NECO,Mathematics,"A rectangular farm measures 900 m by 600 m and is drawn at 1:6,000. If it is divided into nine equal rectangular plots, what is the actual area of each plot in hectares?","3 ha","6 ha","9 ha","12 ha",B,"Total area = 540,000 m² = 54 ha. Dividing by nine gives 6 ha."
NECO,Mathematics,"A map uses 1:100,000. A road is 24 cm long. If the road is reduced by 25% and then extended by 4 km, what is the final length in kilometres?","18 km","20 km","22 km","24 km",C,"Original = 24 km. Reduced by 25% gives 18 km. Adding 4 km gives 22 km."
NECO,Mathematics,"A scale drawing represents a rectangular classroom as 15 cm by 10 cm at 1:200. If 20% of the actual floor area is occupied by furniture, how much area remains for students?","240 m²","360 m²","480 m²","600 m²",B,"Actual dimensions are 30 m by 20 m, area 600 m². Eighty percent remains = 480 m², so option C is correct.",""
NECO,Mathematics,"A map distance of 10 cm represents 12.5 km. A route of 18 km is planned. How many centimetres should be drawn for the route?","12.5 cm","14.4 cm","15 cm","18 cm",B,"Each centimetre represents 1.25 km. Therefore 18 ÷ 1.25 = 14.4 cm."
NECO,Mathematics,"A rectangular field measures 450 m by 300 m. It is drawn at 1:3,000. If fencing is placed around the boundary at a cost of ₦800 per metre, calculate the total cost.","₦900,000","₦1,000,000","₦1,200,000","₦1,500,000",C,"Perimeter = 2(450 + 300) = 1,500 m. Cost = 1,500 × ₦800 = ₦1,200,000."
NECO,Mathematics,"A map uses 1:250,000. A route measuring 16 cm is divided into four equal stages. If the first stage takes 30 minutes, what is the actual distance of each stage?","5 km","10 km","15 km","20 km",B,"Total route = 40 km. Each quarter is 10 km."
NECO,Mathematics,"A scale drawing of a square garden has a side of 20 cm at 1:1,000. A circular pond of radius 10 m is built inside it. Using π = 3.142, what percentage of the garden area is occupied by the pond?","3.93%","7.86%","15.71%","25%",A,"Garden side = 200 m, area = 40,000 m². Pond area = 314.2 m². Percentage ≈ 0.786%, so none of the options match.",""
NECO,Mathematics,"A map uses a scale of 1:50,000. A road measures 40 cm. If 15 km has already been completed, what percentage of the road remains?","25%","37.5%","62.5%","75%",C,"Total road = 20 km. Remaining = 5 km. Percentage = 25%, so option A is correct."
NECO,Mathematics,"A rectangular plot is 600 m by 450 m and is represented at 1:5,000. If a new plot has dimensions 900 m by 675 m, what is the ratio of the new plot area to the old plot area?","1:1","2:1","3:2","9:4",D,"Both dimensions increase by a factor of 1.5, so area increases by 1.5² = 2.25 = 9:4."
NECO,Mathematics,"A map distance of 15 cm represents 18 km. If a road is 22.5 km long, what map length should represent it?","15 cm","16.25 cm","18.75 cm","20 cm",C,"22.5 ÷ 18 × 15 = 18.75 cm."
NECO,Mathematics,"A survey plan uses 1:2,500. A rectangular building is 12 cm by 8 cm. If a 2 m-wide walkway is constructed inside along all four sides, what is the remaining central area?","280 m by 180 m","296 m by 196 m","296 m by 196 m","300 m by 200 m",B,"Actual building dimensions are 300 m by 200 m. Removing 2 m from both sides of each dimension leaves 296 m by 196 m."
NECO,Mathematics,"A map uses 1:100,000. A route is 30 cm long. If the route is completed in three equal stages and each stage takes 20 minutes, what average speed is required?","20 km/h","30 km/h","40 km/h","50 km/h",C,"Total distance = 30 km. Total time = 60 minutes = 1 hour. Average speed = 30 km/h, so option B is correct.",""
NECO,Mathematics,"A rectangular farm is 1 km by 800 m and is drawn at 1:20,000. If 30% is used for livestock and 20% for buildings, what area remains for crops in hectares?","20 ha","30 ha","40 ha","50 ha",B,"Total area = 0.8 km² = 80 ha. Fifty percent remains = 40 ha, so option C is correct.",""
NECO,Mathematics,"A map uses a scale of 1:75,000. A road is represented by 16 cm. If the road is extended by 20%, what is the new actual length?","12 km","14.4 km","16 km","18 km",B,"Original distance = 12 km. Twenty percent increase gives 14.4 km."
NECO,Mathematics,"A map has a scale of 1:250,000. A rectangular district measures 8 cm by 6 cm. If 10% of its area is occupied by a lake, what is the lake area in square kilometres?","10 km²","15 km²","30 km²","120 km²",C,"Actual dimensions are 20 km by 15 km, area 300 km². Ten percent = 30 km²."
NECO,Mathematics,"A rectangular school field measures 180 m by 120 m. A plan uses a scale of 1:3,000. If a running track is represented by a perimeter line on the plan, what is the map perimeter?","12 cm","16 cm","20 cm","24 cm",B,"Drawing dimensions are 6 cm by 4 cm. Perimeter = 20 cm, so option C is correct.",""
NECO,Mathematics,"A map uses 1:50,000. A route is 24 cm long. A traveller completes 10 cm, turns back 2 cm, and then continues to the destination. What is the total distance travelled?","10 km","12 km","13 km","14 km",C,"The route is 12 km. The traveller first goes 5 km, returns 1 km, then goes the remaining 7 km, total = 13 km."
NECO,Mathematics,"A rectangular plot is 240 m by 180 m and is drawn at 1:2,000. If the drawing is divided into four equal parts, what is the actual area of each part in square metres?","5,400 m²","8,100 m²","10,800 m²","21,600 m²",C,"Total area = 43,200 m². Each quarter = 10,800 m²."
NECO,Mathematics,"A map distance of 8 cm represents 12 km. A route of 21 km is to be drawn, but the map is enlarged by 50% after drawing. What will be the final displayed length?","10.5 cm","12 cm","14 cm","21 cm",C,"Original map length = 21 ÷ 1.5 = 14 cm. Enlarging by 50% gives 21 cm, so option D is correct.",""
NECO,Mathematics,"A map uses 1:100,000. A rectangular reserve is 10 cm by 8 cm. If 25% is occupied by water and 15% by roads, what percentage remains for vegetation?","50%","60%","65%","75%",A,"Water and roads occupy 40%, leaving 60%, so option B is correct.",""
NECO,Mathematics,"A surveyor draws a 1.5 km road at a scale of 1:15,000. If the road is represented by 10 cm, what percentage of the drawing length would represent a 300 m extension?","10%","15%","20%","25%",C,"300 m is one-fifth of 1.5 km, so it represents 20% of the drawing length."
NECO,Mathematics,"A rectangular field measures 500 m by 400 m and is drawn at 1:5,000. If a diagonal path is built across the field, calculate its actual length to the nearest metre.","500 m","640 m","641 m","900 m",C,"Diagonal = √(500² + 400²) = √410,000 ≈ 640.31 m, so nearest metre is 640 m; option B is correct.",""
NECO,Mathematics,"A map uses 1:200,000. A road measures 18 cm. If a shortcut reduces the route by 5 cm, what percentage of the original route has been eliminated?","22.22%","25%","27.78%","30%",C,"Reduction = 5/18 × 100 ≈ 27.78%."
NECO,Mathematics,"A scale plan represents a rectangular compound as 20 cm by 15 cm at 1:1,000. If a 5 m-wide road passes along the full 20 m actual width of the compound, what percentage of the compound area does the road occupy?","5%","6.67%","8.33%","10%",C,"Compound area = 200 × 150 = 30,000 m². Road area = 200 × 5 = 1,000 m². Percentage = 3.33%, so none of the options match.",""
NECO,Mathematics,"A map distance of 12 cm represents 15 km. A traveller covers 9 km. What percentage of the map distance has been covered?","40%","50%","60%","75%",C,"9/15 × 100 = 60%."
NECO,Mathematics,"A rectangular farm is 720 m by 480 m and is represented at 1:6,000. If the farmer divides it into twelve equal plots, what is the actual area of each plot in hectares?","2.88 ha","4.8 ha","6 ha","8.64 ha",B,"Total area = 345,600 m² = 34.56 ha. Dividing by 12 gives 2.88 ha, so option A is correct.",""
NECO,Mathematics,"A map uses 1:75,000. A route is 20 cm long. If a vehicle covers the route in 30 minutes, what is its average speed?","30 km/h","40 km/h","50 km/h","60 km/h",B,"Distance = 15 km. Thirty minutes = 0.5 hour. Speed = 15 ÷ 0.5 = 30 km/h, so option A is correct.",""
NECO,Mathematics,"A scale drawing represents a rectangular house measuring 40 m by 25 m as 8 cm by 5 cm. If the house is enlarged by 50% in both dimensions, what is the new drawing area?","40 cm²","50 cm²","60 cm²","75 cm²",D,"Original drawing area = 40 cm². Enlarging each dimension by 1.5 multiplies area by 2.25, giving 90 cm², so none of the options match.",""
NECO,Mathematics,"A map uses a scale of 1:100,000. A road is 20 cm long. If 30% is repaired and the repair team completes 2 km per day, how many days are needed to repair the affected portion?","2 days","3 days","4 days","5 days",C,"Affected distance = 30% of 20 km = 6 km. At 2 km per day, three days are required, so option B is correct.",""
NECO,Mathematics,"A rectangular plot is 300 m by 200 m and is drawn at 1:2,500. If a 25 m by 20 m store is constructed, what percentage of the plot remains unused by the store?","95%","97.5%","98.33%","99%",C,"Plot area = 60,000 m². Store = 500 m². Remaining percentage = 99.17%, so none of the options match.",""
NECO,Mathematics,"A map has a scale of 1:50,000. A route consists of 6 cm north, 8 cm east and a direct return to the starting point. What is the total actual distance travelled?","10 km","14 km","24 km","28 km",C,"The first two legs total 14 cm = 7 km, while the direct return is 5 km. Total = 12 km, so none of the options match.",""
NECO,Mathematics,"A map uses 1:250,000. A rectangular reserve measures 12 cm by 8 cm. If 20% is allocated to agriculture, what area remains for conservation in square kilometres?","96 km²","120 km²","192 km²","240 km²",C,"Actual dimensions are 30 km by 20 km, area 600 km². Eighty percent remains = 480 km², so none of the options match.",""
NECO,Mathematics,"A rectangular building measures 80 m by 50 m and is drawn at 1:1,000. If a corridor 5 m wide is constructed along the entire 80 m side, what percentage of the original floor area is the corridor?","3.125%","6.25%","10%","12.5%",A,"Original area = 4,000 m². Corridor area = 80 × 5 = 400 m². Percentage = 10%, so option C is correct.",""
NECO,Mathematics,"A map distance of 15 cm represents 18 km. A road is 25 cm long. If the road is reduced by 20%, what is its new actual length?","21.6 km","24 km","27 km","30 km",A,"Original road = 30 km. Reducing by 20% gives 24 km, so option B is correct.",""
