url,subject,question,optionA,optionB,optionC,optionD,answer,reason,status,problem
https://myschoolgist.com/news/jupeb-past-questions/,Unknown,,,,,,,,REJECTED,"question, optionA, optionB, optionC, optionD, answer"
https://myschoolgist.com/news/jupeb-past-questions/,Unknown,"partnering universities led by the University of Lagos. Prepare for JAMB, WAEC, NECO, BECE, NCEE and Post UTME Practise CBT Exams on Mobile or PC Prepare for Post UTME, WAEC, NECO, JAMB UTME, Junior WAEC (BECE) and Common Entrance (NCEE) with the MySchoolGist CBT App and Software. Use it on Android, iPhone or Windows to practise past questions anytime. Android App iPhone App Windows 10+ Windows 7 & 8 Need help choosing the right version? Chat with us on WhatsApp . SEE ALSO: JUPEB Affiliate Universities . DOWNLOAD JUPEB Past Questions Click on the link representing the subject(s) of your choice to access the past questions: Subject 2015 2019 2020 Accounting Download PDF Download PDF Download PDF Agricultural Science Download PDF MCQ & Essay MCQ & Essay Practical Biology Download PDF MCQ & Essay MCQ & Essay Practical Business Studies Download PDF Download PDF Download PDF Chemistry Download PDF MCQ & Essay MCQ & Essay Practical Christian Religious Studies Download PDF Download PDF Download PDF Economics Download PDF Download PDF Download PDF French Download PDF MCQ & Essay MCQ & Essay Geography Download PDF Download PDF Download PDF Government Download PDF Download PDF Download PDF History Download PDF Download PDF Download PDF Igbo – – Download PDF Islamic Religious Studies Download PDF Download PDF Download PDF Literature in English Download PDF Download PDF Download PDF Mathematics Download PDF Download PDF Download PDF Music Download PDF – MCQ & Essay Physics Download PDF MCQ & Essay MCQ & Essay Practical Visual Arts Download PDF – MCQ & Essay Practical Yoruba Download PDF – – For more past JUPEB past questions, check https://jupe",,Timetable,,Joint Universities Preliminary Examinations Board (JUPE,,,REJECTED,"optionA, optionC, answer"
https://myschoolgist.com/news/jupeb-past-questions/,Unknown,,,,,,,,REJECTED,"question, optionA, optionB, optionC, optionD, answer"
https://myschoolgist.com/news/check-waec-result-waec-may-june-result/,Unknown,,,,,,,,REJECTED,"question, optionA, optionB, optionC, optionD, answer"
https://myschoolgist.com/news/check-waec-result-waec-may-june-result/,Unknown,"Check WASSCE School Candidate Results Online or by SMS By Olusegun Fapohunda August 5, 2026 Time to Rea",,,,"Open the WAEC Result Checker PIN portal . Enter the required examination details. Access the Result Checker PIN shown on the portal. Keep the PIN and serial number safe for result checking. Schools may also share these steps with their candidates so each person can obtain the required access details. How Can a Candidate Buy Another WAEC Result Checker PIN? A candidate whose PIN has been exhausted can buy another Result Checker PIN through the WAEC Request Portal. Visit the WAEC Request Portal . Wait for the transaction reference to appear. Select ""Request For Service"" under ""Request Type"". Choose ""Sale of WAEC Direct Result Checker"". Enter the required name, phone number and email address. Pay ₦4,",,,REJECTED,"optionA, optionB, optionC, answer"
https://myschoolgist.com/news/check-waec-result-waec-may-june-result/,Unknown,"Receive the new PIN after payment. The new PIN should be stored carefully because it will be required with the serial number during online checking. How to Check the 2026 WAEC Result Online Candidates who have their examination number, PIN and serial number can check the result through the WAEC Direct portal. Visit the WAEC Direct Result Portal . Enter the ten-digit examination number. Select 2026 as the examination year. Choose ""School Candidate Result"" as the examination type. Enter the e-PIN and serial number. Select ""Submit"" and allow the page to loa",,,,"Candidates should check each entry before submission. Repeatedly pressing the submit button is unnecessary while the portal is processing the request. How to Check the 2026 WAEC Result by SMS Candidates may use SMS where internet access is slow or unavailable. The text must follow the stated format: WAECExamNumberPIN*ExamYear The completed message should be sent to 32327 through MTN, Airtel or Glo. Each message costs ₦",,,REJECTED,"optionA, optionB, optionC, answer"
https://myschoolgist.com/news/check-waec-result-waec-may-june-result/,Unknown,"For example, a candidate with examination number 4250101001 and PIN 123456789012 will sen",,,"Information about claims of result changes is covered in the WAEC result upgrade guide . A result may affect the next application step, but it does not end the candidate's education plans. Some candidates sit for WAEC more than once before meeting the grades required for their chosen path. Common Questions About WAEC Results 2026 How Many Digits Are in a WAEC Examination Number? A WAEC examination number has ten digits. It is formed from the examination centre number and the candidate's seat number. Can a Candidate Check the Result Without Internet Access? Yes. A candidate can send the required SMS format to 32327 on MTN, Airtel or Glo. How Much Does WAEC SMS Result Checking Cost? Each result checking SMS costs ₦","com. The email should contain: Exact error message displayed Candidate's examination number Examination year Examination type, stated as School Candidate The message should be brief and should contain the details needed to identify the failed request. What Do Held, Withheld and Outstanding Mean? Some candidates may see terms such as held, withheld or outstanding instead of a complete result. The guide to WAEC result status meanings explains these terms and the status shown beside affected subjects or results. A candidate whose result has been held back can submit a complaint through the official WAEC complaints page . What Should a Candidate Do After Checking the Result? A candidate who has viewed the result can apply for a digital certificate through the WAEC Digital Certificate Platform guide . The printed certificate will be ready for collection from the candidate's school in about three months. Candidates whose grades do not meet their plans may read what to do after failing WAE",,,REJECTED,"optionA, optionB, answer"
https://myschoolgist.com/news/check-waec-result-waec-may-june-result/,Unknown,,,,,,,,REJECTED,"question, optionA, optionB, optionC, optionD, answer"
https://myschoolgist.com/news/check-waec-result-waec-may-june-result/,Unknown,When Will the Printed WAEC Certificate Be Ready? The printed copy will be ready for collection from the candidate's school in about three months. Alternative admission via JUPEB/IJMB programmes (SPONSORE,,Enjoy Low Fees! Call 08033006849 Now! Search MySchoolGist ... Search Tagge,Results Statistics,"West African Examinations Council : WAEC Nigeria Share This Post: If this post helped you, share it with others! Use the buttons below to spread the word! WhatsApp X (Twitter) Facebook Suggested Articles Failed 2026 WAEC May/June Exam? Urgent Solution West African Examinations Council (WAE",,,REJECTED,"optionA, answer"
https://myschoolgist.com/news/check-waec-result-waec-may-june-result/,Unknown,"Pass Rates, Withheld Results and Candidate Figures WAEC GCE Registration 2026 Second Series: Fee, PIN Deadline and CBT Exam Guide [UPDATED] WAEC GCE Registration Closing Date/Deadline 2026 West African Examinations Council (WAE",,,"WASSCE 2026 Result Checker PIN: How School Candidates Can Get It WAEC Result: Meaning of Held or Witheld or Outstanding and Other Terms Meet The Author Olusegun Fapohunda is the founder and editor of MySchoolGist, with over a decade of experience in education publishing. He covers education updates, admission notices, examination news, scholarships, career opportunities and related public information. Connect with him on X (formerly Twitter) .",,,,REJECTED,"optionA, optionB, optionD, answer"
https://myschoolgist.com/news/waec-digital-certificate-platform/,Unknown,Account creation at waec.org 2. Sign-in 3. Wallet funding 4. Certificate access & download Security Matching personal info with ID is mandatory. Fees,,,,,,,REJECTED,"optionA, optionB, optionC, optionD, answer"
https://myschoolgist.com/news/waec-digital-certificate-platform/,Unknown,"units for number recovery, 30 units for certificate access, 14 units for sharing. Limitations Withheld certificates aren't accessible/confirmable. Tech Support Complaint ticket section available; 24-hour response rule. Official Info Updates available on WAEC's official Twitter handle. Table of contents Understanding the WAEC Digital Certificate Platform Accessing Your WAEC Certificate Online: Step-by-step Guide 1. Account Creation: 2. Account Setup: 3. Personal Information: 4. Logging In: 5. Forgotten Candidate Number: 6. Funding Your Wallet: 7. Purchasing the WAEC Digital Certificate: 8. Downloading and Sharing:",,,,,,,REJECTED,"optionA, optionB, optionC, optionD, answer"
https://myschoolgist.com/news/waec-digital-certificate-platform/,Unknown,Account Creation:,,,,,,,REJECTED,"optionA, optionB, optionC, optionD, answer"
https://myschoolgist.com/news/waec-digital-certificate-platform/,Unknown,Account Setup:,,,,,,,REJECTED,"optionA, optionB, optionC, optionD, answer"
https://myschoolgist.com/news/waec-digital-certificate-platform/,Unknown,Personal Information:,,,,,,,REJECTED,"optionA, optionB, optionC, optionD, answer"
https://myschoolgist.com/news/waec-digital-certificate-platform/,Unknown,Logging In:,,,,,,,REJECTED,"optionA, optionB, optionC, optionD, answer"
https://myschoolgist.com/news/waec-digital-certificate-platform/,Unknown,Forgotten Candidate Number:,,,,,,,REJECTED,"optionA, optionB, optionC, optionD, answer"
https://myschoolgist.com/news/waec-digital-certificate-platform/,Unknown,Funding Your Wallet:,,,,,,,REJECTED,"optionA, optionB, optionC, optionD, answer"
https://myschoolgist.com/news/waec-digital-certificate-platform/,Unknown,Purchasing the WAEC Digital Certificate:,,,,,,,REJECTED,"optionA, optionB, optionC, optionD, answer"
https://myschoolgist.com/news/waec-digital-certificate-platform/,Unknown,"Downloading and Sharing: Raising Queries and Addressing Concerns Important Caveat Understanding the WAEC Digital Certificate Platform Building on its longstanding objectives of promoting academic and moral excellence, fostering sustainable human resource development, encouraging international cooperation and ensuring swift service delivery, WAEC Nigeria has launched an innovative Digital Certificate platform. Prepare for JAMB, WAEC, NECO, BECE, NCEE and Post UTME Practise CBT Exams on Mobile or PC Prepare for Post UTME, WAEC, NECO, JAMB UTME, Junior WAEC (BECE) and Common Entrance (NCEE) with the MySchoolGist CBT App and Software. Use it on Android, iPhone or Windows to practise past questions anytime. Android App iPhone App Windows 10+ Windows 7 & 8 Need help choosing the right version? Chat with us on WhatsApp . Prepare for JAMB, WAEC, NECO, BECE, NCEE and Post UTME Practise CBT Exams on Mobile or PC Prepare for Post UTME, WAEC, NECO, JAMB UTME, Junior WAEC (BECE) and Common Entrance (NCEE) with the MySchoolGist CBT App and Software. Use it on Android, iPhone or Windows to practise past questions anytime. Post UTME, WAEC, NECO, JAMB UTME, Junior WAEC (BECE) Common Entrance (NCEE) Android App iPhone App Windows 10+ Windows 7 & 8 Need help choosing the right version? Chat with us on WhatsApp . This state-of-the-art platform, available as both a mobile and web-based application, is tailored to cater to candidates, individuals, institutions and organisations alike. Among its standout features, it facilitates: Accessing and sharing certificates Accessing sharing Requesting and confirming certificate validity Retrieving forgotten WAEC candidate examination numbers Accessing Your WAEC Certificate Online: Step-by-step Guide",,,,,,,REJECTED,"optionA, optionB, optionC, optionD, answer"
https://myschoolgist.com/news/waec-digital-certificate-platform/,Unknown,"Account Creation: Go to waec.org on any browser. Click ""Create Account"" on the top right corner.",,,,,,,REJECTED,"optionA, optionB, optionC, optionD, answer"
https://myschoolgist.com/news/waec-digital-certificate-platform/,Unknown,"Account Setup: Select ""Certificate Access (Candidate)"". Fill in your contact details, ensuring your email is accessible for verification. Confirm your account using the verification code sent to your email.",,,,,,,REJECTED,"optionA, optionB, optionC, optionD, answer"
https://myschoolgist.com/news/waec-digital-certificate-platform/,Unknown,"Personal Information: When registering, enter your details exactly as they appear on your chosen ID form. This ensures your name on the platform and digital certificate align.",,,,,,,REJECTED,"optionA, optionB, optionC, optionD, answer"
https://myschoolgist.com/news/waec-digital-certificate-platform/,Unknown,"Logging In: Use your email and password to sign in. To obtain the certificate, complete the form with your Exam year, Exam type and WAEC candidate number. For ""Exam type,"" choose from: WASSCE for school candidates or WASSCE for private students 1 & 2.",,,,,,,REJECTED,"optionA, optionB, optionC, optionD, answer"
https://myschoolgist.com/news/waec-digital-certificate-platform/,Unknown,"Forgotten Candidate Number: If you've forgotten your candidate number, you can retrieve it by providing additional personal details and paying 3,000 Naira (12 units) via the platform's digital wallet.",,,,,,,REJECTED,"optionA, optionB, optionC, optionD, answer"
https://myschoolgist.com/news/waec-digital-certificate-platform/,Unknown,"Funding Your Wallet: The platform uses a digital wallet system to manage payments. You can fund your wallet by purchasing units via card, bank transfer or USSD. Transaction fees may apply. To view your unit credits, check your billing history.",,,,,,,REJECTED,"optionA, optionB, optionC, optionD, answer"
https://myschoolgist.com/news/waec-digital-certificate-platform/,Unknown,"Purchasing the WAEC Digital Certificate: If payments aren't reflected immediately, consider re-logging. Once funded with at least 30 units, revisit the initial form and click 'access certificate.' Provide your BVN when prompted. After verification, you'll be charged 30 units and your certificate will be available shortly.",,,,,,,REJECTED,"optionA, optionB, optionC, optionD, answer"
https://myschoolgist.com/news/waec-digital-certificate-platform/,Unknown,"Downloading and Sharing: You can download your certificate for free. Sharing your certificate (e.g., to universities) costs 3,500 Naira (14 units). Click the share icon, enter the recipient's email, pay the fee and it's sent. Confirm receipt with the recipient. Raising Queries and Addressing Concerns For any issues or inquiries, the platform is equipped with a section enabling users to submit a complaint ticket directed to the support team. Additionally, they maintain an active presence on social media for more instantaneous interactions. The platform prides itself on its 24-hour response rule . 24-hour response rule Important Caveat According to the official WAEC Twitter handle , all certificates that have been withheld are not accessible or verifiable on this platform. certificates In summation, the WAEC Digital Certificate platform is a pioneering solution, streamlining processes and ensuring West African students and professionals can easily access their academic credentials, irrespective of their global location. Alternative admission via JUPEB/IJMB programmes (SPONSORED) Enter 200-Level Directly! Gain University Admission via JUPEB/IJMB . Enjoy Low Fees! Call 08033006849 Now! Alternative admission via JUPEB/IJMB programmes (SPONSORED) Enter 200-Level Directly! Gain University Admission via JUPEB/IJMB . Enjoy Low Fees! Call 08033006849 Now! Search MySchoolGist ... Search Tagged: West African Examinations Council : WAEC Nigeria Tagged: Share This Post: If this post helped you, share it with others! Use the buttons below to spread the word! Share This Post: WhatsApp X (Twitter) Facebook WhatsApp X (Twitter) Facebook Suggested Articles West African Examinations Council (WAEC) Results: 2026 WASSCE for School Candidates (May/June Exam) Failed 2026 WAEC May/June Exam? Urgent Solution Wish to Upgrade Your 2026 WAEC Result? Read This West African Examinations Council (WAEC) Results Statistics 2026: Pass Rates, Withheld Results and Candidate Figures WAEC GCE Registration 2026 Second Series: Fee, PIN Deadline and CBT Exam Guide [UPDATED] WAEC GCE Registration Closing Date/Deadline 2026 West African Examinations Council (WAEC) WASSCE 2026 Result Checker PIN: How School Candidates Can Get It WAEC Result: Meaning of Held or Witheld or Outstanding and Other Terms Suggested Articles Articles West African Examinations Council (WAEC) Results: 2026 WASSCE for School Candidates (May/June Exam) Failed 2026 WAEC May/June Exam? Urgent Solution Wish to Upgrade Your 2026 WAEC Result? Read This West African Examinations Council (WAEC) Results Statistics 2026: Pass Rates, Withheld Results and Candidate Figures WAEC GCE Registration 2026 Second Series: Fee, PIN Deadline and CBT Exam Guide [UPDATED] WAEC GCE Registration Closing Date/Deadline 2026 West African Examinations Council (WAEC) WASSCE 2026 Result Checker PIN: How School Candidates Can Get It WAEC Result: Meaning of Held or Witheld or Outstanding and Other Terms Previous story WAEC Result: Meaning of Held or Witheld or Outstanding and Other Terms Next story Failed 2026 WAEC May/June Exam? Urgent Solution Previous story WAEC Result: Meaning of Held or Witheld or Outstanding and Other Terms Next story Failed 2026 WAEC May/June Exam? Urgent Solution Meet The Author Olusegun Fapohunda is the founder and editor of MySchoolGist, with over a decade of experience in education publishing. He covers education updates, admission notices, examination news, scholarships, career opportunities and related public information. Connect with him on X (formerly Twitter) . Meet The Author Olusegun Fapohunda is the founder and editor of MySchoolGist, with over a decade of experience in education publishing. He covers education updates, admission notices, examination news, scholarships, career opportunities and related public information. Connect with him on X (formerly Twitter) . Home About Disclaimer Privacy Policy Quick Links Education Resources WAEC Past Questions NABTEB Past Questions JAMB Past Questions Post UTME Past Questions Universities Polytechnics Monotechnics Colleges of Education Top Universities Illegal Universities Courses JAMB WAEC NECO Jobs in Nigeria MySchoolGist Web Services is a registered publisher and marketing solutions provider in Nigeria. It publishes Myschoolgist.com, a leading digital publication that covers the latest educational trends, career opportunities and current news. Copyright © 2012 - 2026 MySchoolGist Home About Disclaimer Privacy Policy Quick Links Education Resources WAEC Past Questions NABTEB Past Questions JAMB Past Questions Post UTME Past Questions Universities Polytechnics Monotechnics Colleges of Education Top Universities Illegal Universities Courses JAMB WAEC NECO Jobs in Nigeria Quick Links Education Resources WAEC Past Questions NABTEB Past Questions JAMB Past Questions Post UTME Past Questions Universities Polytechnics Monotechnics Colleges of Education Top Universities Illegal Universities Courses JAMB WAEC NECO Jobs in Nigeria MySchoolGist Web Services is a registered publisher and marketing solutions provider in Nigeria. It publishes Myschoolgist.com, a leading digital publication that covers the latest educational trends, career opportunities and current news. Copyright © 2012 - 2026 MySchoolGist",,,,,,,REJECTED,"optionA, optionB, optionC, optionD, answer"
https://myschoolgist.com/keyword/www-waecdirect-org/,Unknown,"WAEC GCE Syllabus Available Here : All Subjects Last Modified on May 20th, 2026 We recently announced the commencement of the 2026 WAEC GCE registration and the release of the WAEC GCE Timetable. After the publication, some candidates contacted us for the WAEC GCE Syllabus, but to our amazement, we've already shared the WAEC Syllabus of over 50 Subjects on this site. Apart from the WAEC …",,,,,,,REJECTED,"optionA, optionB, optionC, optionD, answer"
https://myschoolgist.com/keyword/www-waecdirect-org/,Unknown,"WAEC GCE Syllabus Available Here : All Subjects Last Modified on May 20th, 2026 We recently announced the commencement of the 2026 WAEC GCE registration and the release of the WAEC GCE Timetable. After the publication, some candidates contacted us for the WAEC GCE Syllabus, but to our amazement, we've already shared the WAEC Syllabus of over 50 Subjects on this site. Apart from the WAEC … Price of WAEC GCE Scratch Cards & Selling Points Last Modified on May 20th, 2026 Price of WAEC GCE Form (now referred to as West African Senior School Certificate Examination (WASSCE) for Private Candidates). Since the announcement of the commencement of the 2026 West African Senior School Certificate Examination (WASSCE) for Private Candidates Registration, we have been receiving emails from different candidates regarding the price … Price of WAEC GCE Scratch Cards & Selling Points Last Modified on May 20th, 2026 Price of WAEC GCE Form (now referred to as West African Senior School Certificate Examination (WASSCE) for Private Candidates). Since the announcement of the commencement of the 2026 West African Senior School Certificate Examination (WASSCE) for Private Candidates Registration, we have been receiving emails from different candidates regarding the price … WAEC GCE 'Walk-in Candidates' Registration Process 2026 Last Modified on May 20th, 2026 West African Examinations Council, WAEC 'walk-in candidates' registration for the 2026 West African Senior School Certificate Examination (WASSCE) for Private Candidates, Second Series will commence immediately after the closure of the normal registration window. This is to inform all the candidates that missed registering for the 2026 WAEC GCE during … WAEC GCE 'Walk-in Candidates' Registration Process 2026 Last Modified on May 20th, 2026 West African Examinations Council, WAEC 'walk-in candidates' registration for the 2026 West African Senior School Certificate Examination (WASSCE) for Private Candidates, Second Series will commence immediately after the closure of the normal registration window. This is to inform all the candidates that missed registering for the 2026 WAEC GCE during … WAEC GCE Registration Form Template 2026 Last Modified on May 20th, 2026 WAEC GCE registration template – 2026 WASSCE Second series. Mistakes are inevitable. In the case of online registrations, mistakes can be averted by first filling in the data required online on paper. It's appropriate for all candidates to first download and print out the 2026 WAEC GCE blank registration form … WAEC GCE Registration Form Template 2026 Last Modified on May 20th, 2026 WAEC GCE registration template – 2026 WASSCE Second series. Mistakes are inevitable. In the case of online registrations, mistakes can be averted by first filling in the data required online on paper. It's appropriate for all candidates to first download and print out the 2026 WAEC GCE blank registration form … NECO & WAEC CBT Software: Practise WASSCE and SSCE Offline on Windows Last Modified on May 20th, 2026 Students across Nigeria often meet the same problem before major exams: stress builds, time feels short and practice starts to feel less organised than it should. MySchoolGist NECO & WAEC CBT Software gives learners a Windows-based tool for WASSCE and SSCE preparation. The software helps students practise with a CBT … NECO & WAEC CBT Software: Practise WASSCE and SSCE Offline on Windows Last Modified on May 20th, 2026 Students across Nigeria often meet the same problem before major exams: stress builds, time feels short and practice starts to feel less organised than it should. MySchoolGist NECO & WAEC CBT Software gives learners a Windows-based tool for WASSCE and SSCE preparation. The software helps students practise with a CBT … Free WAEC Past Questions and Answers for All Subjects: WASSCE and GCE Candidates Last Modified on May 7th, 2026 Candidates preparing for the West African Senior School Certificate Examination (WASSCE) for school candidates (May/June exam) and private candidates (GCE) can now download past questions and answers (PDF) to support exam preparation. Past questions help candidates test what they already know and also spot topics they do not know well … Free WAEC Past Questions and Answers for All Subjects: WASSCE and GCE Candidates Last Modified on May 7th, 2026 Candidates preparing for the West African Senior School Certificate Examination (WASSCE) for school candidates (May/June exam) and private candidates (GCE) can now download past questions and answers (PDF) to support exam preparation. Past questions help candidates test what they already know and also spot topics they do not know well … West African Examinations Council (WAEC) Job Recruitment 2026: Positions, Requirements, Age Limit and How to Apply Last Modified on April 15th, 2026 The West African Examinations Council, WAEC, has invited applications from qualified Nigerians to fill nine vacancies. The notice covers roles in general duties, accounts, information and communication technology, audit and secretarial work. It also sets out the entry requirements, age limit, closing date and the official application link. List of … West African Examinations Council (WAEC) Job Recruitment 2026: Positions, Requirements, Age Limit and How to Apply Last Modified on April 15th, 2026 The West African Examinations Council, WAEC, has invited applications from qualified Nigerians to fill nine vacancies. The notice covers roles in general duties, accounts, information and communication technology, audit and secretarial work. It also sets out the entry requirements, age limit, closing date and the official application link. List of … West Africa Examinations Council (WAEC) Expo/Runz Last Modified on April 1st, 2026 Are you getting ready for the May/June 2026 West African Senior School Certificate Examination (WASSCE)? Scammers are targeting students like you with fake WAEC Expo/Runz offers. These dishonest websites promise real exam questions and answers before the test, but they're out to trick you. This guide shows you how to … West Africa Examinations Council (WAEC) Expo/Runz Last Modified on April 1st, 2026 Are you getting ready for the May/June 2026 West African Senior School Certificate Examination (WASSCE)? Scammers are targeting students like you with fake WAEC Expo/Runz offers. These dishonest websites promise real exam questions and answers before the test, but they're out to trick you. This guide shows you how to … West African Examinations Council (WAEC) GCE Results 2026 Released for Private Candidates, See Pass Rate and How to Check Last Modified on March 29th, 2026 The West African Examinations Council has released the 2026 Computer-Based West African Senior School Certificate Examination results for private candidates. The council made this known in a statement issued on Friday, 27 March 2026. It said 32.72% of candidates obtained five credits, including English Language and Mathematics; that figure sits … West African Examinations Council (WAEC) GCE Results 2026 Released for Private Candidates, See Pass Rate and How to Check Last Modified on March 29th, 2026 The West African Examinations Council has released the 2026 Computer-Based West African Senior School Certificate Examination results for private candidates. The council made this known in a statement issued on Friday, 27 March 2026. It said 32.72% of candidates obtained five credits, including English Language and Mathematics; that figure sits … WAEC GCE 2025 Second Series Result Released: Key Stats and How to Check on WAEC Direct Last Modified on February 18th, 2026 The West African Examinations Council (WAEC) has released the results of the 2025 Second Series Computer-Based West African Senior School Certificate Examination (WASSCE) for private candidates. In a statement issued on Monday, WAEC's Head of Public Affairs, Moyosola Adesina, said overall performance fell by 11.47 percentage points compared to 2024. … WAEC GCE 2025 Second Series Result Released: Key Stats and How to Check on WAEC Direct Last Modified on February 18th, 2026 The West African Examinations Council (WAEC) has released the results of the 2025 Second Series Computer-Based West African Senior School Certificate Examination (WASSCE) for private candidates. In a statement issued on Monday, WAEC's Head of Public Affairs, Moyosola Adesina, said overall performance fell by 11.47 percentage points compared to 2024. … WAEC GCE Timetable 2026 (First Series): WASSCE Private Candidates Exam Schedule Last Modified on January 28th, 2026 The West African Examinations Council (WAEC) has released the timetable for the 2026 First series WASSCE for Private Candidates, also called GCE. The examination runs from Wednesday, 28 Jan 2026 to Saturday, 14 Feb 2026. Exam dates at a glance Start date: Wed, 28 Jan 2026 End date: Sat, 14 … WAEC GCE Timetable 2026 (First Series): WASSCE Private Candidates Exam Schedule Last Modified on January 28th, 2026 The West African Examinations Council (WAEC) has released the timetable for the 2026 First series WASSCE for Private Candidates, also called GCE. The examination runs from Wednesday, 28 Jan 2026 to Saturday, 14 Feb 2026. Exam dates at a glance Start date: Wed, 28 Jan 2026 End date: Sat, 14 … WAEC Syllabus for SSCE & GCE Last Modified on January 23rd, 2026 You know how exam season creeps up like harmattan in the morning? One minute, you are fine, the next you are scrambling for materials. Well, WAEC has dropped the official syllabus for both school candidates and private GCE folks. If you are sitting for WASSCE in May/June or even the … WAEC Syllabus for SSCE & GCE Last Modified on January 23rd, 2026 You know how exam season creeps up like harmattan in the morning? One minute, you are fine, the next you are scrambling for materials. Well, WAEC has dropped the official syllabus for both school candidates and private GCE folks. If you are sitting for WASSCE in May/June or even the … WAEC Sample Questions and Schemes for All Subjects Last Modified on January 23rd, 2026 WAEC sample questions and WAEC schemes for all subjects are available here for FREE! They are useful for both school (May/June) candidates and private (GCE) candidates preparing for West African Senior School Certificate Examination (WASSCE). We have compiled the sample questions and scheme of work for all the subjects offered … WAEC Sample Questions and Schemes for All Subjects Last Modified on January 23rd, 2026 WAEC sample questions and WAEC schemes for all subjects are available here for FREE! They are useful for both school (May/June) candidates and private (GCE) candidates preparing for West African Senior School Certificate Examination (WASSCE). We have compiled the sample questions and scheme of work for all the subjects offered … West African Examinations Council (WAEC) Clarifies Misleading Report on Subject Restriction for WASSCE 2026 Last Modified on October 28th, 2025 The West African Examinations Council (WAEC) has addressed recent media reports claiming that the Council restricted Senior Secondary students from choosing specific subjects for the upcoming West African Senior School Certificate Examination (WASSCE) for School Candidates 2026. WAEC stated that it has not issued any directive limiting subject selection for … West African Examinations Council (WAEC) Clarifies Misleading Report on Subject Restriction for WASSCE 2026 Last Modified on October 28th, 2025 The West African Examinations Council (WAEC) has addressed recent media reports claiming that the Council restricted Senior Secondary students from choosing specific subjects for the upcoming West African Senior School Certificate Examination (WASSCE) for School Candidates 2026. WAEC stated that it has not issued any directive limiting subject selection for … WAEC Apologises for 2025 WASSCE Grading Error, Updates Results Last Modified on August 8th, 2025 Fresh results show big jump in pass rate The West African Examinations Council (WAEC) has issued a new set of results for the 2025 May/June West African Senior School Certificate Examination, admitting it made a serious grading error the first time. In the earlier release, only 38.32% of the 1,969,313 … WAEC Apologises for 2025 WASSCE Grading Error, Updates Results Last Modified on August 8th, 2025 Fresh results show big jump in pass rate The West African Examinations Council (WAEC) has issued a new set of results for the 2025 May/June West African Senior School Certificate Examination, admitting it made a serious grading error the first time. In the earlier release, only 38.32% of the 1,969,313 … WAEC Puts WASSCE 2025 Results on Hold Over Technical Glitches Last Modified on August 7th, 2025 The West African Examinations Council (WAEC) just hit pause on the 2025 WASSCE results. Yeah, you read that right. If you tried checking your result and it bounced or just disappeared into thin air, it's not you. It's them. Apparently, WAEC found some wahala in the results after they'd already … WAEC Puts WASSCE 2025 Results on Hold Over Technical Glitches Last Modified on August 7th, 2025 The West African Examinations Council (WAEC) just hit pause on the 2025 WASSCE results. Yeah, you read that right. If you tried checking your result and it bounced or just disappeared into thin air, it's not you. It's them. Apparently, WAEC found some wahala in the results after they'd already … WAEC Disowns Viral List of 151 Schools With Withheld 2025 WASSCE Results Last Modified on August 5th, 2025 What's really going on with WAEC? On Monday, WAEC released the long-awaited 2025 WASSCE results. But as people were still checking their scores and texting group chats, a list suddenly started flying around online. It claimed that 151 schools across the country had their results withheld because of exam malpractice. … WAEC Disowns Viral List of 151 Schools With Withheld 2025 WASSCE Results Last Modified on August 5th, 2025 What's really going on with WAEC? On Monday, WAEC released the long-awaited 2025 WASSCE results. But as people were still checking their scores and texting group chats, a list suddenly started flying around online. It claimed that 151 schools across the country had their results withheld because of exam malpractice. … WAEC denies cancelling 2025 WASSCE results Last Modified on July 21st, 2025 A fake press release went viral on Saturday, 19 July 2025, saying WAEC and the Federal Ministry of Education had scrapped the 2025 WASSCE for School Candidates. The rumour claimed that widespread cheating and leaked questions forced the cancellation. WAEC has now cleared the air. The Council said it never … WAEC denies cancelling 2025 WASSCE results Last Modified on July 21st, 2025 A fake press release went viral on Saturday, 19 July 2025, saying WAEC and the Federal Ministry of Education had scrapped the 2025 WASSCE for School Candidates. The rumour claimed that widespread cheating and leaked questions forced the cancellation. WAEC has now cleared the air. The Council said it never … Reps give WAEC 24-hour ultimatum to appear over ongoing exams Last Modified on May 29th, 2025 The House of Representatives Committee on Basic Education wants answers from WAEC and they're not asking politely anymore. On Thursday, 29 May, the committee issued a 24-hour deadline. WAEC must appear before it on Friday, 30 May 2025. Why the rush? The ongoing Senior School Certificate Examination (SSCE) has sparked … Reps give WAEC 24-hour ultimatum to appear over ongoing exams Last Modified on May 29th, 2025 The House of Representatives Committee on Basic Education wants answers from WAEC and they're not asking politely anymore. On Thursday, 29 May, the committee issued a 24-hour deadline. WAEC must appear before it on Friday, 30 May 2025. Why the rush? The ongoing Senior School Certificate Examination (SSCE) has sparked … WAEC Clarifies Late-Night Exams, Apologises to Students Last Modified on May 29th, 2025 On 28 May, many students across Nigeria sat for their English Language Paper 2 hours behind schedule. In some centres, the exam didn't start until late evening. Some students wrote under torchlight. Others, under kerosene lanterns. Photos and videos from social media made the rounds quickly, showing tired students still … WAEC Clarifies Late-Night Exams, Apologises to Students Last Modified on May 29th, 2025 On 28 May, many students across Nigeria sat for their English Language Paper 2 hours behind schedule. In some centres, the exam didn't start until late evening. Some students wrote under torchlight. Others, under kerosene lanterns. Photos and videos from social media made the rounds quickly, showing tired students still … Search the MySchoolGist site Search Recent Posts Lagos State University (LASU) Admission List for 2026/2027 Academic Session | Merit & Supplementary [UPDATED] Ignatius Ajuru University Of Education (IAUE) Admission List for 2026/2027 Academic Session | 1st Batch Ignatius Ajuru University Of Education (IAUE) Acceptance Fee, Clearance & Registration Procedures for 2026/2027 Newly Admitted Candidates Federal Polytechnic, Ukana Post UTME Form for 2026/2027 ND Admission Federal Polytechnic, Ukana HND Admission Form for 2026/2027 Academic Session Recent Posts Recent Lagos State University (LASU) Admission List for 2026/2027 Academic Session | Merit & Supplementary [UPDATED] Ignatius Ajuru University Of Education (IAUE) Admission List for 2026/2027 Academic Session | 1st Batch Ignatius Ajuru University Of Education (IAUE) Acceptance Fee, Clearance & Registration Procedures for 2026/2027 Newly Admitted Candidates Federal Polytechnic, Ukana Post UTME Form for 2026/2027 ND Admission Federal Polytechnic, Ukana HND Admission Form for 2026/2027 Academic Session Scholarships & Opportunities KPMG Seyi Bickersteth Scholarship Programme 2026: Eligibility, Benefits and How to Apply Startup Abuja Scholarship Programme 2026: Benefits, Requirements and How to Apply LONG Young Achievers Scholarship 2026: Up to N240,000 Per Year for Secondary Students Bridge Scholarship Award 2026: Get Fully Funded Support Through University Melajoom Foundation Scholarship 2026 for Owo Indigenes: Eligibility and How to Apply Scholarships & Opportunities Scholarships KPMG Seyi Bickersteth Scholarship Programme 2026: Eligibility, Benefits and How to Apply Startup Abuja Scholarship Programme 2026: Benefits, Requirements and How to Apply LONG Young Achievers Scholarship 2026: Up to N240,000 Per Year for Secondary Students Bridge Scholarship Award 2026: Get Fully Funded Support Through University Melajoom Foundation Scholarship 2026 for Owo Indigenes: Eligibility and How to Apply About Disclaimer Privacy Policy Quick Links Education Resources WAEC Past Questions NABTEB Past Questions JAMB Past Questions Post UTME Past Questions Universities Polytechnics Monotechnics Colleges of Education Top Universities Illegal Universities Courses JAMB WAEC NECO Jobs in Nigeria MySchoolGist Web Services is a registered publisher and marketing solutions provider in Nigeria. It publishes Myschoolgist.com, a leading digital publication that covers the latest educational trends, career opportunities and current news. Copyright © 2012 - 2026 MySchoolGist About Disclaimer Privacy Policy Quick Links Education Resources WAEC Past Questions NABTEB Past Questions JAMB Past Questions Post UTME Past Questions Universities Polytechnics Monotechnics Colleges of Education Top Universities Illegal Universities Courses JAMB WAEC NECO Jobs in Nigeria Quick Links Education Resources WAEC Past Questions NABTEB Past Questions JAMB Past Questions Post UTME Past Questions Universities Polytechnics Monotechnics Colleges of Education Top Universities Illegal Universities Courses JAMB WAEC NECO Jobs in Nigeria MySchoolGist Web Services is a registered publisher and marketing solutions provider in Nigeria. It publishes Myschoolgist.com, a leading digital publication that covers the latest educational trends, career opportunities and current news. Copyright © 2012 - 2026 MySchoolGist",,,,,,,REJECTED,"optionA, optionB, optionC, optionD, answer"
https://myschoolgist.com/section/nigeria-edu/jamb/,Unknown,"JAMB Exam Slip Printing Begins as UTME Candidates Confirm Date, Time and Centre April 15th, 2026 JAMB UTME Expo & Runs April 15th, 2026 JAMB UTME Expo & Runs April 15th, 2026 JAMB UTME Guide April 15th, 2026 JAMB UTME Guide April 15th, 2026 JAMB 2026 Exam Security Update: Police Deploy Rapid Response Teams Across Centres April 15th, 2026 JAMB 2026 Exam Security Update: Police Deploy Rapid Response Teams Across Centres April 8th, 2026 Joint Admission Matriculation Board (JAMB) Matriculation List April 8th, 2026 Joint Admission Matriculation Board (JAMB) Matriculation List April 5th, 2026 Joint Admissions and Matriculation Board (JAMB) Releases 2026 UTME Mock Results and Shares SMS Result Checking Method April 5th, 2026 Joint Admissions and Matriculation Board (JAMB) Releases 2026 UTME Mock Results and Shares SMS Result Checking Method April 5th, 2026 JAMB debunks 2026 UTME postponement rumour, confirms exam dates and warns candidates April 5th, 2026 JAMB debunks 2026 UTME postponement rumour, confirms exam dates and warns candidates April 2nd, 2026 The Lekki Headmaster JAMB Novel: Practice Questions with Full Explanations April 2nd, 2026 The Lekki Headmaster JAMB Novel: Practice Questions with Full Explanations March 24th, 2026 How to Print JAMB Mock Slip 2026 and Check Venue, Time and Exam Sessions March 24th, 2026 How to Print JAMB Mock Slip 2026 and Check Venue, Time and Exam Sessions March 12th, 2026 Joint Admissions and Matriculation Board (JAMB) registers 2,243,816 candidates for 2026 UTME as state-by-state figures emerge March 12th, 2026 Joint Admissions and Matriculation Board (JAMB) registers 2,243,816 candidates for 2026 UTME as state-by-state figures emerge February 8th, 2026 JAMB CBT Centres Approved for Registration in Zamfara State February 8th, 2026 JAMB CBT Centres Approved for Registration in Zamfara State February 8th, 2026 JAMB CBT Centres Approved for Registration in Yobe State February 8th, 2026 JAMB CBT Centres Approved for Registration in Yobe State Search the MySchoolGist site Search Scholarships & Opportunities KPMG Seyi Bickersteth Scholarship Programme 2026: Eligibility, Benefits and How to Apply Startup Abuja Scholarship Programme 2026: Benefits, Requirements and How to Apply LONG Young Achievers Scholarship 2026: Up to N240,000 Per Year for Secondary Students Bridge Scholarship Award 2026: Get Fully Funded Support Through University Melajoom Foundation Scholarship 2026 for Owo Indigenes: Eligibility and How to Apply Scholarships & Opportunities Scholarships KPMG Seyi Bickersteth Scholarship Programme 2026: Eligibility, Benefits and How to Apply Startup Abuja Scholarship Programme 2026: Benefits, Requirements and How to Apply LONG Young Achievers Scholarship 2026: Up to N240,000 Per Year for Secondary Students Bridge Scholarship Award 2026: Get Fully Funded Support Through University Melajoom Foundation Scholarship 2026 for Owo Indigenes: Eligibility and How to Apply About Disclaimer Privacy Policy Quick Links Education Resources WAEC Past Questions NABTEB Past Questions JAMB Past Questions Post UTME Past Questions Universities Polytechnics Monotechnics Colleges of Education Top Universities Illegal Universities Courses JAMB WAEC NECO Jobs in Nigeria MySchoolGist Web Services is a registered publisher and marketing solutions provider in Nigeria. It publishes Myschoolgist.com, a leading digital publication that covers the latest educational trends, career opportunities and current news. Copyright © 2012 - 2026 MySchoolGist About Disclaimer Privacy Policy Quick Links Education Resources WAEC Past Questions NABTEB Past Questions JAMB Past Questions Post UTME Past Questions Universities Polytechnics Monotechnics Colleges of Education Top Universities Illegal Universities Courses JAMB WAEC NECO Jobs in Nigeria Quick Links Education Resources WAEC Past Questions NABTEB Past Questions JAMB Past Questions Post UTME Past Questions Universities Polytechnics Monotechnics Colleges of Education Top Universities Illegal Universities Courses JAMB WAEC NECO Jobs in Nigeria MySchoolGist Web Services is a registered publisher and marketing solutions provider in Nigeria. It publishes Myschoolgist.com, a leading digital publication that covers the latest educational trends, career opportunities and current news. Copyright © 2012 - 2026 MySchoolGist",,,,,,,REJECTED,"optionA, optionB, optionC, optionD, answer"
https://myschoolgist.com/contact-us/,Unknown,,,,,,,,REJECTED,"question, optionA, optionB, optionC, optionD, answer"
https://myschoolgist.com/contact-us/,Unknown,,,,,,,,REJECTED,"question, optionA, optionB, optionC, optionD, answer"
https://myschoolgist.com/contact-us/,Unknown,,,,,,,,REJECTED,"question, optionA, optionB, optionC, optionD, answer"
https://myschoolgist.com/contact-us/,Unknown,,,,,,,,REJECTED,"question, optionA, optionB, optionC, optionD, answer"
https://myschoolgist.com/jupeb/,Unknown,"It was officially set up in April 2014 by a group of ten universities, with the University of Lagos leading the group. JUPEB is responsible for organizing standard exams for students who have completed at least one year of approved foundation or diploma courses at different universities. These students are looking to gain Direct Entry admission into the 200 Level of university courses in Nigeria and partner universities abroa","JUPEB Admission Form for 2026/2027 Academic Session June 12th, 2026 University of Africa Toru-Orua (UAT) JUPEB Admission Form for 2026/2027 Academic Session June 8th, 2026 University of Lagos (UNILAG) JUPEB Admission Form for 2026/2027 Academic Session June 8th, 2026 University of Uyo (UNIUYO) JUPEB Admission Form for 2026/2027 Academic Session June 5th, 2026 Aletheia University JUPEB Programme Admission Form for 2026/2027 Academic Session May 30th, 2026 University of Benin (UNIBEN) JUPEB Admission Form for 2026/2027 Academic Session May 28th, 2026 Crawford University JUPEB Admission Form for 2026/2027 Academic Session May 28th, 2026 Dennis Osadebay University (DOU) JUPEB Admission Form for 2026/2027 Academic Session May 25th, 2026 Renaissance University (RNU) JUPEB Admission Form for 2026/2027 Academic Session May 24th, 2026 Delta State University (DELSU) JUPEB Admission Form for 2026/2027 Academic Session May 24th, 2026 Precious Cornerstone University (PCU) IJMB/JUPEB Admission Form for 2026/2027 Academic Session May 21st, 2026 Coal City University (CCU) JUPEB Admission Form for 2026/2027 Academic Session May 16th, 2026 Joint Universities Preliminary Examinations Board (JUPE",Timetable,,"August 7th, 2026 Federal University of Technology, Owerri (FUTO) JUPEB Admission Form for 2026/2027 Academic Session July 22nd, 2026 Edo State University Iyamho JUPEB Admission Form for 2026/2027 Academic Session July 4th, 2026 Ritman University JUPEB Admission Form for 2026/2027 Academic Session June 28th, 2026 Christopher University (UNICHRIS) JUPEB Admission Form for 2026/2027 Academic Session June 28th, 2026 University of Delta (UNIDEL) JUPEB Admission Application for 2026/2027 Academic Session June 26th, 2026 Niger Delta University (NDU) JUPEB Admission Form for 2026/2027 Academic Session [NDU Pre-Degree] June 18th, 2026 Federal University Otuoke (FUOTUOKE) JUPEB Programme Admission Form for 2026/2027 Academic Session June 18th, 2026 Aletheia University JUPEB Admission Form for 2026/2027 Academic Session June 18th, 2026 Aletheia University JUPEB Approval: Direct Entry Pathway and Programme Details June 17th, 2026 Nnamdi Azikiwe University, Awka (UNIZIK) JUPEB Admission Form for 2026/2027 Academic Session June 16th, 2026 Federal University of Technology, Akure (FUT",,,REJECTED,"optionC, answer"
https://myschoolgist.com/jupeb/,Unknown,,,,,,,,REJECTED,"question, optionA, optionB, optionC, optionD, answer"
https://myschoolgist.com/jupeb/,Unknown,"Entry Requirements and How to Apply April 4th, 2026 OAU JUPEB admission form for 2026/2027 academic session now open November 9th, 2025 University of Ilorin (UNILORIN) JUPEB Admission Form for 2025/2026 Academic Session November 8th, 2025 Nnamdi Azikiwe University (UNIZIK) JUPEB Orientation Programme for 2025/2026 Newly Admitted Candidates October 31st, 2025 Wellspring University JUPEB Programme Admission for 2025/2026 Academic Session October 29th, 2025 Ekiti State University (EKSU) Pre-Degree and JUPEB Admission Form for 2025/2026 Academic Session October 29th, 2025 Nigerian Maritime University (NMU) JUPEB Admission Form for 2025/2026 Academic Session October 22nd, 2025 University of Lagos (UNILAG) JUPEB Supplementary Admission Entrance Examination 2025/2026 September 27th, 2025 Olusegun Agagu University of Science and Technology (OAUSTECH) JUPEB Admission Form for 2025/2026 Academic Session September 27th, 2025 University of Lagos (UNILAG) JUPEB Supplementary Admission Form for 2025/2026 Academic Session September 21st, 2025 African University of Science and Technology (AUST) JUPEB Admission Form for 2025/2026 Academic Session September 18th, 2025 Lagos State University (LASU) JUPEB Entrance Examination for 2025/2026 Academic Session September 15th, 2025 Lagos State University of Science and Technology (LASUSTECH) JUPEB Admission Form for 2025/2026 Academic Session September 13th, 2025 Obafemi Awolowo University (OAU) JUPEB Admission Form for 2025/2026 Academic Session September 7th, 2025 Emmanuel Alayande University of Education (EAUE","JUPEB Admission Form for 2025/2026 Academic Session [UPDATED] August 25th, 2025 University of Calabar (UNICAL) JUPEB Admission Form for 2025/2026 Academic Session August 25th, 2025 Federal University of Petroleum Resources, Effurun (FUPRE) JUPEB Admission Form for 2025/2026 Academic Session [UPDATED] August 14th, 2025 Bells University of Technology (BUT) JUPEB Admission Form for 2025/2026 Academic Session August 12th, 2025 Federal University Oye-Ekiti (FUOYE) JUPEB Admission Form for 2025/2026 Academic Session August 11th, 2025 Lagos State University (LASU) JUPEB Admission Form for 2025/2026 Academic Session August 3rd, 2025 Ignatius Ajuru University of Education (IAUE) JUPEB Admission Form for 2025/2026 Academic Session July 30th, 2025 Akwa Ibom State University (AKSU) JUPEB Admission Form for 2025/2026 Academic Session July 20th, 2025 Joseph Ayo Babalola University (JABU) JUPEB Admission Form for 2025/2026 Academic Session Load More Posts Search the MySchoolGist site Search Scholarships & Opportunities KPMG Seyi Bickersteth Scholarship Programme",,,"JUPEB Admission Form for 2025/2026 Academic Session September 4th, 2025 University of Ilesa (UNILES",,,REJECTED,"optionB, optionC, answer"
https://myschoolgist.com/jupeb/,Unknown,,,,,,,,REJECTED,"question, optionA, optionB, optionC, optionD, answer"
https://myschoolgist.com/jupeb/,Unknown,,,,,,,,REJECTED,"question, optionA, optionB, optionC, optionD, answer"
https://myschoolgist.com/jupeb/,Unknown,,,,,,,,REJECTED,"question, optionA, optionB, optionC, optionD, answer"
https://myschoolgist.com/jupeb/,Unknown,,,,,,,,REJECTED,"question, optionA, optionB, optionC, optionD, answer"
https://myschoolgist.com/news/waec-gce-timetable/,Unknown,"Prepare for JAMB, WAEC, NECO, BECE, NCEE and Post UTME Practise CBT Exams on Mobile or PC Prepare for Post UTME, WAEC, NECO, JAMB UTME, Junior WAEC (BECE) and Common Entrance (NCEE) with the MySchoolGist CBT App and Software. Use it on Android, iPhone or Windows to practise past questions anytime. Android App iPhone App Windows 10+ Windows 7 & 8 Need help choosing the right version? Chat with us on WhatsApp . Exam dates at a glance Start date: Wed, 28 Jan 2026 End date: Sat, 14 February 2026 Full WAEC GCE 2026 timetable by day Wednesday, 28 Jan 2026 The day lists Hausa, Igbo and Yoruba papers in the same time slots; candidates should note the subject that applies to them. PC3272 – Hausa 2 (Essay) Duration: 2 hrs Time: 9:30am to 11:30am PC3271 – Hausa 1 (Objective) Duration: 1 hr Time: 11:30am to 12:30pm PC3282 – Igbo 2 (Essay) Duration: 2 hrs Time: 9:30am to 11:30am PC3281 – Igbo 1 (Objective) Duration: 1 hr Time: 11:30am to 12:30pm PC3292 – Yoruba 2 (Essay) Duration: 2 hrs Time: 9:30am to 11:30am PC3291 – Yoruba 1 (Objective) Duration: 1 hr Time: 11:30am to 12:30pm Thursday, 29 January 2026 PC5042 – Biology 2 (Essay) Duration: 1 hr 40 mins Time: 9:30am to 11:10am PC5041 – Biology 1 (Objective) Duration: 50 mins Time: 11:10am to 12:00pm PC5043 – Biology 3 (Alternative to Practical Work) Duration: 2 hrs Time: 2:00pm to 4:00pm Friday, 30 January 2026 PC1042 – Financial Accounting 2 (Theory and Practice) Duration: 2 hrs 30 mins Time: 9:30am to 12:00pm PC1041 – Financial Accounting 1 (Objective) Duration: 1 hr Time: 12:00pm to 1:00pm Saturday, 31 Jan 2026 PC4022 – General Mathematics / Mathematics (Core) 2 (Essay) Duration: 2 hrs 30 mins Time: 9:30am to 12:00pm PC4021 – General Mathematics / Mathematics (Core) 1 (Objective) Duration: 1 hr 30 mins Time: 2:00pm to 3:30pm Tuesday, 3 Feb 2026 PC5022 – Agricultural Science 2 (Essay) Duration: 2 hrs 10 mins Time: 9:30am to 11:40am PC5021 – Agricultural Science 1 (Objective) Duration: 50 mins Time: 11:40am to 12:30pm PC5023 – Agricultural Science 3 (Alternative to Practical Work) Duration: 1 hr 30 mins Time: 2:00pm to 3:30pm Wednesday, 4 February 2026 PC2022 – Christian Religious Studies 2 (Essay) Duration: 2 hrs Time: 9:30am to 11:30am PC2021 – Christian Religious Studies 1 (Objective) Duration: 1 hr Time: 11:30am to 12:30pm PC2082 – Islamic Studies 2 (Essay) Duration: 2 hrs Time: 9:30am to 11:30am PC2081 – Islamic Studies 1 (Objective) Duration: 1 hr Time: 11:30am to 12:30pm Thursday, 5 Feb 2026 PC5122 – Physics 2 (Essay) Duration: 1 hr 30 mins Time: 9:30am to 11:00am PC5121 – Physics 1 (Objective) Duration: 1 hr 15 mins Time: 11:00am to 12:15pm PC5123 – Physics 3 (Alternative to Practical Work) Duration: 2 hrs 45 mins Time: 2:00pm to 4:45pm Friday, 6 February 2026 PC2042 – Geography 2 (Essay) Duration: 2 hrs Time: 9:30am to 11:30am PC2041 – Geography 1 (Objective) Duration: 1 hr Time: 11:30am to 12:30pm PC2043 – Geography 3 (Practical and Physical Geography) Duration: 1 hr 50 mins Time: 3:30pm to 5:20pm Saturday, 7 Feb 2026 PC3022 – English Language 2 (Essay) Duration: 2 hrs Time: 9:30am to 11:30am PC3021 – English Language 1 (Objective) Duration: 1 hr Time: 11:30am to 12:30pm PC3023/B – English Language 3 (Test of Orals) Duration: 45 mins Time: 2:00pm to 2:45pm Monday, 9 February 2026 PC5052 – Chemistry 2 (Essay) Duration: 2 hrs Time: 9:30am to 11:30am PC5051 – Chemistry 1 (Objective) Duration: 1 hr Time: 11:30am to 12:30pm PC5053 – Chemistry 3 (Alternative to Practical Work) Duration: 1 hr 30 mins Time: 2:00pm to 3:30pm Tuesday, 10 Feb 2026 PC2102 – Literature-In-English 2 (Prose) Duration: 1 hr 15 mins Time: 9:30am to 10:45am PC2101 – Literature-In-English 1 (Objective) Duration: 1 hr Time: 10:45am to 11:45am Wednesday, 11 Feb 2026 PC4012 – Further Mathematics / Mathematics (Elective) 2 (Essay) Duration: 2 hrs 30 mins Time: 9:30am to 12:00pm PC4011 – Further Mathematics / Mathematics (Elective) 1 (Objective) Duration: 1 hr 30 mins Time: 2:00pm to 3:30pm Thursday, 12 February 2026 PC2032 – Economics 2 (Essay) Duration: 2 hrs Time: 9:30am to 11:30am PC2031 – Economics 1 (Objective) Duration: 1 hr Time: 11:30am to 12:30pm PC2103 – Literature-In-English 3 (Drama & Poetry) Duration: 2 hrs 30 mins Time: 2:00pm to 4:30pm Friday, 13 Feb 2026 PC2052 – Government 2 (Essay) Duration: 2 hrs Time: 9:30am to 11:30am PC2051 – Government 1 (Objective) Duration: 1 hr Time: 11:30am to 12:30pm PC1032 – Commerce 2 (Essay) Duration: 2 hrs Time: 3:30pm to 5:30pm PC1031 – Commerce 1 (Objective) Duration: 50 mins Time: 5:30pm to 6:20pm Saturday, 14 Feb 2026 PC2162 – Civic Education 2 (Essay) Duration: 2 hrs Time: 9:30am to 11:30am PC2161 – Civic Education 1 (Objective) Duration: 1 hr Time: 11:30am to 12:30pm PDF download The PDF version (84K",,Enjoy Low Fees! Call 08033006849 Now! Search MySchoolGist ... Search Tagge,"WASSCE 2026 Result Checker PIN: How School Candidates Can Get It WAEC Result: Meaning of Held or Witheld or Outstanding and Other Terms Wish to Upgrade Your 2026 WAEC Result? Read This Meet The Author Olusegun Fapohunda is the founder and editor of MySchoolGist, with over a decade of experience in education publishing. He covers education updates, admission notices, examination news, scholarships, career opportunities and related public information. Connect with him on X (formerly Twitter) .","WAEC GCE Registration Portal , West African Examinations Council : WAEC Nigeria Share This Post: If this post helped you, share it with others! Use the buttons below to spread the word! WhatsApp X (Twitter) Facebook Suggested Articles WAEC GCE Registration Closing Date/Deadline 2026 West African Examinations Council (WAE",,,REJECTED,"optionA, answer"
https://myschoolgist.com/privacy-policy/,Unknown,,,,,,,,REJECTED,"question, optionA, optionB, optionC, optionD, answer"
https://myschoolgist.com/privacy-policy/,Unknown,,,,,,,,REJECTED,"question, optionA, optionB, optionC, optionD, answer"
https://myschoolgist.com/privacy-policy/,Unknown,,,,,,,,REJECTED,"question, optionA, optionB, optionC, optionD, answer"
https://myschoolgist.com/privacy-policy/,Unknown,,,,,,,,REJECTED,"question, optionA, optionB, optionC, optionD, answer"
https://myschoolgist.com/section/past-questions/,Unknown,,,,,,,,REJECTED,"question, optionA, optionB, optionC, optionD, answer"
https://myschoolgist.com/section/past-questions/,Unknown,,,,,,,,REJECTED,"question, optionA, optionB, optionC, optionD, answer"
https://myschoolgist.com/section/past-questions/,Unknown,,,,,,,,REJECTED,"question, optionA, optionB, optionC, optionD, answer"
https://myschoolgist.com/section/past-questions/,Unknown,,,,,,,,REJECTED,"question, optionA, optionB, optionC, optionD, answer"
https://myschoolgist.com/news/un-sdsn-youth-lpf/,Unknown,"months, 5-7 hours/week Professional Growth Leadership in urban sustainability Global Network Connect with 550+ fellows from 180 cities in 80 countries Development Project Create projects addressing urban challenges Application Deadline January 22, 2024 Program Start March 1, 2024 Table of contents Programme Insights What is the Local Pathways Fellowship? Fellowship Eligibility Criteria Commitment and Conditions Fellowship Benefits Roles and Responsibilities What is the Local Pathways Fellowship? Fellowship Eligibility Criteria Commitment and Conditions Fellowship Benefits Roles and Responsibilities Application Timeline Programme Insights What is the Local Pathways Fellowship? The LPF is an initiative that trains, supports and connects young urban thought leaders, activists and innovators transforming cities and urban areas into sustainable communities. The fellowship welcomes candidates from every city and country worldwide, ensuring diversity in regional representation. Prepare for JAMB, WAEC, NECO, BECE, NCEE and Post UTME Practise CBT Exams on Mobile or PC Prepare for Post UTME, WAEC, NECO, JAMB UTME, Junior WAEC (BECE) and Common Entrance (NCEE) with the MySchoolGist CBT App and Software. Use it on Android, iPhone or Windows to practise past questions anytime. Android App iPhone App Windows 10+ Windows 7 & 8 Need help choosing the right version? Chat with us on WhatsApp . Prepare for JAMB, WAEC, NECO, BECE, NCEE and Post UTME Practise CBT Exams on Mobile or PC Prepare for Post UTME, WAEC, NECO, JAMB UTME, Junior WAEC (BECE) and Common Entrance (NCEE) with the MySchoolGist CBT App and Software. Use it on Android, iPhone or Windows to practise past questions anytime. Post UTME, WAEC, NECO, JAMB UTME, Junior WAEC (BECE) Common Entrance (NCEE) Android App iPhone App Windows 10+ Windows 7 & 8 Need help choosing the right version? Chat with us on WhatsApp . Fellowship Eligibility Criteria To be considered for the Local Pathways Fellowship, applicants must: Demonstrate an interest in sustainable development and passion for the mission of the SDSN, including the Sustainable Development Goals and the Paris Agreement on climate change. Possess strong knowledge in fields like urban planning, urban environment, urban sustainability, urban tech and development practice. Have professional or academic experience in relevant fields. Be responsive, capable of managing regular communication across different time zones. Exhibit excellent organizational, leadership and team player skills. Command a strong grasp of the English language and local languages of the cities they represent. Prove they have the time, resources and a consistent and stable internet connection to commit to the role. Be aged between 18-30. Commitment and Conditions Duration: The LPF is a 10-month role requiring 5-7 hours per week. Duration: Supervision: Supervised by the Project Lead of the Local Pathways Fellowship Program. Supervision: Compensation: This is a voluntary position. Compensation: Training: Fellows must complete all SDSN Youth online induction courses. Training: Fellowship Benefits Global visibility and exposure as champions for sustainable urban development. Opportunities to develop expertise in sustainable development. Access to a vast network of SDG professionals and advocates. Building professional and personal relationships with stakeholders in civil society, business, government and the UN. Participation in a diverse and exceptional group of fellows. Roles and Responsibilities Learning about urban challenges and potentials. Developing a project addressing local urban challenges. Engaging in a peer-to-peer network of fellows. Gaining insights and mentorship from industry experts. Potential opportunities to attend and speak at events. Application Timeline Deadline: January 22, 2024, until 11:59 PM (Eastern Standard Time). Deadline: Notification of Successful Applicants: January 28, 2024. Notification of Successful Applicants: Fellowship Start Date: March 1, 2024. Fellowship Start Date: For more information and to apply, visit the Official Webpage of the UN SDSN Youth Local Pathways Fellowship . This fellowship is an incredible opportunity for young leaders passionate about sustainable urban development. If you meet the eligibility criteria and are committed to making a difference in urban sustainability, apply now to be part of this transformative journey with the UN SDSN Youth Local Pathways Fellowship. Alternative admission via JUPEB/IJMB programmes (SPONSORED) Enter 200-Level Directly! Gain University Admission via JUPEB/IJMB . Enjoy Low Fees! Call 08033006849 Now! Alternative admission via JUPEB/IJMB programmes (SPONSORED) Enter 200-Level Directly! Gain University Admission via JUPEB/IJMB . Enjoy Low Fees! Call 08033006849 Now! Search MySchoolGist ... Search Tagged: Fellowships / Conferences / Training Worldwide Tagged: Share This Post: If this post helped you, share it with others! Use the buttons below to spread the word! Share This Post: WhatsApp X (Twitter) Facebook WhatsApp X (Twitter) Facebook Suggested Articles Mustapha Abdullahi Energy Leadership Fellowship 2026 and N10 Million Grant KPMG Seyi Bickersteth Scholarship Programme 2026: Eligibility, Benefits and How to Apply Startup Abuja Scholarship Programme 2026: Benefits, Requirements and How to Apply LONG Young Achievers Scholarship 2026: Up to N240,000 Per Year for Secondary Students Bridge Scholarship Award 2026: Get Fully Funded Support Through University Melajoom Foundation Scholarship 2026 for Owo Indigenes: Eligibility and How to Apply Notice of Aptitude Test for 8th Edition of Monday Onyeme Foundation Scholarship MTN Foundation/Muson Music Scholarship Programme 2026/2027 for Aspiring Musicians Suggested Articles Articles Mustapha Abdullahi Energy Leadership Fellowship 2026 and N10 Million Grant KPMG Seyi Bickersteth Scholarship Programme 2026: Eligibility, Benefits and How to Apply Startup Abuja Scholarship Programme 2026: Benefits, Requirements and How to Apply LONG Young Achievers Scholarship 2026: Up to N240,000 Per Year for Secondary Students Bridge Scholarship Award 2026: Get Fully Funded Support Through University Melajoom Foundation Scholarship 2026 for Owo Indigenes: Eligibility and How to Apply Notice of Aptitude Test for 8th Edition of Monday Onyeme Foundation Scholarship MTN Foundation/Muson Music Scholarship Programme 2026/2027 for Aspiring Musicians Previous story Nalafem-eCornell Take The Lead Program Next story NABTEB Past Questions and Answers All Subjects Previous story Nalafem-eCornell Take The Lead Program Next story NABTEB Past Questions and Answers All Subjects Meet The Author Olusegun Fapohunda is the founder and editor of MySchoolGist, with over a decade of experience in education publishing. He covers education updates, admission notices, examination news, scholarships, career opportunities and related public information. Connect with him on X (formerly Twitter) . Meet The Author Olusegun Fapohunda is the founder and editor of MySchoolGist, with over a decade of experience in education publishing. He covers education updates, admission notices, examination news, scholarships, career opportunities and related public information. Connect with him on X (formerly Twitter) . Home About Disclaimer Privacy Policy Quick Links Education Resources WAEC Past Questions NABTEB Past Questions JAMB Past Questions Post UTME Past Questions Universities Polytechnics Monotechnics Colleges of Education Top Universities Illegal Universities Courses JAMB WAEC NECO Jobs in Nigeria MySchoolGist Web Services is a registered publisher and marketing solutions provider in Nigeria. It publishes Myschoolgist.com, a leading digital publication that covers the latest educational trends, career opportunities and current news. Copyright © 2012 - 2026 MySchoolGist Home About Disclaimer Privacy Policy Quick Links Education Resources WAEC Past Questions NABTEB Past Questions JAMB Past Questions Post UTME Past Questions Universities Polytechnics Monotechnics Colleges of Education Top Universities Illegal Universities Courses JAMB WAEC NECO Jobs in Nigeria Quick Links Education Resources WAEC Past Questions NABTEB Past Questions JAMB Past Questions Post UTME Past Questions Universities Polytechnics Monotechnics Colleges of Education Top Universities Illegal Universities Courses JAMB WAEC NECO Jobs in Nigeria MySchoolGist Web Services is a registered publisher and marketing solutions provider in Nigeria. It publishes Myschoolgist.com, a leading digital publication that covers the latest educational trends, career opportunities and current news. Copyright © 2012 - 2026 MySchoolGist",,,,,,,REJECTED,"optionA, optionB, optionC, optionD, answer"
https://myschoolgist.com/news/edocoe-pre-nce-admission/,Unknown,"Campus Contacts: Igueben Campus: 0703 853 8880 Abudu Campus: 0902 100 7646 Afuze Campus: 0807 898 2466 This announcement marks a significant opportunity for students interested in the field of education. EDOCOE's PRE-NCE programme is a gateway to a rewarding career in teaching and educational administration. If you have not sat for the JAMB UTME and are looking for a pathway into education, this programme is tailored for you. Prepare for JAMB, WAEC, NECO, BECE, NCEE and Post UTME Practise CBT Exams on Mobile or PC Prepare for Post UTME, WAEC, NECO, JAMB UTME, Junior WAEC (BECE) and Common Entrance (NCEE) with the MySchoolGist CBT App and Software. Use it on Android, iPhone or Windows to practise past questions anytime. Android App iPhone App Windows 10+ Windows 7 & 8 Need help choosing the right version? Chat with us on WhatsApp . Apply now and take the first step towards a fulfilling career in education with Edo State College of Education. Alternative admission via JUPEB/IJMB programmes (SPONSORE",,"Enjoy Low Fees! Call 08033006849 Now! Search MySchoolGist ... Search Share This Post: If this post helped you, share it with others! Use the buttons below to spread the word! WhatsApp X (Twitter) Facebook Suggested Articles Federal College Of Education (Technical) Asaba Pre-NCE Admission Form for 2026/2027 Academic Session Meet The Author Olusegun Fapohunda is the founder and editor of MySchoolGist, with over a decade of experience in education publishing. He covers education updates, admission notices, examination news, scholarships, career opportunities and related public information. Connect with him on X (formerly Twitter) .",,Enter 200-Level Directly! Gain University Admission via JUPEB/IJM,,,REJECTED,"optionA, optionC, answer"
https://myschoolgist.com/news/post-utme-past-questions-answers/,Unknown,Candidates can downloa,,,,"Download the Windows files here: MySchoolGist CBT EXE for Windows 10 and above Compressed ZIP setup for Windows 10 and above Free Post UTME Past Questions PDF MySchoolGist also provides a free PDF copy for practice. Candidates who do not want the app or software can still revise with the PDF version at no cost. The app and software need ₦3,000 for full access, while this PDF option remains free. Download the free Post UTME past questions and answers PDF School-Specific Post UTME Past Questions Some candidates may want past questions for a particular school. MySchoolGist has PDF pages for selected schools and each one helps candidates focus on the school they plan to write Post UTME for. The links below lead to the available school-based materials. YABATECH Post UTME past questions and answers UI Post UTME past questions and answers UNICAL Post UTME past questions and answers EKSU Post UTME past questions and answers UNILAG Post UTME past questions and answers AAUA Post UTME past questions and answers FUTA Post UTME past questions and answers UNILORIN Post UTME past questions and answers Help and Support Candidates who need help can contact MySchoolGist directly. They can chat with us on WhatsApp or call 0915 526",C,,REJECTED,"optionA, optionB, optionC"
https://myschoolgist.com/news/post-utme-past-questions-answers/,Unknown,"A quick message can help them sort out app, software or download issues before practice begins. Best of luck. Alternative admission via JUPEB/IJMB programmes (SPONSORE",,Enjoy Low Fees! Call 08033006849 Now! Search MySchoolGist ... Search,,Enter 200-Level Directly! Gain University Admission via JUPEB/IJM,,,REJECTED,"optionA, optionC, answer"
https://myschoolgist.com/news/waec-syllabus-by-subject-2013/,Unknown,"WAEC SYLLABUS UPHOLSTERY WAEC SYLLABUS VISUAL ART WAEC SYLLABUS WELDING AND FABRICATION ENGINEERING CRAFT PRACTICE WAEC SYLLABUS WEST AFRICAN TRADITIONAL RELIGION WAEC SYLLABUS WOODWORK WAEC SYLLABUS WOODWORK (GH) WAEC SYLLABUS WOODWORK TO I.E.D WAEC SYLLABUS YORUBA WAEC SYLLABUS List of Selected Texts for WASSCE 2026-2030 ARABIC 2026-2030 EDO 2026-2030 EFIK 2026-2030 HAUSA 2026-2030 IBIBIO 2026-2030 IGBO 2026-2030 LITERATURE-IN-ENG 2026-2030 YORUBA 2026-2030 Final word This syllabus is the most recent and is valid for both school and private candidates. Share it with classmates, friends and even that cousin who always studies last minute. No hoarding, abeg. Because the truth is, better preparation starts here. Alternative admission via JUPEB/IJMB programmes (SPONSORE",,Enjoy Low Fees! Call 08033006849 Now! Search MySchoolGist ... Search Tagge,"WASSCE 2026 Result Checker PIN: How School Candidates Can Get It WAEC Result: Meaning of Held or Witheld or Outstanding and Other Terms Meet The Author Olusegun Fapohunda is the founder and editor of MySchoolGist, with over a decade of experience in education publishing. He covers education updates, admission notices, examination news, scholarships, career opportunities and related public information. Connect with him on X (formerly Twitter) .","West African Examinations Council : WAEC Nigeria Share This Post: If this post helped you, share it with others! Use the buttons below to spread the word! WhatsApp X (Twitter) Facebook Suggested Articles West African Examinations Council (WAE",,,REJECTED,"optionA, answer"
https://myschoolgist.com/news/colleges-of-education-in-nigeria/,Unknown,,,,,,,,REJECTED,"question, optionA, optionB, optionC, optionD, answer"
https://myschoolgist.com/section/nigeria-edu/neco/,Unknown,"NECO SSCE Registration Statistics and More July 15th, 2023 NECO E-Verification Portal for Results July 15th, 2023 NECO E-Verification Portal for Results May 3rd, 2023 NECO Reschedules Common Entrance Exam May 3rd, 2023 NECO Reschedules Common Entrance Exam October 1st, 2022 NECO Withholds Niger Results Over N500m Debt October 1st, 2022 NECO Withholds Niger Results Over N500m Debt August 2nd, 2022 NECO SSCE Results Will be Released 45 Days After Last Paper August 2nd, 2022 NECO SSCE Results Will be Released 45 Days After Last Paper July 31st, 2022 NECO Tells Five Indebted State Governments to Pay their N2bn Debt July 31st, 2022 NECO Tells Five Indebted State Governments to Pay their N2bn Debt July 24th, 2021 National Examinations Council (NECO): President Buhari Appoints Professor Wushishi as New Registrar July 24th, 2021 National Examinations Council (NECO): President Buhari Appoints Professor Wushishi as New Registrar January 26th, 2021 NECO Announces New Date for Commencement of 2020 GCE [SSCE for External Candidates] January 26th, 2021 NECO Announces New Date for Commencement of 2020 GCE [SSCE for External Candidates] October 18th, 2020 National Examinations Council (NECO) Reschedules Monday Exam Over #ENDSARS Protests October 18th, 2020 National Examinations Council (NECO) Reschedules Monday Exam Over #ENDSARS Protests July 29th, 2020 FG Announces Commencement Dates for NECO, NABTEB, Other Examinations July 29th, 2020 FG Announces Commencement Dates for NECO, NABTEB, Other Examinations February 7th, 2020 2019 NECO GCE November/December Result is Out February 7th, 2020",,,,,,,REJECTED,"optionA, optionB, optionC, optionD, answer"
https://myschoolgist.com/section/nigeria-edu/neco/,Unknown,"NECO GCE November/December Result is Out May 13th, 2018 FG Fires NECO Registrar, Uwakwe, Two Deputy Directors May 13th, 2018 FG Fires NECO Registrar, Uwakwe, Two Deputy Directors Search the MySchoolGist site Search Scholarships & Opportunities KPMG Seyi Bickersteth Scholarship Programme 2026: Eligibility, Benefits and How to Apply Startup Abuja Scholarship Programme 2026: Benefits, Requirements and How to Apply LONG Young Achievers Scholarship 2026: Up to N240,000 Per Year for Secondary Students Bridge Scholarship Award 2026: Get Fully Funded Support Through University Melajoom Foundation Scholarship 2026 for Owo Indigenes: Eligibility and How to Apply Scholarships & Opportunities Scholarships KPMG Seyi Bickersteth Scholarship Programme 2026: Eligibility, Benefits and How to Apply Startup Abuja Scholarship Programme 2026: Benefits, Requirements and How to Apply LONG Young Achievers Scholarship 2026: Up to N240,000 Per Year for Secondary Students Bridge Scholarship Award 2026: Get Fully Funded Support Through University Melajoom Foundation Scholarship 2026 for Owo Indigenes: Eligibility and How to Apply About Disclaimer Privacy Policy Quick Links Education Resources WAEC Past Questions NABTEB Past Questions JAMB Past Questions Post UTME Past Questions Universities Polytechnics Monotechnics Colleges of Education Top Universities Illegal Universities Courses JAMB WAEC NECO Jobs in Nigeria MySchoolGist Web Services is a registered publisher and marketing solutions provider in Nigeria. It publishes Myschoolgist.com, a leading digital publication that covers the latest educational trends, career opportunities and current news. Copyright © 2012 - 2026 MySchoolGist About Disclaimer Privacy Policy Quick Links Education Resources WAEC Past Questions NABTEB Past Questions JAMB Past Questions Post UTME Past Questions Universities Polytechnics Monotechnics Colleges of Education Top Universities Illegal Universities Courses JAMB WAEC NECO Jobs in Nigeria Quick Links Education Resources WAEC Past Questions NABTEB Past Questions JAMB Past Questions Post UTME Past Questions Universities Polytechnics Monotechnics Colleges of Education Top Universities Illegal Universities Courses JAMB WAEC NECO Jobs in Nigeria MySchoolGist Web Services is a registered publisher and marketing solutions provider in Nigeria. It publishes Myschoolgist.com, a leading digital publication that covers the latest educational trends, career opportunities and current news. Copyright © 2012 - 2026 MySchoolGist",,,,,,,REJECTED,"optionA, optionB, optionC, optionD, answer"
https://myschoolgist.com/news/solution-for-candidates-that-failed-waec/,Unknown,"What the Numbers Say WAEC doesn't joke with its exams. This year, over 1.9 million people showed up and gave it their best. Out of those, about 62.96 percent got five credits or more, including Maths and English. Not a small thing. So when results come out, some people smile. Others cry. It's normal. But in that moment of sadness, when the screen shows grades you didn't expect, some people start thinking, ""Maybe I can fix this."" That's where scammers enter the scene. They'll flash fake testimonials and promise heaven and earth. But no matter how sweet it sounds, don't fall for it. Once money leaves your hand, forget it. Didn't Get the Result You Hoped For? Let's be honest, it sucks. You studied, you tried and things didn't go as planne",,,,"There's still a way forward, just not through shortcuts. You can rewrite. It's not shameful. In fact, it takes guts. Some of the most stubborn success stories started with failure. If you're already thinking of a comeback, you've got options. The WAEC GCE form is available and it's probably the cleanest way to bounce back. Honestly, if you still feel stuck, NECO GCE's also on the table . Let's Be Real If you failed, it's okay to cry a little. But don't stay down. Forget all that talk about ""miracle centres"" or ""special runs"". You already know how that ends — in tears or trouble. A guy I know tried that nonsense back in",,,REJECTED,"optionA, optionB, optionC, answer"
https://myschoolgist.com/news/solution-for-candidates-that-failed-waec/,Unknown,"Long story short, he lost his admission, money and even his parents' trust. Wahala, on top of failure. He had to start over. Could've saved time and pain by just doing it the right way from the start. What Now? Well, maybe you passe",,Enjoy Low Fees! Call 08033006849 Now! Search MySchoolGist ... Search Tagge,Results Statistics,"West African Examinations Council : WAEC Nigeria Share This Post: If this post helped you, share it with others! Use the buttons below to spread the word! WhatsApp X (Twitter) Facebook Suggested Articles West African Examinations Council (WAE",,,REJECTED,"optionA, answer"
https://myschoolgist.com/news/solution-for-candidates-that-failed-waec/,Unknown,"Pass Rates, Withheld Results and Candidate Figures WAEC GCE Registration 2026 Second Series: Fee, PIN Deadline and CBT Exam Guide [UPDATED] WAEC GCE Registration Closing Date/Deadline 2026 West African Examinations Council (WAE",,,"WASSCE 2026 Result Checker PIN: How School Candidates Can Get It WAEC Result: Meaning of Held or Witheld or Outstanding and Other Terms Meet The Author Olusegun Fapohunda is the founder and editor of MySchoolGist, with over a decade of experience in education publishing. He covers education updates, admission notices, examination news, scholarships, career opportunities and related public information. Connect with him on X (formerly Twitter) .",,,,REJECTED,"optionA, optionB, optionD, answer"
https://myschoolgist.com/news/waec-may-june-timetable-free/,Unknown,hr 9:30 a.m. to 10:30 a.m. Home Management 3 (Practical) Planning Session,,,,,,,REJECTED,"optionA, optionB, optionC, optionD, answer"
https://myschoolgist.com/news/waec-may-june-timetable-free/,Unknown,"hr 11:00 a.m. to 12:00 noon Monday, 27 April 2026 to Friday, 8 May 2026 Paper Duration Time Arabic 3 (Oral)",,,,,,,REJECTED,"optionA, optionB, optionC, optionD, answer"
https://myschoolgist.com/news/waec-may-june-timetable-free/,Unknown,mins Date and time arranged by the Council French 3 (Oral),,,,,,,REJECTED,"optionA, optionB, optionC, optionD, answer"
https://myschoolgist.com/news/waec-may-june-timetable-free/,Unknown,mins Date and time arranged by the Council Physical Education 3 (Performance Test),,,,,,,REJECTED,"optionA, optionB, optionC, optionD, answer"
https://myschoolgist.com/news/waec-may-june-timetable-free/,Unknown,hrs Date and time arranged by the Council Foods and Nutrition 3 (Practical),,,,,,,REJECTED,"optionA, optionB, optionC, optionD, answer"
https://myschoolgist.com/news/waec-may-june-timetable-free/,Unknown,hrs Date and time arranged by the Council Home Management 3 (Practical),,,,,,,REJECTED,"optionA, optionB, optionC, optionD, answer"
https://myschoolgist.com/news/waec-may-june-timetable-free/,Unknown,hrs Date and time arranged by the Council Music 3B (Performance Test),,,,,,,REJECTED,"optionA, optionB, optionC, optionD, answer"
https://myschoolgist.com/news/waec-may-june-timetable-free/,Unknown,"mins Date and time arranged by the Council Friday, 1 May 2026 Item Public Holiday, Workers' Day Tuesday, 12 May 2026 Paper Duration Time Hausa 2 (Essay)",,,,,,,REJECTED,"optionA, optionB, optionC, optionD, answer"
https://myschoolgist.com/news/waec-may-june-timetable-free/,Unknown,hrs 9:30 a.m. to 11:30 a.m. Hausa 1 (Objective),,,,,,,REJECTED,"optionA, optionB, optionC, optionD, answer"
https://myschoolgist.com/news/waec-may-june-timetable-free/,Unknown,hr 11:30 a.m. to 12:30 p.m. Yoruba 2 (Essay),,,,,,,REJECTED,"optionA, optionB, optionC, optionD, answer"
https://myschoolgist.com/news/waec-may-june-timetable-free/,Unknown,hrs 9:30 a.m. to 11:30 a.m. Yoruba 1 (Objective),,,,,,,REJECTED,"optionA, optionB, optionC, optionD, answer"
https://myschoolgist.com/news/waec-may-june-timetable-free/,Unknown,hr 11:30 a.m. to 12:30 p.m. Igbo 2 (Essay),,,,,,,REJECTED,"optionA, optionB, optionC, optionD, answer"
https://myschoolgist.com/news/waec-may-june-timetable-free/,Unknown,hrs 9:30 a.m. to 11:30 a.m. Igbo 1 (Objective),,,,,,,REJECTED,"optionA, optionB, optionC, optionD, answer"
https://myschoolgist.com/news/waec-may-june-timetable-free/,Unknown,"hr 11:30 a.m. to 12:30 p.m. Livestock Farming 3 (Practical), 1st set",,,,,,,REJECTED,"optionA, optionB, optionC, optionD, answer"
https://myschoolgist.com/news/waec-may-june-timetable-free/,Unknown,"hr 30 mins 2:00 p.m. to 3:30 p.m. Livestock Farming 3 (Practical), 2nd set",,,,,,,REJECTED,"optionA, optionB, optionC, optionD, answer"
https://myschoolgist.com/news/waec-may-june-timetable-free/,Unknown,hr 30 mins 3:30 p.m. to 5:00 p.m. Beauty & Cosmetology 3 (Alternative to Practical Work),,,,,,,REJECTED,"optionA, optionB, optionC, optionD, answer"
https://myschoolgist.com/news/waec-may-june-timetable-free/,Unknown,"hr 2:00 p.m. to 3:00 p.m. Wednesday, 13 May 2026 Paper Duration Time Fashion Design & Garment Making 2 (Essay)",,,,,,,REJECTED,"optionA, optionB, optionC, optionD, answer"
https://myschoolgist.com/news/waec-may-june-timetable-free/,Unknown,mins 9:30 a.m. to 10:15 a.m. Fashion Design & Garment Making 1 (Objective),,,,,,,REJECTED,"optionA, optionB, optionC, optionD, answer"
https://myschoolgist.com/news/waec-may-june-timetable-free/,Unknown,mins 10:15 a.m. to 10:55 a.m. Home Management 2 (Essay),,,,,,,REJECTED,"optionA, optionB, optionC, optionD, answer"
https://myschoolgist.com/news/waec-may-june-timetable-free/,Unknown,hr 2:00 p.m. to 3:00 p.m. Home Management 1 (Objective),,,,,,,REJECTED,"optionA, optionB, optionC, optionD, answer"
https://myschoolgist.com/news/waec-may-june-timetable-free/,Unknown,"hr 3:00 p.m. to 4:00 p.m. Thursday, 14 May 2026 Paper Duration Time Digital Technologies 2 (Essay)",,,,,,,REJECTED,"optionA, optionB, optionC, optionD, answer"
https://myschoolgist.com/news/waec-may-june-timetable-free/,Unknown,hr 2:00 p.m. to 3:00 p.m. Digital Technologies 1 (Objectives),,,,,,,REJECTED,"optionA, optionB, optionC, optionD, answer"
https://myschoolgist.com/news/waec-may-june-timetable-free/,Unknown,"hr 3:00 p.m. to 4:00 p.m. Friday, 15 May 2026 Paper Duration Time Foods and Nutrition 2 (Essay)",,,,,,,REJECTED,"optionA, optionB, optionC, optionD, answer"
https://myschoolgist.com/news/waec-may-june-timetable-free/,Unknown,hr 15 mins 9:30 a.m. to 10:45 a.m. Foods and Nutrition 1 (Objective),,,,,,,REJECTED,"optionA, optionB, optionC, optionD, answer"
https://myschoolgist.com/news/waec-may-june-timetable-free/,Unknown,hr 10:45 a.m. to 11:45 a.m. French 2 (Essay),,,,,,,REJECTED,"optionA, optionB, optionC, optionD, answer"
https://myschoolgist.com/news/waec-may-june-timetable-free/,Unknown,hr 15 mins 3:30 p.m. to 4:45 p.m. French 1 (Objective),,,,,,,REJECTED,"optionA, optionB, optionC, optionD, answer"
https://myschoolgist.com/news/waec-may-june-timetable-free/,Unknown,"hr 4:45 p.m. to 5:45 p.m. Monday, 18 May 2026 Paper Duration Time Technical Drawing 2 (Essay)",,,,,,,REJECTED,"optionA, optionB, optionC, optionD, answer"
https://myschoolgist.com/news/waec-may-june-timetable-free/,Unknown,hr 45 mins 9:30 a.m. to 11:15 a.m. Technical Drawing 1 (Objective),,,,,,,REJECTED,"optionA, optionB, optionC, optionD, answer"
https://myschoolgist.com/news/waec-may-june-timetable-free/,Unknown,hr 11:15 a.m. to 12:15 p.m. Music 2 (Essay),,,,,,,REJECTED,"optionA, optionB, optionC, optionD, answer"
https://myschoolgist.com/news/waec-may-june-timetable-free/,Unknown,hrs 2:00 p.m. to 4:00 p.m. Music 1 (Objective),,,,,,,REJECTED,"optionA, optionB, optionC, optionD, answer"
https://myschoolgist.com/news/waec-may-june-timetable-free/,Unknown,hr 4:00 p.m. to 5:00 p.m. Physical Education 2 (Essay),,,,,,,REJECTED,"optionA, optionB, optionC, optionD, answer"
https://myschoolgist.com/news/waec-may-june-timetable-free/,Unknown,hr 20 mins 2:00 p.m. to 3:20 p.m. Physical Education 1 (Objective),,,,,,,REJECTED,"optionA, optionB, optionC, optionD, answer"
https://myschoolgist.com/news/waec-may-june-timetable-free/,Unknown,"mins 3:20 p.m. to 4:10 p.m. Tuesday, 19 May 2026 Paper Duration Time Livestock Farming 2 (Essay)",,,,,,,REJECTED,"optionA, optionB, optionC, optionD, answer"
https://myschoolgist.com/news/waec-may-june-timetable-free/,Unknown,hrs 9:30 a.m. to 11:30 a.m. Livestock Farming 1 (Objective),,,,,,,REJECTED,"optionA, optionB, optionC, optionD, answer"
https://myschoolgist.com/news/waec-may-june-timetable-free/,Unknown,"mins 11:30 a.m. to 12:10 p.m. Technical Drawing 3 (Sketches, Building and Mechanical Drawing)",,,,,,,REJECTED,"optionA, optionB, optionC, optionD, answer"
https://myschoolgist.com/news/waec-may-june-timetable-free/,Unknown,"hrs 45 mins 2:00 p.m. to 4:45 p.m. Wednesday, 20 May 2026 Paper Duration Time Chemistry 3 (Practical) (Alternative A), 1st set",,,,,,,REJECTED,"optionA, optionB, optionC, optionD, answer"
https://myschoolgist.com/news/waec-may-june-timetable-free/,Unknown,"hrs 9:30 a.m. to 11:30 a.m. Chemistry 3 (Practical) (Alternative A), 2nd set",,,,,,,REJECTED,"optionA, optionB, optionC, optionD, answer"
https://myschoolgist.com/news/waec-may-june-timetable-free/,Unknown,hrs 12:00 noon to 2:00 p.m. Computer Hardware and GSM Repairs 2 (Essay),,,,,,,REJECTED,"optionA, optionB, optionC, optionD, answer"
https://myschoolgist.com/news/waec-may-june-timetable-free/,Unknown,hr 35 mins 2:00 p.m. to 3:35 p.m. Computer Hardware and GSM Repairs 1 (Objective),,,,,,,REJECTED,"optionA, optionB, optionC, optionD, answer"
https://myschoolgist.com/news/waec-may-june-timetable-free/,Unknown,mins 3:35 p.m. to 4:20 p.m. Solar Photovoltaic Installation and Maintenance 2 (Essay),,,,,,,REJECTED,"optionA, optionB, optionC, optionD, answer"
https://myschoolgist.com/news/waec-may-june-timetable-free/,Unknown,hrs 15 mins 2:00 p.m. to 4:15 p.m. Solar Photovoltaic Installation and Maintenance 1 (Objective),,,,,,,REJECTED,"optionA, optionB, optionC, optionD, answer"
https://myschoolgist.com/news/waec-may-june-timetable-free/,Unknown,mins 4:15 p.m. to 5:00 p.m. Beauty & Cosmetology 2 (Essay),,,,,,,REJECTED,"optionA, optionB, optionC, optionD, answer"
https://myschoolgist.com/news/waec-may-june-timetable-free/,Unknown,hr 20 mins 2:00 p.m. to 3:20 p.m. Beauty & Cosmetology 1 (Objective),,,,,,,REJECTED,"optionA, optionB, optionC, optionD, answer"
https://myschoolgist.com/news/waec-may-june-timetable-free/,Unknown,"mins 3:20 p.m. to 4:00 p.m. Thursday, 21 May 2026 Paper Duration Time Further Mathematics/Mathematics (Elective) 2 (Essay)",,,,,,,REJECTED,"optionA, optionB, optionC, optionD, answer"
https://myschoolgist.com/news/waec-may-june-timetable-free/,Unknown,hrs 30 mins 9:30 a.m. to 12:00 noon Further Mathematics/Mathematics (Elective) 1 (Objective),,,,,,,REJECTED,"optionA, optionB, optionC, optionD, answer"
https://myschoolgist.com/news/waec-may-june-timetable-free/,Unknown,"hr 30 mins 2:00 p.m. to 3:30 p.m. Friday, 22 May 2026 Paper Duration Time Health Education/Health Science 2 (Essay)",,,,,,,REJECTED,"optionA, optionB, optionC, optionD, answer"
https://myschoolgist.com/news/waec-may-june-timetable-free/,Unknown,hr 30 mins 9:30 a.m. to 11:00 a.m. Health Education/Health Science 1 (Objective),,,,,,,REJECTED,"optionA, optionB, optionC, optionD, answer"
https://myschoolgist.com/news/waec-may-june-timetable-free/,Unknown,hr 11:00 a.m. to 12:00 noon Health Education/Health Science 3 (Alternative to Practical Work),,,,,,,REJECTED,"optionA, optionB, optionC, optionD, answer"
https://myschoolgist.com/news/waec-may-june-timetable-free/,Unknown,hr 45 mins 3:30 p.m. to 5:15 p.m. Visual Art 3A (Drawing),,,,,,,REJECTED,"optionA, optionB, optionC, optionD, answer"
https://myschoolgist.com/news/waec-may-june-timetable-free/,Unknown,"hrs 3:30 p.m. to 6:30 p.m. Tuesday, 26 May 2026 Item Public Holiday, Eid-al-Adha Wednesday, 27 May 2026 Item Public Holiday, Eid-al-Adha / Children's Day Thursday, 28 May 2026 Item Public Holiday, Eid-al-Adha Friday, 29 May 2026 Paper Duration Time Arabic 2 (Essay)",,,,,,,REJECTED,"optionA, optionB, optionC, optionD, answer"
https://myschoolgist.com/news/waec-may-june-timetable-free/,Unknown,hrs 9:30 a.m. to 11:30 a.m. Arabic 1 (Objective),,,,,,,REJECTED,"optionA, optionB, optionC, optionD, answer"
https://myschoolgist.com/news/waec-may-june-timetable-free/,Unknown,mins 11:30 a.m. to 12:20 p.m. Visual Art 2 (Essay),,,,,,,REJECTED,"optionA, optionB, optionC, optionD, answer"
https://myschoolgist.com/news/waec-may-june-timetable-free/,Unknown,hrs 3:30 p.m. to 5:30 p.m. Visual Art 1 (Objective),,,,,,,REJECTED,"optionA, optionB, optionC, optionD, answer"
https://myschoolgist.com/news/waec-may-june-timetable-free/,Unknown,"mins 5:30 p.m. to 6:20 p.m. Monday, 1 June 2026 Paper Duration Time Christian Religious Studies 2 (Essay)",,,,,,,REJECTED,"optionA, optionB, optionC, optionD, answer"
https://myschoolgist.com/news/waec-may-june-timetable-free/,Unknown,hrs 9:30 a.m. to 11:30 a.m. Christian Religious Studies 1 (Objective),,,,,,,REJECTED,"optionA, optionB, optionC, optionD, answer"
https://myschoolgist.com/news/waec-may-june-timetable-free/,Unknown,hr 11:30 a.m. to 12:30 p.m. Islamic Studies 2 (Essay),,,,,,,REJECTED,"optionA, optionB, optionC, optionD, answer"
https://myschoolgist.com/news/waec-may-june-timetable-free/,Unknown,hrs 9:30 a.m. to 11:30 a.m. Islamic Studies 1 (Objective),,,,,,,REJECTED,"optionA, optionB, optionC, optionD, answer"
https://myschoolgist.com/news/waec-may-june-timetable-free/,Unknown,mins 11:30 a.m. to 12:20 p.m. Physics 2 (Essay),,,,,,,REJECTED,"optionA, optionB, optionC, optionD, answer"
https://myschoolgist.com/news/waec-may-june-timetable-free/,Unknown,hr 30 mins 2:00 p.m. to 3:30 p.m. Physics 1 (Objective),,,,,,,REJECTED,"optionA, optionB, optionC, optionD, answer"
https://myschoolgist.com/news/waec-may-june-timetable-free/,Unknown,"hr 15 mins 3:30 p.m. to 4:45 p.m. Tuesday, 2 June 2026 Paper Duration Time Civic Education 2 (Essay)",,,,,,,REJECTED,"optionA, optionB, optionC, optionD, answer"
https://myschoolgist.com/news/waec-may-june-timetable-free/,Unknown,hrs 9:30 a.m. to 11:30 a.m. Civic Education 1 (Objective),,,,,,,REJECTED,"optionA, optionB, optionC, optionD, answer"
https://myschoolgist.com/news/waec-may-june-timetable-free/,Unknown,hr 11:30 a.m. to 12:30 p.m. Agriculture 2 (Essay),,,,,,,REJECTED,"optionA, optionB, optionC, optionD, answer"
https://myschoolgist.com/news/waec-may-june-timetable-free/,Unknown,hrs 10 mins 2:00 p.m. to 4:10 p.m. Agriculture 1 (Objective),,,,,,,REJECTED,"optionA, optionB, optionC, optionD, answer"
https://myschoolgist.com/news/waec-may-june-timetable-free/,Unknown,mins 4:10 p.m. to 5:00 p.m. Catering Craft 2 (Essay),,,,,,,REJECTED,"optionA, optionB, optionC, optionD, answer"
https://myschoolgist.com/news/waec-may-june-timetable-free/,Unknown,mins 2:00 p.m. to 2:50 p.m. Catering Craft 1 (Objective),,,,,,,REJECTED,"optionA, optionB, optionC, optionD, answer"
https://myschoolgist.com/news/waec-may-june-timetable-free/,Unknown,"mins 2:50 p.m. to 3:30 p.m. Wednesday, 3 June 2026 Paper Duration Time General Mathematics/Mathematics (Core) 2 (Essay)",,,,,,,REJECTED,"optionA, optionB, optionC, optionD, answer"
https://myschoolgist.com/news/waec-may-june-timetable-free/,Unknown,hrs 30 mins 9:30 a.m. to 12:00 noon General Mathematics/Mathematics (Core) 1 (Objective),,,,,,,REJECTED,"optionA, optionB, optionC, optionD, answer"
https://myschoolgist.com/news/waec-may-june-timetable-free/,Unknown,"hr 30 mins 3:00 p.m. to 4:30 p.m. Thursday, 4 June 2026 Paper Duration Time Government 2 (Essay)",,,,,,,REJECTED,"optionA, optionB, optionC, optionD, answer"
https://myschoolgist.com/news/waec-may-june-timetable-free/,Unknown,hrs 9:30 a.m. to 11:30 a.m. Government 1 (Objective),,,,,,,REJECTED,"optionA, optionB, optionC, optionD, answer"
https://myschoolgist.com/news/waec-may-june-timetable-free/,Unknown,hr 11:30 a.m. to 12:30 p.m. Music 3A (Aural),,,,,,,REJECTED,"optionA, optionB, optionC, optionD, answer"
https://myschoolgist.com/news/waec-may-june-timetable-free/,Unknown,mins 2:00 p.m. to 2:45 p.m. Fashion Design & Garment Making 3 (Alternative to Practical Work),,,,,,,REJECTED,"optionA, optionB, optionC, optionD, answer"
https://myschoolgist.com/news/waec-may-june-timetable-free/,Unknown,"mins 2:00 p.m. to 2:40 p.m. Agriculture 3 (Practical), 1st set",,,,,,,REJECTED,"optionA, optionB, optionC, optionD, answer"
https://myschoolgist.com/news/waec-may-june-timetable-free/,Unknown,"hr 30 mins 2:00 p.m. to 3:30 p.m. Agriculture 3 (Practical), 2nd set",,,,,,,REJECTED,"optionA, optionB, optionC, optionD, answer"
https://myschoolgist.com/news/waec-may-june-timetable-free/,Unknown,"hr 30 mins 3:30 p.m. to 5:00 p.m. Friday, 5 June 2026 Paper Duration Time Geography 2 (Essay)",,,,,,,REJECTED,"optionA, optionB, optionC, optionD, answer"
https://myschoolgist.com/news/waec-may-june-timetable-free/,Unknown,hrs 9:30 a.m. to 11:30 a.m. Geography 1 (Objective),,,,,,,REJECTED,"optionA, optionB, optionC, optionD, answer"
https://myschoolgist.com/news/waec-may-june-timetable-free/,Unknown,hr 11:30 a.m. to 12:30 p.m. Geography 3 (Practical and Physical Geography),,,,,,,REJECTED,"optionA, optionB, optionC, optionD, answer"
https://myschoolgist.com/news/waec-may-june-timetable-free/,Unknown,"hr 50 mins 3:30 p.m. to 5:20 p.m. Monday, 8 June 2026 Paper Duration Time Digital Technologies 3 (Practical), 1st set",,,,,,,REJECTED,"optionA, optionB, optionC, optionD, answer"
https://myschoolgist.com/news/waec-may-june-timetable-free/,Unknown,"hrs 9:30 a.m. to 11:30 a.m. Digital Technologies 3 (Practical), 2nd set",,,,,,,REJECTED,"optionA, optionB, optionC, optionD, answer"
https://myschoolgist.com/news/waec-may-june-timetable-free/,Unknown,hrs 12:00 noon to 2:00 p.m. Visual Art 3B (Creative Design),,,,,,,REJECTED,"optionA, optionB, optionC, optionD, answer"
https://myschoolgist.com/news/waec-may-june-timetable-free/,Unknown,"hrs 2:00 p.m. to 5:00 p.m. Tuesday, 9 June 2026 Paper Duration Time Chemistry 3 (Practical) (Alternative B), 1st set",,,,,,,REJECTED,"optionA, optionB, optionC, optionD, answer"
https://myschoolgist.com/news/waec-may-june-timetable-free/,Unknown,"hrs 9:30 a.m. to 11:30 a.m. Chemistry 3 (Practical) (Alternative B), 2nd set",,,,,,,REJECTED,"optionA, optionB, optionC, optionD, answer"
https://myschoolgist.com/news/waec-may-june-timetable-free/,Unknown,hrs 12:00 noon to 2:00 p.m. Nigerian History 2 (Essay),,,,,,,REJECTED,"optionA, optionB, optionC, optionD, answer"
https://myschoolgist.com/news/waec-may-june-timetable-free/,Unknown,hrs 2:00 p.m. to 4:00 p.m. Nigerian History 1 (Objective),,,,,,,REJECTED,"optionA, optionB, optionC, optionD, answer"
https://myschoolgist.com/news/waec-may-june-timetable-free/,Unknown,"hr 4:00 p.m. to 5:00 p.m. Wednesday, 10 June 2026 Paper Duration Time English Language 2 (Essay)",,,,,,,REJECTED,"optionA, optionB, optionC, optionD, answer"
https://myschoolgist.com/news/waec-may-june-timetable-free/,Unknown,hrs 9:30 a.m. to 11:30 a.m. English Language 1 (Objective),,,,,,,REJECTED,"optionA, optionB, optionC, optionD, answer"
https://myschoolgist.com/news/waec-may-june-timetable-free/,Unknown,hr 11:30 a.m. to 12:30 p.m. English Language 3 (Test of Orals),,,,,,,REJECTED,"optionA, optionB, optionC, optionD, answer"
https://myschoolgist.com/news/waec-may-june-timetable-free/,Unknown,"mins 2:00 p.m. to 2:45 p.m. Thursday, 11 June 2026 Paper Duration Time Chemistry 2 (Essay)",,,,,,,REJECTED,"optionA, optionB, optionC, optionD, answer"
https://myschoolgist.com/news/waec-may-june-timetable-free/,Unknown,hrs 9:30 a.m. to 11:30 a.m. Chemistry 1 (Objective),,,,,,,REJECTED,"optionA, optionB, optionC, optionD, answer"
https://myschoolgist.com/news/waec-may-june-timetable-free/,Unknown,hr 11:30 a.m. to 12:30 p.m. Literature-in-English 2 (Prose),,,,,,,REJECTED,"optionA, optionB, optionC, optionD, answer"
https://myschoolgist.com/news/waec-may-june-timetable-free/,Unknown,hr 15 mins 2:00 p.m. to 3:15 p.m. Literature-in-English 1 (Objective),,,,,,,REJECTED,"optionA, optionB, optionC, optionD, answer"
https://myschoolgist.com/news/waec-may-june-timetable-free/,Unknown,"hr 3:15 p.m. to 4:15 p.m. Friday, 12 June 2026 Item Public Holiday, Democracy Day Monday, 15 June 2026 Paper Duration Time Physics 3 (Practical) (Alternative A), 1st set",,,,,,,REJECTED,"optionA, optionB, optionC, optionD, answer"
https://myschoolgist.com/news/waec-may-june-timetable-free/,Unknown,"hrs 45 mins 9:30 a.m. to 12:15 p.m. Physics 3 (Practical) (Alternative A), 2nd set",,,,,,,REJECTED,"optionA, optionB, optionC, optionD, answer"
https://myschoolgist.com/news/waec-may-june-timetable-free/,Unknown,hrs 45 mins 12:45 p.m. to 3:30 p.m. Marketing 2 (Essay),,,,,,,REJECTED,"optionA, optionB, optionC, optionD, answer"
https://myschoolgist.com/news/waec-may-june-timetable-free/,Unknown,hrs 2:00 p.m. to 4:00 p.m. Marketing 1 (Objective),,,,,,,REJECTED,"optionA, optionB, optionC, optionD, answer"
https://myschoolgist.com/news/waec-may-june-timetable-free/,Unknown,"mins 4:00 p.m. to 4:50 p.m. Tuesday, 16 June 2026 Paper Duration Time Biology 2 (Essay)",,,,,,,REJECTED,"optionA, optionB, optionC, optionD, answer"
https://myschoolgist.com/news/waec-may-june-timetable-free/,Unknown,hr 40 mins 9:30 a.m. to 11:10 a.m. Biology 1 (Objective),,,,,,,REJECTED,"optionA, optionB, optionC, optionD, answer"
https://myschoolgist.com/news/waec-may-june-timetable-free/,Unknown,mins 11:10 a.m. to 12:00 noon Literature-in-English 3 (Drama & Poetry),,,,,,,REJECTED,"optionA, optionB, optionC, optionD, answer"
https://myschoolgist.com/news/waec-may-june-timetable-free/,Unknown,"hrs 30 mins 2:00 p.m. to 4:30 p.m. Wednesday, 17 June 2026 Paper Duration Time Biology 3 (Practical), 1st set",,,,,,,REJECTED,"optionA, optionB, optionC, optionD, answer"
https://myschoolgist.com/news/waec-may-june-timetable-free/,Unknown,"hrs 9:30 a.m. to 11:30 a.m. Biology 3 (Practical), 2nd set",,,,,,,REJECTED,"optionA, optionB, optionC, optionD, answer"
https://myschoolgist.com/news/waec-may-june-timetable-free/,Unknown,hrs 12:00 noon to 2:00 p.m. Economics 2 (Essay),,,,,,,REJECTED,"optionA, optionB, optionC, optionD, answer"
https://myschoolgist.com/news/waec-may-june-timetable-free/,Unknown,hrs 2:00 p.m. to 4:00 p.m. Economics 1 (Objective),,,,,,,REJECTED,"optionA, optionB, optionC, optionD, answer"
https://myschoolgist.com/news/waec-may-june-timetable-free/,Unknown,"hr 4:00 p.m. to 5:00 p.m. Thursday, 18 June 2026 Paper Duration Time Physics 3 (Practical) (Alternative B), 1st set",,,,,,,REJECTED,"optionA, optionB, optionC, optionD, answer"
https://myschoolgist.com/news/waec-may-june-timetable-free/,Unknown,"hrs 45 mins 9:30 a.m. to 12:15 p.m. Physics 3 (Practical) (Alternative B), 2nd set",,,,,,,REJECTED,"optionA, optionB, optionC, optionD, answer"
https://myschoolgist.com/news/waec-may-june-timetable-free/,Unknown,hrs 45 mins 12:40 p.m. to 3:25 p.m. Accounting 2 (Essay),,,,,,,REJECTED,"optionA, optionB, optionC, optionD, answer"
https://myschoolgist.com/news/waec-may-june-timetable-free/,Unknown,hrs 30 mins 2:00 p.m. to 4:30 p.m. Accounting 1 (Objective),,,,,,,REJECTED,"optionA, optionB, optionC, optionD, answer"
https://myschoolgist.com/news/waec-may-june-timetable-free/,Unknown,"hr 4:30 p.m. to 5:30 p.m. Friday, 19 June 2026 Paper Duration Time Commerce 2 (Essay)",,,,,,,REJECTED,"optionA, optionB, optionC, optionD, answer"
https://myschoolgist.com/news/waec-may-june-timetable-free/,Unknown,hrs 9:30 a.m. to 11:30 a.m. Commerce 1 (Objective),,,,,,,REJECTED,"optionA, optionB, optionC, optionD, answer"
https://myschoolgist.com/news/waec-may-june-timetable-free/,Unknown,mins 11:30 a.m. to 12:20 p.m. Catering Craft 3 (Alternative to Practical Work),,,,,,,REJECTED,"optionA, optionB, optionC, optionD, answer"
https://myschoolgist.com/news/waec-may-june-timetable-free/,Unknown,"mins 3:00 p.m. to 3:40 p.m. What WAEC exam notes should candidates read? WAEC gives exam notes that candidates should read before they enter the hall for some subjects. A small timing detail can affect a paper, especially where practicals, sets or special paper rules apply. Candidates should check both the timetable and the question paper instruction on exam day. What should candidates do if paper time differs from the timetable? Where the duration printed on the question paper differs from the timetable, candidates should follow the time printed on the question paper. Which papers are given before the exam date? WAEC gives some Visual Art papers or instructions before due date. Paper WAEC note Visual Art 3A Schools receive instructions two weeks before the paper is due Visual Art 3B Candidates receive the question paper two weeks before the paper is due Visual Art 3C Candidates carry out projects within six months of the exam year The Council will tell schools the submission period for Visual Art 3C. Candidates should follow their school's guidance. Who gets extra time? Blind, deaf and dumb candidates should receive one and half times the time given to other candidates. What should candidates avoid during WAEC exams? Candidates should keep banned items away from the exam hall. A candidate caught with any listed item will be out, so the safest choice is to leave such items outside the exam hall. The banned items listed are: Phones, even when switched off Smartwatches Bluetooth devices Tablets Programmable calculators Any suspicious gadget How should candidates use the WAEC timetable 2026? Candidates should use the timetable as a daily study and exam checklist. Each candidate should mark all registered subjects, note practical dates, check morning and afternoon papers, then compare the PDF with school notices. Candidates should arrive early for each paper, eat well, sleep well and use short breaks during revision. Common questions about WAEC timetable 2026 Is the WAEC timetable 2026 out? Yes. WAEC has released the 2026 May/June WASSCE timetable for school candidates. Which countries does the timetable cover? The timetable covers Nigeria, Ghana, Sierra Leone, Liberia and The Gambia. Should Nigerian candidates use the same PDF as other countries? Nigerian candidates should use the Nigeria PDF, while candidates from Ghana, Sierra Leone, Liberia and The Gambia should use their shared PDF. When does the WAEC 2026 timetable for Nigeria start? The listed Nigerian timetable starts on Tuesday, 21 April 2026, with Foods and Nutrition and Home Management practical planning sessions. When is WAEC 2026 English Language? English Language papers hold on Wednesday, 10 June 2026. When is WAEC 2026 General Mathematics? General Mathematics/Mathematics (Core) papers hold on Wednesday, 3 June 2026. What should candidates do if the timetable and question paper show different durations? Candidates should follow the duration printed on the question paper. Are phones allowed inside WAEC exam halls? No. Phones are banned, even when switched off. Alternative admission via JUPEB/IJMB programmes (SPONSORED) Enter 200-Level Directly! Gain University Admission via JUPEB/IJMB . Enjoy Low Fees! Call 08033006849 Now! Alternative admission via JUPEB/IJMB programmes (SPONSORED) Enter 200-Level Directly! Gain University Admission via JUPEB/IJMB . Enjoy Low Fees! Call 08033006849 Now! Search MySchoolGist ... Search Tagged: West African Examinations Council : WAEC Nigeria Tagged: Share This Post: If this post helped you, share it with others! Use the buttons below to spread the word! Share This Post: WhatsApp X (Twitter) Facebook WhatsApp X (Twitter) Facebook Suggested Articles West African Examinations Council (WAEC) Results: 2026 WASSCE for School Candidates (May/June Exam) Failed 2026 WAEC May/June Exam? Urgent Solution West African Examinations Council (WAEC) Digital Certificate Platform Wish to Upgrade Your 2026 WAEC Result? Read This WAEC GCE Registration 2026 Second Series: Fee, PIN Deadline and CBT Exam Guide [UPDATED] WAEC GCE Registration Closing Date/Deadline 2026 West African Examinations Council (WAEC) WASSCE 2026 Result Checker PIN: How School Candidates Can Get It WAEC Result: Meaning of Held or Witheld or Outstanding and Other Terms Suggested Articles Articles West African Examinations Council (WAEC) Results: 2026 WASSCE for School Candidates (May/June Exam) Failed 2026 WAEC May/June Exam? Urgent Solution West African Examinations Council (WAEC) Digital Certificate Platform Wish to Upgrade Your 2026 WAEC Result? Read This WAEC GCE Registration 2026 Second Series: Fee, PIN Deadline and CBT Exam Guide [UPDATED] WAEC GCE Registration Closing Date/Deadline 2026 West African Examinations Council (WAEC) WASSCE 2026 Result Checker PIN: How School Candidates Can Get It WAEC Result: Meaning of Held or Witheld or Outstanding and Other Terms Previous story Bridget University Mbaise (BUM) Post UTME Form for 2026/2027 Undergraduate Admission Next story Joint Admissions and Matriculation Board (JAMB) Mop-Up Examination Slip Printing Procedure 2026 Previous story Bridget University Mbaise (BUM) Post UTME Form for 2026/2027 Undergraduate Admission Next story Joint Admissions and Matriculation Board (JAMB) Mop-Up Examination Slip Printing Procedure 2026 Meet The Author Olusegun Fapohunda is the founder and editor of MySchoolGist, with over a decade of experience in education publishing. He covers education updates, admission notices, examination news, scholarships, career opportunities and related public information. Connect with him on X (formerly Twitter) . Meet The Author Olusegun Fapohunda is the founder and editor of MySchoolGist, with over a decade of experience in education publishing. He covers education updates, admission notices, examination news, scholarships, career opportunities and related public information. Connect with him on X (formerly Twitter) . Home About Disclaimer Privacy Policy Quick Links Education Resources WAEC Past Questions NABTEB Past Questions JAMB Past Questions Post UTME Past Questions Universities Polytechnics Monotechnics Colleges of Education Top Universities Illegal Universities Courses JAMB WAEC NECO Jobs in Nigeria MySchoolGist Web Services is a registered publisher and marketing solutions provider in Nigeria. It publishes Myschoolgist.com, a leading digital publication that covers the latest educational trends, career opportunities and current news. Copyright © 2012 - 2026 MySchoolGist Home About Disclaimer Privacy Policy Quick Links Education Resources WAEC Past Questions NABTEB Past Questions JAMB Past Questions Post UTME Past Questions Universities Polytechnics Monotechnics Colleges of Education Top Universities Illegal Universities Courses JAMB WAEC NECO Jobs in Nigeria Quick Links Education Resources WAEC Past Questions NABTEB Past Questions JAMB Past Questions Post UTME Past Questions Universities Polytechnics Monotechnics Colleges of Education Top Universities Illegal Universities Courses JAMB WAEC NECO Jobs in Nigeria MySchoolGist Web Services is a registered publisher and marketing solutions provider in Nigeria. It publishes Myschoolgist.com, a leading digital publication that covers the latest educational trends, career opportunities and current news. Copyright © 2012 - 2026 MySchoolGist",,,,,,,REJECTED,"optionA, optionB, optionC, optionD, answer"
https://myschoolgist.com/keyword/www-mynecoexams-com/,Unknown,"Fees, Deadline, Subjects and Application Steps Last Modified on July 14th, 2026 The National Examinations Council has opened registration for the 2026 Senior School Certificate Examination External, commonly called NECO GCE. The examination will use a dual format across 16 selected subjects, comprising hybrid Computer-Based Examination and Pen-an",,,,"Paper Examination. Registration includes online account creation and offline biometric capture. Prospective candidates may register … NECO GCE Registration Fee Last Modified on July 14th, 2026 Recently, numerous inquiries have emerged from our readership regarding the financial aspect of registering for the NECO GCE (November/December Senior School Certificate Examination). Most of the questions revolve around the pricing of scratch cards, which were previously a standard method for NECO transactions. The Transition to Digital: The End of … National Examinations Council (NECO) Basic Education Certificate Examination (BECE) Re-Sit Examination Timetable 2026 Last Modified on June 28th, 2026 The National Examinations Council, NECO, has released the 2026 Basic Education Certificate Examination, BECE, Re-Sit Examination Timetable. This follows the release of the 2026 NECO BECE results and the published BECE Re-Sit examination modalities. The examination will be held on Wednesday 22 July and Thursday 23 July 2026 and it … National Examinations Council (NECO) Basic Education Certificate Examination (BECE) Re-Sit Examination 2026 Last Modified on June 28th, 2026 The National Examinations Council, NECO, has released the modalities for the 2026 Basic Education Certificate Examination, BECE, Re-Sit examination after the release of the 2026 NECO BECE results. The Re-Sit examination is for candidates with conditional deficiencies in Mathematics, English Studies or both. What Is BECE Used For? The Basic … National Examinations Council (NECO) Directive on Dual-Mode Conduct of 2026 June/July SSCE Last Modified on June 28th, 2026 The National Examinations Council, NECO, has issued a directive on strict compliance with the approved dual-mode conduct of the 2026 June/July Senior School Certificate Examination, SSCE. The notice was from the Registrar/Chief Executive to all State Coordinators and Administrators. What Has NECO Directed Schools to Do? NECO has directed schools … National Examinations Council (NECO) BECE Result 2026 for JSS 3 Junior WAEC Candidates: How to Check, Resit Details and Performance Statistics Last Modified on June 26th, 2026 The National Examinations Council, NECO, has released the result of the 2026 Basic Education Certificate Examination, BECE, for candidates in their third year of Junior Secondary School, JSS",,,REJECTED,"optionA, optionB, optionC, answer"
https://myschoolgist.com/keyword/www-mynecoexams-com/,Unknown,,,,,,,,REJECTED,"question, optionA, optionB, optionC, optionD, answer"
https://myschoolgist.com/keyword/www-mynecoexams-com/,Unknown,,,,,,,,REJECTED,"question, optionA, optionB, optionC, optionD, answer"
https://myschoolgist.com/keyword/www-mynecoexams-com/,Unknown,"Full Junior WAEC Dates and Subject Schedule Last Modified on April 27th, 2026 The National Examinations Council, NECO, has officially released the timetable for the 2026 Basic Education Certificate Examination, BECE, also known as Junior WAE",,,"The examination will run from Monday, 20 April 2026 to Thursday, 30 April",,,,REJECTED,"optionA, optionB, optionD, answer"
https://myschoolgist.com/keyword/www-mynecoexams-com/,Unknown,"For schools, parents and candidates, this timetable sets the pace early; every paper … National Examinations Council (NECO) Extends 2026 BECE Normal Registration Deadline to 4 April, Website Closes 8 April Last Modified on April 2nd, 2026 The National Examinations Council, NECO, has approved an extension of the 2026 Basic Education Certificate Examination, BECE, Normal Registration perio",,,,"The new deadline is 12 midnight on Saturday, 4 April",,,REJECTED,"optionA, optionB, optionC, answer"
https://myschoolgist.com/keyword/www-mynecoexams-com/,Unknown,,,,,,,,REJECTED,"question, optionA, optionB, optionC, optionD, answer"
https://myschoolgist.com/keyword/www-mynecoexams-com/,Unknown,"Registration Steps, Fee, Exam Date and Deadline Last Modified on February 13th, 2026 National Examinations Council (NECO) has announced the 2026 National Gifted Examination for admission into JSS 1 of Federal Government Academy, Suleja, Niger State, for gifted and talented children of Nigeri","The examination will hold nationwide on Saturday, 23 May 2026; candidates are expected to complete registration within the stated window. … National Examinations Council (NECO) releases 2025 SSCE External results: pass rate, key figures and how to check Last Modified on February 3rd, 2026 NECO releases 2025 SSCE External (GCE) results: pass rate, key figures and how to check The National Examinations Council (NECO) has released the 2025 Senior School Certificate Examination (SSCE) External results, with an overall pass rate of 71.63 per cent. NECO's Registrar and Chief Executive, Prof. Dantani Ibrahim-Wushishi, announced the … National Examinations Council (NECO) GCE Timetable 2025 Last Modified on November 21st, 2025 The NECO GCE Timetable has rolled out. The National Examinations Council (NECO) 2025 Nov/Dec GCE will run from Wednesday, 26 November to Saturday, 13 December",,,,,,REJECTED,"optionB, optionC, optionD, answer"
https://myschoolgist.com/keyword/www-mynecoexams-com/,Unknown,"If you're sitting for this year's exam, mark your calendar early. Below is the full breakdown of subjects, dates and time slots. You can … National Examinations Council (NECO) 2025 SSCE External Exam to Feature Dual Mode: CBT and Paper Last Modified on November 7th, 2025 The National Examinations Council (NECO) has announced that the 2025 Senior School Certificate Examination (SSCE) External will be conducted in a dual format. Candidates will have the option of taking the exam through a Computer-Based Test (CBT) and a Pen and Paper mode. This change is part of NECO's effort … National Examinations Council (NECO) Establishes New Examination Centre in London Last Modified on October 26th, 2025 The National Examinations Council (NECO) has opened a new examination centre in London, United Kingdom, expanding its reach to Nigerians in the diaspor",The initiative forms part of NECO's global mission to provide credible assessment opportunities to students and adult learners abroa,,"Teachers call it a … Malpractice: No going back on CBT for WAEC, NECO — Nigerian Government Last Modified on May 8th, 2025 The Federal Government of Nigeria has confirmed that WAEC and NECO will start using computer-based testing (CBT) for exams from","The new centre was unveiled during the Education … National Examinations Council (NECO) Result for 2025 June/July Senior Secondary School Certificate Examination (SSCE) Last Modified on September 18th, 2025 NECO Result, what this exam means For many families, the NECO Result is a big deal, no two ways about it. It is the final step for senior secondary school students, the key that opens doors to university, college of education or polytechni",,,REJECTED,"optionB, answer"
https://myschoolgist.com/keyword/www-mynecoexams-com/,Unknown,,,,,,,,REJECTED,"question, optionA, optionB, optionC, optionD, answer"
https://myschoolgist.com/keyword/www-mynecoexams-com/,Unknown,"This move comes after worries about exam fraud and … National Examination Council (NECO) 2025 SSCE Internal Registration Guidelines and Instructions Last Modified on April 16th, 2025 The 2025 NECO SSCE Internal exam is for school students in their final year only. This process must be followed to register correctly. No private entry is allowe",,,,"Use the Right Portal for School Login Schools already … National Examinations Council (NECO) 2025 BECE Timetable for JSS 3 Candidates [Junior WAEC] Last Modified on April 14th, 2025 The National Examinations Council has released the full timetable for the 2025 Basic Education Certificate Examination. This test is for pupils in Junior Secondary School 3 moving into Senior Secondary School. Each paper is fixed between Monday 12 May and Friday 23 May",,,REJECTED,"optionA, optionB, optionC, answer"
https://myschoolgist.com/keyword/www-mynecoexams-com/,Unknown,,,,,,,,REJECTED,"question, optionA, optionB, optionC, optionD, answer"
https://myschoolgist.com/keyword/www-mynecoexams-com/,Unknown,,,,,,,,REJECTED,"question, optionA, optionB, optionC, optionD, answer"
https://myschoolgist.com/keyword/www-mynecoexams-com/,Unknown,,,,,,,,REJECTED,"question, optionA, optionB, optionC, optionD, answer"
https://myschoolgist.com/keyword/www-mynecoexams-com/,Unknown,,,,,,,,REJECTED,"question, optionA, optionB, optionC, optionD, answer"
https://myschoolgist.com/keyword/www-mynecoexams-com/,Unknown,,,,,,,,REJECTED,"question, optionA, optionB, optionC, optionD, answer"
https://myschoolgist.com/keyword/www-mynecoexams-com/,Unknown,,,,,,,,REJECTED,"question, optionA, optionB, optionC, optionD, answer"
https://myschoolgist.com/education-resources/,Unknown,,,,,,,,REJECTED,"question, optionA, optionB, optionC, optionD, answer"
https://myschoolgist.com/education-resources/,Unknown,,,,,,,,REJECTED,"question, optionA, optionB, optionC, optionD, answer"
https://myschoolgist.com/education-resources/,Unknown,,,,,,,,REJECTED,"question, optionA, optionB, optionC, optionD, answer"
https://myschoolgist.com/education-resources/,Unknown,,,,,,,,REJECTED,"question, optionA, optionB, optionC, optionD, answer"
https://myschoolgist.com/section/nigeria-edu/waec/,Unknown,"WAEC GCE Syllabus Available Here : All Subjects May 20th, 2026 Price of WAEC GCE Scratch Cards & Selling Points May 20th, 2026 Price of WAEC GCE Scratch Cards & Selling Points May 20th, 2026 WAEC GCE 'Walk-in Candidates' Registration Process 2026 May 20th, 2026 WAEC GCE 'Walk-in Candidates' Registration Process 2026 May 20th, 2026 WAEC GCE Registration Form Template 2026 May 20th, 2026 WAEC GCE Registration Form Template 2026 April 1st, 2026 West Africa Examinations Council (WAEC) Expo/Runz April 1st, 2026 West Africa Examinations Council (WAEC) Expo/Runz March 29th, 2026 West African Examinations Council (WAEC) GCE Results 2026 Released for Private Candidates, See Pass Rate and How to Check March 29th, 2026 West African Examinations Council (WAEC) GCE Results 2026 Released for Private Candidates, See Pass Rate and How to Check February 18th, 2026 WAEC GCE 2025 Second Series Result Released: Key Stats and How to Check on WAEC Direct February 18th, 2026 WAEC GCE 2025 Second Series Result Released: Key Stats and How to Check on WAEC Direct January 28th, 2026 WAEC GCE Timetable 2026 (First Series): WASSCE Private Candidates Exam Schedule January 28th, 2026 WAEC GCE Timetable 2026 (First Series): WASSCE Private Candidates Exam Schedule January 23rd, 2026 WAEC Syllabus for SSCE & GCE January 23rd, 2026 WAEC Syllabus for SSCE & GCE January 23rd, 2026 WAEC Sample Questions and Schemes for All Subjects January 23rd, 2026 WAEC Sample Questions and Schemes for All Subjects October 28th, 2025 West African Examinations Council (WAEC) Clarifies Misleading Report on Subject Restriction for WASSCE 2026 October 28th, 2025 West African Examinations Council (WAEC) Clarifies Misleading Report on Subject Restriction for WASSCE 2026 August 8th, 2025 WAEC Apologises for 2025 WASSCE Grading Error, Updates Results August 8th, 2025 WAEC Apologises for 2025 WASSCE Grading Error, Updates Results August 7th, 2025 WAEC Puts WASSCE 2025 Results on Hold Over Technical Glitches August 7th, 2025 WAEC Puts WASSCE 2025 Results on Hold Over Technical Glitches August 5th, 2025 WAEC Disowns Viral List of 151 Schools With Withheld 2025 WASSCE Results August 5th, 2025 WAEC Disowns Viral List of 151 Schools With Withheld 2025 WASSCE Results July 21st, 2025 WAEC denies cancelling 2025 WASSCE results July 21st, 2025 WAEC denies cancelling 2025 WASSCE results May 29th, 2025 Reps give WAEC 24-hour ultimatum to appear over ongoing exams May 29th, 2025 Reps give WAEC 24-hour ultimatum to appear over ongoing exams May 29th, 2025 WAEC Clarifies Late-Night Exams, Apologises to Students May 29th, 2025 WAEC Clarifies Late-Night Exams, Apologises to Students March 24th, 2025 West African Examinations Council (WAEC) GCE Result 2025 1st Series March 24th, 2025 West African Examinations Council (WAEC) GCE Result 2025 1st Series February 18th, 2025 West African Examinations Council (WAEC) GCE Result Statistics 2024 2nd Series February 18th, 2025 West African Examinations Council (WAEC) GCE Result Statistics 2024 2nd Series January 24th, 2025 WAEC GCE Mock Computer-Based Exams January 24th, 2025 WAEC GCE Mock Computer-Based Exams January 4th, 2025 WAEC Offices in Nigeria with Contacts and Address January 4th, 2025 WAEC Offices in Nigeria with Contacts and Address October 11th, 2024 Rechecking of Withheld WAEC Results Begins Monday October 11th, 2024 Rechecking of Withheld WAEC Results Begins Monday August 12th, 2024 www.waecdirect.org | 2024 WAEC Result Checker – FREE! August 12th, 2024 www.waecdirect.org | 2024 WAEC Result Checker – FREE! May 17th, 2024 New Exam Options for WAEC GCE Candidates: Computer or Paper-Based Tests May 17th, 2024 New Exam Options for WAEC GCE Candidates: Computer or Paper-Based Tests April 22nd, 2024 WAEC Recruitment Scam April 22nd, 2024 WAEC Recruitment Scam March 22nd, 2024 WAEC CBT Results Released March 22nd, 2024 WAEC CBT Results Released February 23rd, 2024 WAEC Extends WASSCE for School Candidates Registration Deadline [May/June] February 23rd, 2024 WAEC Extends WASSCE for School Candidates Registration Deadline [May/June] December 21st, 2023 WAEC denies fake site offering online classes December 21st, 2023 WAEC denies fake site offering online classes November 14th, 2023 WAEC's New Computer-Based Testing for Private Candidates November 14th, 2023 WAEC's New Computer-Based Testing for Private Candidates October 15th, 2023 West African Examinations Council (WAEC) Disclaimer October 15th, 2023 West African Examinations Council (WAEC) Disclaimer October 3rd, 2023 WAEC Meets to Deliberate on Withheld WASSCE Results October 3rd, 2023 WAEC Meets to Deliberate on Withheld WASSCE Results July 19th, 2023 Chronicles Software Rewards Top-Performing WASSCE Students July 19th, 2023 Chronicles Software Rewards Top-Performing WASSCE Students June 13th, 2023 WAEC Arrests 20 School Officials Aiding Malpractice June 13th, 2023 WAEC Arrests 20 School Officials Aiding Malpractice May 13th, 2023 WAEC Fines Ebonyi Private Schools May 13th, 2023 WAEC Fines Ebonyi Private Schools May 13th, 2023 School Proprietor Arrested for Posting WAEC Questions Online May 13th, 2023 School Proprietor Arrested for Posting WAEC Questions Online Search the MySchoolGist site Search Scholarships & Opportunities KPMG Seyi Bickersteth Scholarship Programme 2026: Eligibility, Benefits and How to Apply Startup Abuja Scholarship Programme 2026: Benefits, Requirements and How to Apply LONG Young Achievers Scholarship 2026: Up to N240,000 Per Year for Secondary Students Bridge Scholarship Award 2026: Get Fully Funded Support Through University Melajoom Foundation Scholarship 2026 for Owo Indigenes: Eligibility and How to Apply Scholarships & Opportunities Scholarships KPMG Seyi Bickersteth Scholarship Programme 2026: Eligibility, Benefits and How to Apply Startup Abuja Scholarship Programme 2026: Benefits, Requirements and How to Apply LONG Young Achievers Scholarship 2026: Up to N240,000 Per Year for Secondary Students Bridge Scholarship Award 2026: Get Fully Funded Support Through University Melajoom Foundation Scholarship 2026 for Owo Indigenes: Eligibility and How to Apply About Disclaimer Privacy Policy Quick Links Education Resources WAEC Past Questions NABTEB Past Questions JAMB Past Questions Post UTME Past Questions Universities Polytechnics Monotechnics Colleges of Education Top Universities Illegal Universities Courses JAMB WAEC NECO Jobs in Nigeria MySchoolGist Web Services is a registered publisher and marketing solutions provider in Nigeria. It publishes Myschoolgist.com, a leading digital publication that covers the latest educational trends, career opportunities and current news. Copyright © 2012 - 2026 MySchoolGist About Disclaimer Privacy Policy Quick Links Education Resources WAEC Past Questions NABTEB Past Questions JAMB Past Questions Post UTME Past Questions Universities Polytechnics Monotechnics Colleges of Education Top Universities Illegal Universities Courses JAMB WAEC NECO Jobs in Nigeria Quick Links Education Resources WAEC Past Questions NABTEB Past Questions JAMB Past Questions Post UTME Past Questions Universities Polytechnics Monotechnics Colleges of Education Top Universities Illegal Universities Courses JAMB WAEC NECO Jobs in Nigeria MySchoolGist Web Services is a registered publisher and marketing solutions provider in Nigeria. It publishes Myschoolgist.com, a leading digital publication that covers the latest educational trends, career opportunities and current news. Copyright © 2012 - 2026 MySchoolGist",,,,,,,REJECTED,"optionA, optionB, optionC, optionD, answer"
https://myschoolgist.com/news/ilegal-varsities-in-nigeria/,Unknown,"University of Accountancy and Management Studies, operating anywhere in Nigeria",,,,,,,REJECTED,"optionA, optionB, optionC, optionD, answer"
https://myschoolgist.com/news/ilegal-varsities-in-nigeria/,Unknown,"Christians of Charity American University of Science and Technology, Nkpor, Anambra State or any of its other campuses",,,,,,,REJECTED,"optionA, optionB, optionC, optionD, answer"
https://myschoolgist.com/news/ilegal-varsities-in-nigeria/,Unknown,"University of Industry, Yaba, Lagos or any of its other campuses",,,,,,,REJECTED,"optionA, optionB, optionC, optionD, answer"
https://myschoolgist.com/news/ilegal-varsities-in-nigeria/,Unknown,"University of Applied Sciences and Management, Port Novo, Republic of Benin or any of its other campuses in Nigeria",,,,,,,REJECTED,"optionA, optionB, optionC, optionD, answer"
https://myschoolgist.com/news/ilegal-varsities-in-nigeria/,Unknown,"Blacksmith University, Akwa or any of its other campuses",,,,,,,REJECTED,"optionA, optionB, optionC, optionD, answer"
https://myschoolgist.com/news/ilegal-varsities-in-nigeria/,Unknown,"Volta University College, HO, Volta Region, Ghana or any of its other campuses in Nigeria",,,,,,,REJECTED,"optionA, optionB, optionC, optionD, answer"
https://myschoolgist.com/news/ilegal-varsities-in-nigeria/,Unknown,"Royal University, Izhia, PO BOX 800, Abakaliki, Ebonyi State or any of its other campuses",,,,,,,REJECTED,"optionA, optionB, optionC, optionD, answer"
https://myschoolgist.com/news/ilegal-varsities-in-nigeria/,Unknown,"Atlanta University, Anyigba, Kogi state or any of its other campuses",,,,,,,REJECTED,"optionA, optionB, optionC, optionD, answer"
https://myschoolgist.com/news/ilegal-varsities-in-nigeria/,Unknown,"United Christian University, Macotis campus, Imo State or any of its other campuses",,,,,,,REJECTED,"optionA, optionB, optionC, optionD, answer"
https://myschoolgist.com/news/ilegal-varsities-in-nigeria/,Unknown,"United Nigeria University College, Okija Anambra State or any of its other campuses.",,,,,,,REJECTED,"optionA, optionB, optionC, optionD, answer"
https://myschoolgist.com/news/ilegal-varsities-in-nigeria/,Unknown,"Samuel Ahmadu University, Makurdi, Benue State or any of its other campuses",,,,,,,REJECTED,"optionA, optionB, optionC, optionD, answer"
https://myschoolgist.com/news/ilegal-varsities-in-nigeria/,Unknown,"UNESCO University, Ndoni, Rivers State or any of its other campuses",,,,,,,REJECTED,"optionA, optionB, optionC, optionD, answer"
https://myschoolgist.com/news/ilegal-varsities-in-nigeria/,Unknown,"Saint Augustine's University of Technology, Jos, Pleateu State or any of its other campuses",,,,,,,REJECTED,"optionA, optionB, optionC, optionD, answer"
https://myschoolgist.com/news/ilegal-varsities-in-nigeria/,Unknown,"The International University, Missouri USA, Kano and Lagos studies centres or any of its other campuses in Nigeria",,,,,,,REJECTED,"optionA, optionB, optionC, optionD, answer"
https://myschoolgist.com/news/ilegal-varsities-in-nigeria/,Unknown,"Collumbus University, UK, operating anywhere in Nigeria",,,,,,,REJECTED,"optionA, optionB, optionC, optionD, answer"
https://myschoolgist.com/news/ilegal-varsities-in-nigeria/,Unknown,"Tiu International University, UK operating anywhere in Nigeria",,,,,,,REJECTED,"optionA, optionB, optionC, optionD, answer"
https://myschoolgist.com/news/ilegal-varsities-in-nigeria/,Unknown,"Pebbles University, UK operating anywhere in Nigeria",,,,,,,REJECTED,"optionA, optionB, optionC, optionD, answer"
https://myschoolgist.com/news/ilegal-varsities-in-nigeria/,Unknown,"London External Studies, UK, operating anywhere in Nigeria",,,,,,,REJECTED,"optionA, optionB, optionC, optionD, answer"
https://myschoolgist.com/news/ilegal-varsities-in-nigeria/,Unknown,Pilgrims University operating anywhere in Nigeria,,,,,,,REJECTED,"optionA, optionB, optionC, optionD, answer"
https://myschoolgist.com/news/ilegal-varsities-in-nigeria/,Unknown,"Lobi Business School, Makurdi, Benue State or any of its campuses in Nigeria",,,,,,,REJECTED,"optionA, optionB, optionC, optionD, answer"
https://myschoolgist.com/news/ilegal-varsities-in-nigeria/,Unknown,West African Christian University operating anywhere in Nigeria,,,,,,,REJECTED,"optionA, optionB, optionC, optionD, answer"
https://myschoolgist.com/news/ilegal-varsities-in-nigeria/,Unknown,"Bolta University College, Aba or any of its campuses in Nigeria",,,,,,,REJECTED,"optionA, optionB, optionC, optionD, answer"
https://myschoolgist.com/news/ilegal-varsities-in-nigeria/,Unknown,JBC Seminary Inc. (Wukari Jubilee University) Kaduna illegal campus,,,,,,,REJECTED,"optionA, optionB, optionC, optionD, answer"
https://myschoolgist.com/news/ilegal-varsities-in-nigeria/,Unknown,"Western University, Esie Kwara State or any of its campuses in Nigeria",,,,,,,REJECTED,"optionA, optionB, optionC, optionD, answer"
https://myschoolgist.com/news/ilegal-varsities-in-nigeria/,Unknown,"St. Andrews University College, Abuja or any of its other campuses in Nigeria",,,,,,,REJECTED,"optionA, optionB, optionC, optionD, answer"
https://myschoolgist.com/news/ilegal-varsities-in-nigeria/,Unknown,"EC-Council USA, Ikeja Lagos Study Centre",,,,,,,REJECTED,"optionA, optionB, optionC, optionD, answer"
https://myschoolgist.com/news/ilegal-varsities-in-nigeria/,Unknown,"Atlas University, Ikot Udoso Uko, Uyo, Akwa Ibom State or any of its other campuses in Nigeria",,,,,,,REJECTED,"optionA, optionB, optionC, optionD, answer"
https://myschoolgist.com/news/ilegal-varsities-in-nigeria/,Unknown,Concept College/Universities (London) Ilorin or any of its other campuses in Nigeria,,,,,,,REJECTED,"optionA, optionB, optionC, optionD, answer"
https://myschoolgist.com/news/ilegal-varsities-in-nigeria/,Unknown,"Halifax Gateway University, Ikeja or any of its campuses in Nigeria",,,,,,,REJECTED,"optionA, optionB, optionC, optionD, answer"
https://myschoolgist.com/news/ilegal-varsities-in-nigeria/,Unknown,"Kingdom of Christ University, Abuja or any of its other campuses in Nigeria",,,,,,,REJECTED,"optionA, optionB, optionC, optionD, answer"
https://myschoolgist.com/news/ilegal-varsities-in-nigeria/,Unknown,"Acada University, Akinlalu Oyo state or any of its other campuses in Nigeria",,,,,,,REJECTED,"optionA, optionB, optionC, optionD, answer"
https://myschoolgist.com/news/ilegal-varsities-in-nigeria/,Unknown,"Filfom University, Mbaise, Imo State or any of its other campuses in Nigeria",,,,,,,REJECTED,"optionA, optionB, optionC, optionD, answer"
https://myschoolgist.com/news/ilegal-varsities-in-nigeria/,Unknown,Houdegbe North American University campuses in Nigeria,,,,,,,REJECTED,"optionA, optionB, optionC, optionD, answer"
https://myschoolgist.com/news/ilegal-varsities-in-nigeria/,Unknown,"Atlantic Intercontinental University, Okija Anambra State",,,,,,,REJECTED,"optionA, optionB, optionC, optionD, answer"
https://myschoolgist.com/news/ilegal-varsities-in-nigeria/,Unknown,"Open International University, Akure",,,,,,,REJECTED,"optionA, optionB, optionC, optionD, answer"
https://myschoolgist.com/news/ilegal-varsities-in-nigeria/,Unknown,Middle Belt University (North Central University) Otukpo,,,,,,,REJECTED,"optionA, optionB, optionC, optionD, answer"
https://myschoolgist.com/news/ilegal-varsities-in-nigeria/,Unknown,"Lead Way University, Ugheli, Delta State",,,,,,,REJECTED,"optionA, optionB, optionC, optionD, answer"
https://myschoolgist.com/news/ilegal-varsities-in-nigeria/,Unknown,"Metro University, Dutse/Bwari Abuja",,,,,,,REJECTED,"optionA, optionB, optionC, optionD, answer"
https://myschoolgist.com/news/ilegal-varsities-in-nigeria/,Unknown,"Southend University, Ngwuro Egeru (Afam) Ndoki, Rivers State",,,,,,,REJECTED,"optionA, optionB, optionC, optionD, answer"
https://myschoolgist.com/news/ilegal-varsities-in-nigeria/,Unknown,"Olympic University, Nsukka, Enugu State",,,,,,,REJECTED,"optionA, optionB, optionC, optionD, answer"
https://myschoolgist.com/news/ilegal-varsities-in-nigeria/,Unknown,"Federal College of Complementary and Alternative Medicine, Abuja",,,,,,,REJECTED,"optionA, optionB, optionC, optionD, answer"
https://myschoolgist.com/news/ilegal-varsities-in-nigeria/,Unknown,"Temple University, Abuja",,,,,,,REJECTED,"optionA, optionB, optionC, optionD, answer"
https://myschoolgist.com/news/ilegal-varsities-in-nigeria/,Unknown,"Irish University Business School, London, operating anywhere in Nigeria",,,,,,,REJECTED,"optionA, optionB, optionC, optionD, answer"
https://myschoolgist.com/news/ilegal-varsities-in-nigeria/,Unknown,"National University of Technology, Lafia, Nasarawa State",,,,,,,REJECTED,"optionA, optionB, optionC, optionD, answer"
https://myschoolgist.com/news/ilegal-varsities-in-nigeria/,Unknown,"University of Accountancy and Management Studies, Mowe, Lagos – Ibadan Expressway and its annex at 41, Ikorodu road, Lagos.",,,,,,,REJECTED,"optionA, optionB, optionC, optionD, answer"
https://myschoolgist.com/news/ilegal-varsities-in-nigeria/,Unknown,"University of Education, Wenneba Ghana operating anywhere in Nigeria",,,,,,,REJECTED,"optionA, optionB, optionC, optionD, answer"
https://myschoolgist.com/news/ilegal-varsities-in-nigeria/,Unknown,"Cape Coast University, Ghana operating in Nigeria",,,,,,,REJECTED,"optionA, optionB, optionC, optionD, answer"
https://myschoolgist.com/news/ilegal-varsities-in-nigeria/,Unknown,"African University Cooperative Development (AUCD) Cotonou, Benin Republic operating anywhere in Nigeria",,,,,,,REJECTED,"optionA, optionB, optionC, optionD, answer"
https://myschoolgist.com/news/ilegal-varsities-in-nigeria/,Unknown,"Pacific Western University, Denver Colorado, Oweri study centre",,,,,,,REJECTED,"optionA, optionB, optionC, optionD, answer"
https://myschoolgist.com/news/ilegal-varsities-in-nigeria/,Unknown,"Evangel University of America and Chudick Management Academic, Lagos",,,,,,,REJECTED,"optionA, optionB, optionC, optionD, answer"
https://myschoolgist.com/news/ilegal-varsities-in-nigeria/,Unknown,Enugu State University of Science and Technology (Gboko campus),,,,,,,REJECTED,"optionA, optionB, optionC, optionD, answer"
https://myschoolgist.com/news/ilegal-varsities-in-nigeria/,Unknown,"Career Light Resources Centre, Jos",,,,,,,REJECTED,"optionA, optionB, optionC, optionD, answer"
https://myschoolgist.com/news/ilegal-varsities-in-nigeria/,Unknown,"University of West Africa, Kwali Abuja, FCT",,,,,,,REJECTED,"optionA, optionB, optionC, optionD, answer"
https://myschoolgist.com/news/ilegal-varsities-in-nigeria/,Unknown,"Coastal University, Iba Oku, Akwa Ibom State",,,,,,,REJECTED,"optionA, optionB, optionC, optionD, answer"
https://myschoolgist.com/news/ilegal-varsities-in-nigeria/,Unknown,"Kaduna Business School, Kaduna",,,,,,,REJECTED,"optionA, optionB, optionC, optionD, answer"
https://myschoolgist.com/news/ilegal-varsities-in-nigeria/,Unknown,"Royal University of Theology, Minna, Niger State",,,,,,,REJECTED,"optionA, optionB, optionC, optionD, answer"
https://myschoolgist.com/news/ilegal-varsities-in-nigeria/,Unknown,"West African Union University, in collaboration with International Professional College of Administration, Science and Technology, Nigeria operating anywhere in Nigeria",,,,,,,REJECTED,"optionA, optionB, optionC, optionD, answer"
https://myschoolgist.com/news/ilegal-varsities-in-nigeria/,Unknown,"Gospel Missionary Foundation (GMF), Theological University, 165 Isolo road, Cele bus stop, Egbe Ikotun, Lagos In addition to the closure, the following Degree Mills are currently undergoing further investigations and/or ongoing court actions. The purpose of these actions is to prosecute the proprietors and recover illegal fees and charges on subscribers. National University of Nigeria, Keffi, Nasarawa State North Central University, Otukpo. Benue State Christ Alive Christian Seminary and University, Enugu Richmond Open University, Arochukwu, Abia State. West Coast University, Umuahia. Saint Clements University, Iyin Ekiti, Ekiti State Volta University College, Aba, Abia State. Illegal Satellite Campuses of Ambrose Alli University. L.I.F.E Leadership University, Benin City, Edo State. For the avoidance of doubt, anybody who patronises or obtains any certificate from any of these illegal institutions does so at his or her own risk. Certificates obtained from these sources will not be recognised for the purposes of NYSC, employment and further studies. The relevant Law enforcement agencies are also been informed of their further necessary action. * This list of illegal institutions is not exhaustive. Alternative admission via JUPEB/IJMB programmes (SPONSORED) Enter 200-Level Directly! Gain University Admission via JUPEB/IJMB . Enjoy Low Fees! Call 08033006849 Now! Alternative admission via JUPEB/IJMB programmes (SPONSORED) Enter 200-Level Directly! Gain University Admission via JUPEB/IJMB . Enjoy Low Fees! Call 08033006849 Now! Search MySchoolGist ... Search Tagged: National Universities Commission : NUC Tagged: Share This Post: If this post helped you, share it with others! Use the buttons below to spread the word! Share This Post: WhatsApp X (Twitter) Facebook WhatsApp X (Twitter) Facebook Suggested Articles Kaduna State University (KASU) Distance Learning MBA Gets NUC Approval Kwara State University (KWASU) Gains NUC Approval for 24 New Undergraduate and Postgraduate Programmes Venite University Nursing Science Programme Gets Five-Year Full NUC Accreditation Peter University Gets NUC Approval for 11 New Programmes List of Universities in Katsina State Top & Best Universities in Nigeria | 2026 Nigerian University Ranking List of Universities in Benue State List of Private Universities in Nigeria & Courses Offered Suggested Articles Articles Kaduna State University (KASU) Distance Learning MBA Gets NUC Approval Kwara State University (KWASU) Gains NUC Approval for 24 New Undergraduate and Postgraduate Programmes Venite University Nursing Science Programme Gets Five-Year Full NUC Accreditation Peter University Gets NUC Approval for 11 New Programmes List of Universities in Katsina State Top & Best Universities in Nigeria | 2026 Nigerian University Ranking List of Universities in Benue State List of Private Universities in Nigeria & Courses Offered Previous story Collections of Happy Father's Day Messages Next story NUC Approves 10 New Postgraduate Programmes at Nigeria Police Academy Previous story Collections of Happy Father's Day Messages Next story NUC Approves 10 New Postgraduate Programmes at Nigeria Police Academy Meet The Author Olusegun Fapohunda is the founder and editor of MySchoolGist, with over a decade of experience in education publishing. He covers education updates, admission notices, examination news, scholarships, career opportunities and related public information. Connect with him on X (formerly Twitter) . Meet The Author Olusegun Fapohunda is the founder and editor of MySchoolGist, with over a decade of experience in education publishing. He covers education updates, admission notices, examination news, scholarships, career opportunities and related public information. Connect with him on X (formerly Twitter) . Home About Disclaimer Privacy Policy Quick Links Education Resources WAEC Past Questions NABTEB Past Questions JAMB Past Questions Post UTME Past Questions Universities Polytechnics Monotechnics Colleges of Education Top Universities Illegal Universities Courses JAMB WAEC NECO Jobs in Nigeria MySchoolGist Web Services is a registered publisher and marketing solutions provider in Nigeria. It publishes Myschoolgist.com, a leading digital publication that covers the latest educational trends, career opportunities and current news. Copyright © 2012 - 2026 MySchoolGist Home About Disclaimer Privacy Policy Quick Links Education Resources WAEC Past Questions NABTEB Past Questions JAMB Past Questions Post UTME Past Questions Universities Polytechnics Monotechnics Colleges of Education Top Universities Illegal Universities Courses JAMB WAEC NECO Jobs in Nigeria Quick Links Education Resources WAEC Past Questions NABTEB Past Questions JAMB Past Questions Post UTME Past Questions Universities Polytechnics Monotechnics Colleges of Education Top Universities Illegal Universities Courses JAMB WAEC NECO Jobs in Nigeria MySchoolGist Web Services is a registered publisher and marketing solutions provider in Nigeria. It publishes Myschoolgist.com, a leading digital publication that covers the latest educational trends, career opportunities and current news. Copyright © 2012 - 2026 MySchoolGist",,,,,,,REJECTED,"optionA, optionB, optionC, optionD, answer"
https://myschoolgist.com/nigeria/jamb-utme-cbt-practice-software/,Unknown,,,,,,,,REJECTED,"question, optionA, optionB, optionC, optionD, answer"
https://myschoolgist.com/nigeria/jamb-utme-cbt-practice-software/,Unknown,,,,,,,,REJECTED,"question, optionA, optionB, optionC, optionD, answer"
https://myschoolgist.com/nigeria/jamb-utme-cbt-practice-software/,Unknown,"A 12-digit activation code will be sent. Enter the code inside the software, then click ""Activate"". The name and product key should be checked before they are sent, as both details will be needed for the activation code. What Have Users Said About the Software? Users have shared the following comments: ""I use it in my cafe in Lagos. It works well on all 50 computers."" Joel, Lagos ""It teaches in a way that makes sense to me."" Abayomi, Abeokuta ""They reply fast, they also render good service."" Becky, Lagos ""The customer service was very professional and helpful."" Kikelomo, Osun The comments describe practical use across many cafe computers and clear explanations for individual learners. They also refer to responsive customer service. Is Literature Revision Included? Literature can be difficult when a set text feels long or its meaning is unclear during the first reading. The software includes summaries, notes and practice questions that will help candidates revise key parts of their texts. MySchoolGist also provides study material such as The Lekki Headmaster questions and answers . Focused notes can help candidates return to major characters and themes, then revisit key events that need more attention. What Weekly Study Plan Can a Candidate Follow? A steady plan can keep reading and timed testing within the same week, with separate periods for reviewing mistakes. The following schedule is one practical example. Monday Use Study Mode for two subjects, with 30 to 40 questions complete",,,,"Is the ₦3,000 Payment Monthly? No. The ₦3,000 fee is a one-time payment for lifetime access. How Can Candidates Download the Software? Candidates who are ready to practise can download the MySchoolGist JAMB CBT Practice Software, install the free version and test the available features before activating full access. Regular practice is the central aim. The software is a study resource for candidates who want to become familiar with the CBT screen and learn from mistakes while managing their time before the 2026 UTME. Download MySchoolGist JAMB CBT Practice Software Search MySchoolGist ... Search",D,,REJECTED,"optionA, optionB, optionC"
https://myschoolgist.com/nigeria/jamb-cbt-app/,Unknown,,,,,,,,REJECTED,"question, optionA, optionB, optionC, optionD, answer"
https://myschoolgist.com/nigeria/jamb-cbt-app/,Unknown,"Mobile Past Questions, Syllabus, Offline Practice and Exam-Style Screen MySchoolGist JAMB CBT App for UTME Candidates: Mobile Past Questions, Syllabus, Offline Practice and Exam-Style Screen Download MySchoolGist JAMB CBT App for 2026 UTME Practice Download the MySchoolGist JAMB CBT Practice App for Android, iPhone or Windows and prepare for the 2026 UTME with offline practice, past questions and answers, detailed explanations and performance tracking. Android App Download on Google Play Fast access for Android phones and tablets Opens in a new tab iPhone & iPad App Download on the App Store Practice on iOS devices anywhere Opens in a new tab Windows Software Get the Windows Version Ideal for desktop and laptop practice Opens in a new tab Why students use the MySchoolGist JAMB CBT Practice App The MySchoolGist JAMB CBT App, mobile UTME practice tool for 2026 UTME candidates. It is for Android, iPhone and iPa","They may also take full sessions across four subjects for a UTME-style run. At the end of a full session, the app provides a score out of 400, in line with UTME scoring. One candidate may repeat Algebra sets, while another may prefer complete subject sessions; both patterns are supporte","The app content is based on past questions and the UTME syllabus. It does not offer leaked papers and it is meant for candidates who want fair preparation through repeated practice. How Can Candidates Get Started? The app is a downloadable product, so practice can start after installation and setup. After setup, candidates can study at home or while moving, with or without network service, based on their schedule. To begin, use the Download MySchoolGist UTME Practice App section and start practising. Search MySchoolGist ... Search","Subject rotation: practise English on one day and Biology on another. Short daily blocks: complete one or two subjects when time allows. Four-subject sessions: use the 400-score result as a checkpoint. Some days may produce lower scores. The better response is to check the weak area and practise again. How Should the Syllabus Guide Revision? The syllabus can work as the topic list for each subject. A candidate can select a topic from the syllabus, practise questions on that topic and review the explanations after each set. The session result can then guide the next topic for revision. This method keeps study tied to UTME coverage. It also helps candidates avoid random practice that leaves some topics untouche","How Does Offline Practice Help Busy Candidates? Offline practice can be useful on days with travel, poor network service or limited data access. Candidates can answer question sets while waiting in a queue, during a ride or at night when internet service is slow. The app allows practice to continue after setup without repeated data requests. What Should Candidates Know About Fair Preparation? MySchoolGist is not JAM",,,REJECTED,answer
https://myschoolgist.com/nigeria/neco-waec-cbt-software-185947/,Unknown,,,,,,,,REJECTED,"question, optionA, optionB, optionC, optionD, answer"
https://myschoolgist.com/nigeria/neco-waec-cbt-software-185947/,Unknown,"A 12-digit activation code will be sent back. The student enters the code in the app and starts using the full package. Who the Software Serves MySchoolGist NECO & WAEC CBT Software suits students who want offline exam practice, a CBT-style screen and quick feedback after each attempt. It also gives parents and teachers a simple tool they can point learners to when exam preparation feels scattere",,,,"For students preparing for WASSCE or SSCE, steady practice can make the exam screen feel less strange. This software gives them that practice space. Search MySchoolGist ... Search",,,REJECTED,"optionA, optionB, optionC, answer"
https://myschoolgist.com/job/,Unknown,,,,,,,,REJECTED,"question, optionA, optionB, optionC, optionD, answer"
https://myschoolgist.com/job/,Unknown,,,,,,,,REJECTED,"question, optionA, optionB, optionC, optionD, answer"
https://myschoolgist.com/job/,Unknown,,,,,,,,REJECTED,"question, optionA, optionB, optionC, optionD, answer"
https://myschoolgist.com/job/,Unknown,"Graduate Requirements, Benefits and Application Link LOTUS Bank has invited audacious, self-driven graduates to apply for the 2026 LOTUS Bank Sales Academy, also known as LSA … Jul 3 Ahmadu Bello University (ABU) Registrar And Bursar Vacancies: Duties, Requirements And Application Details Ahmadu Bello University internal and external advertisement for Registrar and Bursar posts. Ahmadu Bello University, Zaria, has announced internal and … Jul 3 Federal Road Safety Commission (FRS",,,Job Recruitment,,,,REJECTED,"optionA, optionB, optionD, answer"
https://myschoolgist.com/job/,Unknown,"Cadres, Requirements, Portal and Application Guide [UPDATED] The Federal Road Safety Commission (FRS",,,"2026 recruitment exercise is open for suitably qualified Nigerians who meet the cadre, age, … Jul 3 Federal University of Health Science and Technology, Tsafe (FUHSATT) Massive Academic and Non-academic Job Recruitment (232 Positions) Federal University of Health Sciences and Technology, Tsafe, FUHSATT, Zamfara State, has invited applications from suitably qualified candidates for 232 … Jul 3 University on the Niger Job Recruitment: Academic and Technologist Vacancies University on the Niger, UNINIGER, a faith-based university in Umunya, Anambra State, has invited applications from suitably qualified candidates for … Jul 1 FAMSAS College of Health Science and Technology Job Vacancy 2026 FAMSAS College of Health Science and Technology, Keffi, has announced full-time job vacancies for suitably qualified professionals. The management of … Jun 27 National Institute of Construction Technology and Management (NICTM) Job Vacancies for Registrar and Bursar National Institute of Construction Technology and Management, NICTM, Uromi, Edo State has announced vacancies for the positions of Registrar and … Jun 27 Azman University, Kano Job Vacancies for Senior Lecturers and Lecturer I Azman University, Kano has announced academic career vacancies for qualified candidates who wish to join the university as Senior Lecturers … Jun 26 Federal College Of Education, Iwo (FCEIWO) College Librarian Vacancy: Requirements, Tenure, Age Limit and How to Apply Federal College of Education, Iwo, Osun State, has advertised a vacancy for the position of College Librarian and has invited … Jun 15 Plateau State University (PLASU) Registrar Vacancy",,,,REJECTED,"optionA, optionB, optionD, answer"
https://myschoolgist.com/job/,Unknown,"Requirements, Duties and Application Guide Plateau State University, Bokkos, has invited applications from suitably qualified candidates for the post of Substantive Registrar. The post will … Jun 14 Civil Defence, Correctional, Fire and Immigration Services Board (CDCFI","Cola Hellenic Bottling Company has invited applications from suitable candidates for the 2026 Naija Coke Summership Program. The programme is … Jun 11 First Bank Graduate Trainee Programme 2026 Requirements, Deadline and Application Link First Bank of Nigeria Limited has invited applications for its 2026 Pan-African Graduate Trainee Programme in Nigeria, a full-time role … Load More Search the MySchoolGist site Search Scholarships & Opportunities KPMG Seyi Bickersteth Scholarship Programme","Recruitment Status Check for Physical Screening and Document Verification The Civil Defence, Correctional, Fire and Immigration Services Board has announced the next stage of the 2024/2025 Recruitment Exercise. The … Jun 11 BAGCO Graduate Trainee Programme 2026 Requirements, Courses and Application Details Flour Mills of Nigeria Plc has announced recruitment for the BAGCO Graduate Trainee Programme 2026 and applications will be received … Jun 11 Naija Coke Summership Program 2026 Eligibility, Benefits and Application Link Coc",,,,,REJECTED,"optionC, optionD, answer"
https://myschoolgist.com/job/,Unknown,,,,,,,,REJECTED,"question, optionA, optionB, optionC, optionD, answer"
https://myschoolgist.com/job/,Unknown,,,,,,,,REJECTED,"question, optionA, optionB, optionC, optionD, answer"
https://myschoolgist.com/job/,Unknown,,,,,,,,REJECTED,"question, optionA, optionB, optionC, optionD, answer"
https://myschoolgist.com/job/,Unknown,,,,,,,,REJECTED,"question, optionA, optionB, optionC, optionD, answer"
https://myschoolgist.com/news/weac-may-june-sample-questions-and-scheme/,Unknown,"WAEC Sample Questions & Schemes for All Subjects | SSCE & GCE WAEC sample questions and WAEC schemes for all subjects are available here for FREE! They are useful for both school (May/June) candidates and private (GCE) candidates preparing for West African Senior School Certificate Examination (WASSCE). WAEC sample questions WAEC schemes We have compiled the sample questions and scheme of work for all the subjects offered at West African Senior School Certificate Examination (WASSCE) levels (both school and private candidates). Prepare for JAMB, WAEC, NECO, BECE, NCEE and Post UTME Practise CBT Exams on Mobile or PC Prepare for Post UTME, WAEC, NECO, JAMB UTME, Junior WAEC (BECE) and Common Entrance (NCEE) with the MySchoolGist CBT App and Software. Use it on Android, iPhone or Windows to practise past questions anytime. Android App iPhone App Windows 10+ Windows 7 & 8 Need help choosing the right version? Chat with us on WhatsApp . Prepare for JAMB, WAEC, NECO, BECE, NCEE and Post UTME Practise CBT Exams on Mobile or PC Prepare for Post UTME, WAEC, NECO, JAMB UTME, Junior WAEC (BECE) and Common Entrance (NCEE) with the MySchoolGist CBT App and Software. Use it on Android, iPhone or Windows to practise past questions anytime. Post UTME, WAEC, NECO, JAMB UTME, Junior WAEC (BECE) Common Entrance (NCEE) Android App iPhone App Windows 10+ Windows 7 & 8 Need help choosing the right version? Chat with us on WhatsApp . Whether you are at your last stage of Secondary School Education preparing for WAEC May/June or you are no longer in the School system but you are preparing for WAEC GCE , you will find these sample questions and scheme very useful. The Scheme will enable you to have an overview of how WAEC conducts the subjects you are planning to write. While the sample questions on the other hand will familiarize you with the numbers of questions to expect and how they are set. Before you proceed, check: WAEC Syllabus For All Subjects WAEC Past Questions and Answers for All Subjects WAEC May/June Timetable WAEC GCE Registration Procedure WAEC GCE Timetable WAEC Sample Questions and Schemes Click on any subject of your choice below to download its scheme and sample questions. English Language Scheme and Sample Questions Mathematics Scheme and Sample Questions AGRICULTURAL SCIENCE SCHEME AND SAMPLE QUESTIONS YORUBA SCHEME AND SAMPLE QUESTIONS WOODWORK SCHEME AND SAMPLE QUESTIONS WEST AFRICAN TRAD RELIGION SCHEME AND SAMPLE QUESTIONS WELDING AND FABRICATION ENGINEERING SCHEME AND SAMPLE QUESTIONS VISUAL ART SCHEME AND SAMPLE QUESTIONS UPHOLSTERY SCHEME AND SAMPLE QUESTIONS TYPEWRITING SCHEME AND SAMPLE QUESTIONS TWI (ASANTE) SCHEME AND SAMPLE QUESTIONS TWI (AKUAPEM) SCHEME AND SAMPLE QUESTIONS TOURISM SCHEME AND SAMPLE QUESTIONS TEXTILES SCHEME AND SAMPLE QUESTIONS TECHNICAL DRAWING SCHEME AND SAMPLE QUESTIONS STORE MANAGEMENT SCHEME AND SAMPLE QUESTIONS STORE KEEPING SCHEME AND SAMPLE QUESTIONS SOCIAL STUDIES SCHEME AND SAMPLE QUESTIONS SCULPTURE SCHEME AND SAMPLE QUESTIONS SCIENCE SCHEME AND SAMPLE QUESTIONS SALESMANSHIP SCHEME AND SAMPLE QUESTIONS RADIO, TELEVISION AND ELECTRICAL WORK SCHEME AND SAMPLE QUESTIONS PRINTING CRAFT SCHEME AND SAMPLE QUESTIONS PRINCIPLES OF COST ACCOUNTING SCHEME AND SAMPLE QUESTIONS PLUMBING AND PIPE FITTING SCHEME AND SAMPLE QUESTIONS PICTURE MAKING SCHEME AND SAMPLE QUESTIONS PHYSICS SCHEME AND SAMPLE QUESTIONS PHYSICAL EDUCATION SCHEME AND SAMPLE QUESTIONS PHOTOGRAPHY SCHEME AND SAMPLE QUESTIONS PAINTING AND DECORATION SCHEME AND SAMPLE QUESTIONS OFFICE SCHEME AND SAMPLE QUESTIONS NZEMA SCHEME AND SAMPLE QUESTIONS MUSIC SCHEME AND SAMPLE QUESTIONS MINING SCHEME AND SAMPLE QUESTIONS METAL WORK SCHEME AND SAMPLE QUESTIONS MARKETING SCHEME AND SAMPLE QUESTIONS MANAGEMENT IN LIVING SCHEME AND SAMPLE QUESTIONS MACHINE WOODWORKING SCHEME AND SAMPLE QUESTIONS LITERATURE IN ENGLISH SCHEME AND SAMPLE QUESTIONS LEATHER WORK SCHEME AND SAMPLE QUESTIONS LEATHER GOODS MANUFACTURING SCHEME AND SAMPLE QUESTIONS KASEM SCHEME AND SAMPLE QUESTIONS JEWELLERY SCHEME AND SAMPLE QUESTIONS ISLAMIC STUDIES SCHEME AND SAMPLE QUESTIONS INTEGRATED SCI ENCE SCHEME AND SAMPLE QUESTIONS INSURANCE SCHEME AND SAMPLE QUESTIONS IGBO SCHEME AND SAMPLE QUESTIONS ICT (ELECTIVE) SCHEME AND SAMPLE QUESTIONS ICT (CORE) SCHEME AND SAMPLE QUESTIONS IBIBIO SCHEME AND SAMPLE QUESTIONS HOME MANAGEMENT SCHEME AND SAMPLE QUESTIONS HISTORY SCHEME AND SAMPLE QUESTIONS HEALTH SCIENCE SCHEME AND SAMPLE QUESTIONS HAUSA SCHEME AND SAMPLE QUESTIONS GSM PHONES MAINTENANCE AND REPAIRS SCHEME AND SAMPLE QUESTIONS GRAPHIC DESIGN SCHEME AND SAMPLE QUESTIONS GOVERNMENT SCHEME AND SAMPLE QUESTIONS GONJA SCHEME AND SAMPLE QUESTIONS GEOGRAPHY SCHEME AND SAMPLE QUESTIONS GENERAL KNOL IN ART SCHEME AND SAMPLE QUESTIONS GENERAL AGRICULTURE SCHEME AND SAMPLE QUESTIONS GARMENT MAKING SCHEME AND SAMPLE QUESTIONS GA SCHEME AND SAMPLE QUESTIONS FURTHER MATHEMATICS SCHEME AND SAMPLE QUESTIONS FURNITURE MAKING SCHEME AND SAMPLE QUESTIONS FRENCH SCHEME AND SAMPLE QUESTIONS FISHERIES (Alt B) SCHEME AND SAMPLE QUESTIONS FISHERIES (Alt A) SCHEME AND SAMPLE QUESTIONS FOOD AND NUTRITION SCHEME AND SAMPLE QUESTIONS FINANCIAL ACCOUNTING SCHEME AND SAMPLE QUESTIONS FANTE SCHEME AND SAMPLE QUESTIONS EWE SCHEME AND SAMPLE QUESTIONS ENGINEERING SCIENCE SCHEME AND SAMPLE QUESTIONS ELECTRONICS SCHEME AND SAMPLE QUESTIONS ELECTRICAL INSTALLATION AND MAINTENANCE WORK SCHEME AND SAMPLE QUESTIONS ECONOMICS SCHEME AND SAMPLE QUESTIONS DYEING AND BLEACHING SCHEME AND SAMPLE QUESTIONS DATA PROCESSING SCHEME AND SAMPLE QUESTIONS DANGME SCHEME AND SAMPLE QUESTIONS DAGBANI SCHEME AND SAMPLE QUESTIONS DAGAARE SCHEME AND SAMPLE QUESTIONS CROP HUSBANDRY & HORTICULTURE SCHEME AND SAMPLE QUESTIONS COSMETOLOGY SCHEME AND SAMPLE QUESTIONS COMPUTER STUDIES SCHEME AND SAMPLE QUESTIONS COMMERCE SCHEME AND SAMPLE QUESTIONS CLOTHING AND TEXTILES SCHEME AND SAMPLE QUESTIONS CIVIC EDUCATION SCHEME AND SAMPLE QUESTIONS CHRISTIAN RELIGIOUS STUDIES SCHEME AND SAMPLE QUESTIONS CHEMISTRY SCHEME AND SAMPLE QUESTIONS CERAMICS SCHEME AND SAMPLE QUESTIONS CATERING CRAFT SCHEME AND SAMPLE QUESTIONS CARPENTRY AND JOINERY SCHEME AND SAMPLE QUESTIONS BUSINESS MANAGEMENT SCHEME AND SAMPLE QUESTIONS BUILDING CONSTRUCTION SCHEME AND SAMPLE QUESTIONS BOOK KEEPING SCHEME AND SAMPLE QUESTIONS BIOLOGY SCHEME AND SAMPLE QUESTIONS BASKETRY SCHEME AND SAMPLE QUESTIONS BASIC ELECTRONICS SCHEME AND SAMPLE QUESTIONS AUTOMOBILE PARTS MERCHANDISING SCHEME AND SAMPLE QUESTIONS AUTO MECHANICS SCHEME AND SAMPLE QUESTIONS AUTO MECHANICAL WORK SCHEME AND SAMPLE QUESTIONS AUTO ELECTRICAL WORKS SCHEME AND SAMPLE QUESTIONS AUTO BODY REPAIRS AND SPRAY PAINTING SCHEME AND SAMPLE QUESTIONS ARABIC SCHEME AND SAMPLE QUESTIONS APPLIED ELECTRICITY SCHEME AND SAMPLE QUESTIONS ANIMAL HUSBANDRY (Alternative B) SCHEME AND SAMPLE QUESTIONS ANIMAL HUSBANDRY (Alternative A) SCHEME AND SAMPLE QUESTIONS AIR CONDITIONING AND REFRIGERATION SCHEME AND SAMPLE QUESTIONS Need scheme and sample questions of the subject(s) not listed here? Use the comments section below to request for it/them. DISCLAIMER: The questions and answers contained on this website are not in any way inferred as the original questions you will write on your WAEC examination. We do not provide students with any material that promotes examination malpractice. The contents on this website are purely educational and suited for students preparing for the said exams. DISCLAIMER: Alternative admission via JUPEB/IJMB programmes (SPONSORED) Enter 200-Level Directly! Gain University Admission via JUPEB/IJMB . Enjoy Low Fees! Call 08033006849 Now! Alternative admission via JUPEB/IJMB programmes (SPONSORED) Enter 200-Level Directly! Gain University Admission via JUPEB/IJMB . Enjoy Low Fees! Call 08033006849 Now! Search MySchoolGist ... Search Tagged: West African Examinations Council : WAEC Nigeria Tagged: Share This Post: If this post helped you, share it with others! Use the buttons below to spread the word! Share This Post: WhatsApp X (Twitter) Facebook WhatsApp X (Twitter) Facebook Suggested Articles West African Examinations Council (WAEC) Results: 2026 WASSCE for School Candidates (May/June Exam) Failed 2026 WAEC May/June Exam? Urgent Solution West African Examinations Council (WAEC) Digital Certificate Platform Wish to Upgrade Your 2026 WAEC Result? Read This WAEC GCE Registration 2026 Second Series: Fee, PIN Deadline and CBT Exam Guide [UPDATED] WAEC GCE Registration Closing Date/Deadline 2026 West African Examinations Council (WAEC) WASSCE 2026 Result Checker PIN: How School Candidates Can Get It WAEC Result: Meaning of Held or Witheld or Outstanding and Other Terms Suggested Articles Articles West African Examinations Council (WAEC) Results: 2026 WASSCE for School Candidates (May/June Exam) Failed 2026 WAEC May/June Exam? Urgent Solution West African Examinations Council (WAEC) Digital Certificate Platform Wish to Upgrade Your 2026 WAEC Result? Read This WAEC GCE Registration 2026 Second Series: Fee, PIN Deadline and CBT Exam Guide [UPDATED] WAEC GCE Registration Closing Date/Deadline 2026 West African Examinations Council (WAEC) WASSCE 2026 Result Checker PIN: How School Candidates Can Get It WAEC Result: Meaning of Held or Witheld or Outstanding and Other Terms Previous story Federal University of Technology Minna (FUTMINNA) 34th Convocation 2026: Academic Gown Collection, Return Rules, Penalties and Venue Next story WAEC Syllabus for SSCE & GCE Previous story Federal University of Technology Minna (FUTMINNA) 34th Convocation 2026: Academic Gown Collection, Return Rules, Penalties and Venue Next story WAEC Syllabus for SSCE & GCE Meet The Author Olusegun Fapohunda is the founder and editor of MySchoolGist, with over a decade of experience in education publishing. He covers education updates, admission notices, examination news, scholarships, career opportunities and related public information. Connect with him on X (formerly Twitter) . Meet The Author Olusegun Fapohunda is the founder and editor of MySchoolGist, with over a decade of experience in education publishing. He covers education updates, admission notices, examination news, scholarships, career opportunities and related public information. Connect with him on X (formerly Twitter) . Home About Disclaimer Privacy Policy Quick Links Education Resources WAEC Past Questions NABTEB Past Questions JAMB Past Questions Post UTME Past Questions Universities Polytechnics Monotechnics Colleges of Education Top Universities Illegal Universities Courses JAMB WAEC NECO Jobs in Nigeria MySchoolGist Web Services is a registered publisher and marketing solutions provider in Nigeria. It publishes Myschoolgist.com, a leading digital publication that covers the latest educational trends, career opportunities and current news. Copyright © 2012 - 2026 MySchoolGist Home About Disclaimer Privacy Policy Quick Links Education Resources WAEC Past Questions NABTEB Past Questions JAMB Past Questions Post UTME Past Questions Universities Polytechnics Monotechnics Colleges of Education Top Universities Illegal Universities Courses JAMB WAEC NECO Jobs in Nigeria Quick Links Education Resources WAEC Past Questions NABTEB Past Questions JAMB Past Questions Post UTME Past Questions Universities Polytechnics Monotechnics Colleges of Education Top Universities Illegal Universities Courses JAMB WAEC NECO Jobs in Nigeria MySchoolGist Web Services is a registered publisher and marketing solutions provider in Nigeria. It publishes Myschoolgist.com, a leading digital publication that covers the latest educational trends, career opportunities and current news. Copyright © 2012 - 2026 MySchoolGist",,,,,,,REJECTED,"optionA, optionB, optionC, optionD, answer"
https://myschoolgist.com/keyword/www-nabtebnigeria-org/,Unknown,"Last Modified on January 31st, 2026 The National Business and Technical Examinations Board (NABTE",,"has shifted the closing date for registration for its 2025 May/June NBC/NTC exams. The new deadline is midnight on Sunday, 1 June","examinations. The Board confirmed the registration window and the national examination date; candidates should act within the stated timeline. Registration Dates for 2026 NBC … NABTEB Syllabus for All Subjects Last Modified on October 8th, 2025 Want to excel at the National Business and Technical Examinations Board (NABTE",,,,REJECTED,"optionA, optionD, answer"
https://myschoolgist.com/keyword/www-nabtebnigeria-org/,Unknown,"This update came directly from NABTEB's Registrar, Dr M.","Mohammed and applies to all prospective candidates, parents, school … NABTEB to introduce computer- based examinations in 2026 Last Modified on March 27th, 2025 NABTEB has shared plans to switch to computer-based exams in",,,,,,REJECTED,"optionB, optionC, optionD, answer"
https://myschoolgist.com/keyword/www-nabtebnigeria-org/,Unknown,All candidates will take their exams on a computer from that year. The change will cover every part of the process from start to finish. The goal is to remove errors and shorten the time used to mark and … National Business and Technical Examinations Board (NABTE,The Joint Admissions and Matriculations Board (JAM,has announced a supplementary National Common Entrance Examination for admission into Federal Science and Technical … COVI,", the Advanced National Technical Certificate … National Business and Technical Examinations Board (NABTE",,,,REJECTED,"optionD, answer"
https://myschoolgist.com/keyword/www-nabtebnigeria-org/,Unknown,National Business and Technical Examinations Board (NABTE,,"is now selling PINs to apply for admission into the Federal / State Science and Technical Colleges in Nigeria for the 2020/2021 academic session. Applications are invited from suitably qualified candidates for admission into 3-year full-time courses into Federal/State Science and Technical Colleges … FG Announces Commencement Dates for NECO, NABTEB, Other Examinations Last Modified on July 29th, 2020 The Federal Government has fixed the commencement dates for NECO (SS3 June/July exam, Junior WAEC & Common Entrance), NABTEB and NBAIS examinations. The Federal Government on Wednesday says this year's Senior Secondary School Certificate Examinations organised by the National Examination Council will start October 5 and end November","Before you proceed, … NABTEB Common Entrance Exam for Admission into Federal/State Science and Technical Colleges in Nigeria 2020/2021 [UPDATED] Last Modified on August 30th, 2020 National Business and Technical Examinations Board (NABTE",19 Pandemi,,,REJECTED,"optionA, answer"
https://myschoolgist.com/keyword/www-nabtebnigeria-org/,Unknown,"Basic … NABTEB Vows to Prosecute Any Candidate Caught Cheating Last Modified on May 17th, 2018 National Business and Technical Examinations Board (NABTE",,", Registrar/Chief Executive, Prof Ifeoma Isiugo-Abanihe has warned candidates writing … NABTEB Warns Centres and State Officers, Releases New Registration Procedure Last Modified on May 14th, 2018 NABTEB warning to centres and state officers. The management of NABTEB (National Business and Technical Examinations Boar",,"has issued a warning to centres and state officers on extortion of candidates. The management also announced a new registration procedure effective from 2018 November/December. Continue reading below…. I have started getting names … Search the MySchoolGist site Search Recent Posts Lagos State University (LASU) Admission List for 2026/2027 Academic Session | Merit & Supplementary [UPDATED] Ignatius Ajuru University Of Education (IAUE) Admission List for 2026/2027 Academic Session | 1st Batch Ignatius Ajuru University Of Education (IAUE) Acceptance Fee, Clearance & Registration Procedures for 2026/2027 Newly Admitted Candidates Federal Polytechnic, Ukana Post UTME Form for 2026/2027 ND Admission Federal Polytechnic, Ukana HND Admission Form for 2026/2027 Academic Session Scholarships & Opportunities KPMG Seyi Bickersteth Scholarship Programme",,,REJECTED,"optionA, optionC, answer"
https://myschoolgist.com/keyword/www-nabtebnigeria-org/,Unknown,,,,,,,,REJECTED,"question, optionA, optionB, optionC, optionD, answer"
https://myschoolgist.com/keyword/www-nabtebnigeria-org/,Unknown,,,,,,,,REJECTED,"question, optionA, optionB, optionC, optionD, answer"
https://myschoolgist.com/keyword/www-nabtebnigeria-org/,Unknown,,,,,,,,REJECTED,"question, optionA, optionB, optionC, optionD, answer"
https://myschoolgist.com/keyword/www-nabtebnigeria-org/,Unknown,,,,,,,,REJECTED,"question, optionA, optionB, optionC, optionD, answer"
https://myschoolgist.com/nigeria/neco-waec-cbt-app/,Unknown,,,,,,,,REJECTED,"question, optionA, optionB, optionC, optionD, answer"
https://myschoolgist.com/nigeria/neco-waec-cbt-app/,Unknown,"The product key appears on the app's activate page. A 12-digit code will be sent after payment checks are complete. The student enters the code in the app, then full access opens. Why Students May Find It Useful Exam preparation can feel heavy when students face past questions, timing and CBT screens all at once. The MySchoolGist NECO & WAEC CBT App brings those parts together in one place, with practice modes, feedback, offline access and subject choices. Students get a study tool they can carry aroun",,,,Parents get a practical support option. Teachers can also point their classes to a simple CBT practice aid for WASSCE and SSCE preparation. Search MySchoolGist ... Search,,,REJECTED,"optionA, optionB, optionC, answer"
https://myschoolgist.com/,Unknown,"NECO & WAEC CBT Software for Offline Practice Latest Gists AUG 17, 2026 ‖ University of Ilorin : UNILORIN AUG 17, 2026 University of Ilorin (UNILORIN) Post UTME Screening Result for 2026/2027 Academic Session AUG 16, 2026 ‖ Lagos State University : LASU AUG 16, 2026 Lagos State University (LASU) Admission List for 2026/2027 Academic Session | Merit & Supplementary [UPDATED] AUG 16, 2026 ‖ Ignatius Ajuru University of Education : IAUE AUG 16, 2026 Ignatius Ajuru University Of Education (IAUE) Admission List for 2026/2027 Academic Session | 1st Batch AUG 16, 2026 ‖ Ignatius Ajuru University of Education : IAUE AUG 16, 2026 Ignatius Ajuru University Of Education (IAUE) Acceptance Fee, Clearance & Registration Procedures for 2026/2027 Newly Admitted Candidates AUG 16, 2026 ‖ Federal Polytechnic Ukana AUG 16, 2026 Federal Polytechnic, Ukana Post UTME Form for 2026/2027 ND Admission AUG 16, 2026 ‖ Federal Polytechnic Ukana AUG 16, 2026 Federal Polytechnic, Ukana HND Admission Form for 2026/2027 Academic Session AUG 16, 2026 ‖ National Youth Service Corps : NYSC AUG 16, 2026 National Youth Service Corps (NYSC) Passing-Out for 2025 Batch 'B' Stream II AUG 16, 2026 ‖ Usmanu Danfodiyo University Sokoto : UDUSOK AUG 16, 2026 Usmanu Danfodiyo University, Sokoto (UDUSOK) 2026/2027 Admission Process Has Started: Upload O'Level Result on JAMB CAPS AUG 16, 2026 ‖ Federal University of Technology Ikot Abasi (FUTIA) AUG 16, 2026 Federal University of Technology, Ikot Abasi (FUTIA) O'Level Result Upload for 2026/2027 Admission Candidates AUG 16, 2026 ‖ Olabisi Onabanjo University : OOU AUG 16, 2026 Olabisi Onabanjo University (OOU) Post UTME Screening Schedule 2026/2027 and Examination Pass Printing Guide AUG 16, 2026 ‖ College of Health Technology Lafia AUG 16, 2026 College of Health Technology, Lafia Admission List for 2026/2027 Academic Session | 1st & 2nd Batch AUG 16, 2026 ‖ WAEC AUG 16, 2026 WAEC GCE Registration 2026 Second Series: Fee, PIN Deadline and CBT Exam Guide [UPDATED] AUG 16, 2026 ‖ UTME List AUG 16, 2026 Has Your School Admission List Been Released? Find Out AUG 15, 2026 ‖ Akanu Ibiam Federal Polytechnic Unwana AUG 15, 2026 Akanu Ibiam Federal Polytechnic, Unwana (AIFPU) Admission List for 2026/2027 Academic Session AUG 15, 2026 ‖ Kwara State University : KWASU AUG 15, 2026 Kwara State University (KWASU) Admission List for 2026/2027 Academic Session AUG 15, 2026 ‖ Akwa Ibom State University : AKSU AUG 15, 2026 Akwa Ibom State University (AKSU) Postgraduate Admission Form for 2026/2027 Academic Session AUG 15, 2026 ‖ Ibrahim Badamasi Babangida University : IBBU AUG 15, 2026 Ibrahim Badamasi Babangida University (IBBU) Post UTME / Direct Entry Screening Form for 2025/2026 Undergraduate Admission AUG 15, 2026 ‖ Federal University of Health Sciences Otukpo (FUHSO) AUG 15, 2026 Federal University of Health Sciences, Otukpo (FUHSO) Remedial Admission Form for 2026/2027 Academic Session AUG 15, 2026 ‖ Federal University of Health Sciences Azare (FUHSA) Bauchi AUG 15, 2026 Federal University of Health Sciences, Azare (FUHSA) Intra-University and Inter-University Transfer Application Form 2026 AUG 15, 2026 ‖ Reverend Father Moses Orshio Adasu University Makurdi (MOAUM) AUG 15, 2026 Reverend Father Moses Orshio Adasu University, Makurdi (MOAUM) Extends Post UTME/Direct Entry Registration Deadline 2026/2027 AUG 15, 2026 ‖ Ambrose Alli University : AAU AUG 15, 2026 Ambrose Alli University (AAU) Ekpoma Certificate Fee 2025/2026: ₦48,000 Payment for Graduating Students AUG 15, 2026 ‖ University of Uyo : UNIUYO AUG 15, 2026 University of Uyo (UNIUYO) O'Level Result Upload 2026/2027: Awaiting Result Candidates Should Update Records AUG 15, 2026 ‖ Federal University of Petroleum Resources Effurun : FUPRE AUG 15, 2026 Federal University of Petroleum Resources, Effurun (FUPRE) Supplementary Post UTME Screening Form for 2026/2027 Undergraduate Admission AUG 15, 2026 ‖ Reverend Father Moses Orshio Adasu University Makurdi (MOAUM) AUG 15, 2026 Reverend Father Moses Orshio Adasu University, Makurdi (MOAUM) Post UTME/Direct Entry Screening Exercise for 2026/2027 Undergraduate Admission [UPDATED] Search the MySchoolGist site Search Scholarships & Opportunities KPMG Seyi Bickersteth Scholarship Programme 2026: Eligibility, Benefits and How to Apply Startup Abuja Scholarship Programme 2026: Benefits, Requirements and How to Apply LONG Young Achievers Scholarship 2026: Up to N240,000 Per Year for Secondary Students Bridge Scholarship Award 2026: Get Fully Funded Support Through University Melajoom Foundation Scholarship 2026 for Owo Indigenes: Eligibility and How to Apply Scholarships & Opportunities Scholarships KPMG Seyi Bickersteth Scholarship Programme 2026: Eligibility, Benefits and How to Apply Startup Abuja Scholarship Programme 2026: Benefits, Requirements and How to Apply LONG Young Achievers Scholarship 2026: Up to N240,000 Per Year for Secondary Students Bridge Scholarship Award 2026: Get Fully Funded Support Through University Melajoom Foundation Scholarship 2026 for Owo Indigenes: Eligibility and How to Apply About Disclaimer Privacy Policy Quick Links Education Resources WAEC Past Questions NABTEB Past Questions JAMB Past Questions Post UTME Past Questions Universities Polytechnics Monotechnics Colleges of Education Top Universities Illegal Universities Courses JAMB WAEC NECO Jobs in Nigeria MySchoolGist Web Services is a registered publisher and marketing solutions provider in Nigeria. It publishes Myschoolgist.com, a leading digital publication that covers the latest educational trends, career opportunities and current news. Copyright © 2012 - 2026 MySchoolGist About Disclaimer Privacy Policy Quick Links Education Resources WAEC Past Questions NABTEB Past Questions JAMB Past Questions Post UTME Past Questions Universities Polytechnics Monotechnics Colleges of Education Top Universities Illegal Universities Courses JAMB WAEC NECO Jobs in Nigeria Quick Links Education Resources WAEC Past Questions NABTEB Past Questions JAMB Past Questions Post UTME Past Questions Universities Polytechnics Monotechnics Colleges of Education Top Universities Illegal Universities Courses JAMB WAEC NECO Jobs in Nigeria MySchoolGist Web Services is a registered publisher and marketing solutions provider in Nigeria. It publishes Myschoolgist.com, a leading digital publication that covers the latest educational trends, career opportunities and current news. Copyright © 2012 - 2026 MySchoolGist",,,,,,,REJECTED,"optionA, optionB, optionC, optionD, answer"
https://myschoolgist.com/scholarships/,Unknown,,,,,,,,REJECTED,"question, optionA, optionB, optionC, optionD, answer"
https://myschoolgist.com/scholarships/,Unknown,,,,,,,,REJECTED,"question, optionA, optionB, optionC, optionD, answer"
https://myschoolgist.com/scholarships/,Unknown,,,,,,,,REJECTED,"question, optionA, optionB, optionC, optionD, answer"
https://myschoolgist.com/scholarships/,Unknown,,,,,,,,REJECTED,"question, optionA, optionB, optionC, optionD, answer"
https://myschoolgist.com/scholarships/,Unknown,,,,,,,,REJECTED,"question, optionA, optionB, optionC, optionD, answer"
https://myschoolgist.com/scholarships/,Unknown,"Gain Full Tuition, Accommodation and Fellowship Support The Greater Works Foundation has opened applications for the Adedeji Scholarship Program 2027, a fully funded scholarship for eligible undergraduate … Jul 14 Innocent Chukwuemeka Chukwuma Empowerment Foundation (ICCEF) Educational Scholarship Programme 2026 for Nigerian Students The Innocent Chukwuemeka Chukwuma Empowerment Foundation has invited eligible students to apply for its 2026 Educational Scholarship Programme. The scholarship … Jul 14 Victor Uraku Foundation Scholarship for Ebonyi State University Students The Victor Uraku Foundation, in collaboration with Ebonyi State University, has established a scholarship for registered students who have lost … Jul 14 IfeanHealth Scholarship and Scholar Program (ISSP) 2.0 for Prosthetics and Orthotics Students Applications have opened for the second edition of the IfeanHealth Scholarship and Scholar Program, also known as ISSP 2.0, for … Jul 7 Dangote Cement Plc Undergraduate Industry-Based Engineering Research Competition 2026 Dangote Cement Plc has sponsored the inaugural Industry-Based Engineering Research Competition for undergraduate engineering students in Nigeri","The competition is … Jul 3 Zion Empowerment Arena for the Needy Initiative (ZEANI) National Scholarships Award 2026 / 2027 for Secondary School SS1, SS2 & SSCE Holders Zion Empowerment Arena for the Needy Initiative, ZEANI, has announced its 2026/2027 National Scholarship Award, NSA, for Secondary School SS1, … Jul 3 Wema Bank Hackaholics Hackathon 7.",,,,,,REJECTED,"optionB, optionC, optionD, answer"
https://myschoolgist.com/scholarships/,Unknown,"Application, Tracks and Benefits Wema Bank Hackaholics Hackathon 7.0 applications are open for startups, founders, creators, problem-solvers and technology enthusiasts across Afric",Hackaholics is … Jul 3 Lester,Pearson International Student Scholarships 2026 have opened for international students seeking first-entry undergraduate study at the University … Jul 1 David Oyedepo Foundation Scholarship 2026 for Newly Approved Courses at Land Mark University and Covenant University David Oyedepo Foundation Scholarship portal has been opened for newly approved courses at Covenant University and Landmark University for the … Jun 26 Ireland Fellows Programme 2027-,,The Lester,,,REJECTED,"optionC, answer"
https://myschoolgist.com/scholarships/,Unknown,Study in Ireland on a Fully Funded Master's Scholarship The Ireland Fellows Programme 2027-2028 has been listed for early to mi,,,,career professionals from Nigeria and Ghana who wish to … Jun 25 Ikorodu Local Government Bursary Scheme,,,REJECTED,"optionA, optionB, optionC, answer"
https://myschoolgist.com/scholarships/,Unknown,,,,,,,,REJECTED,"question, optionA, optionB, optionC, optionD, answer"
https://myschoolgist.com/scholarships/,Unknown,,,,,,,,REJECTED,"question, optionA, optionB, optionC, optionD, answer"
https://myschoolgist.com/scholarships/,Unknown,,,,,,,,REJECTED,"question, optionA, optionB, optionC, optionD, answer"
https://myschoolgist.com/scholarships/,Unknown,,,,,,,,REJECTED,"question, optionA, optionB, optionC, optionD, answer"
https://myschoolgist.com/scholarships/,Unknown,,,,,,,,REJECTED,"question, optionA, optionB, optionC, optionD, answer"
https://myschoolgist.com/news/upgrade-waec-result/,Unknown,"Pass Rates, Withheld Results and Candidate Figures WAEC GCE Registration 2026 Second Series: Fee, PIN Deadline and CBT Exam Guide [UPDATED] WAEC GCE Registration Closing Date/Deadline 2026 West African Examinations Council (WAE",,,"WASSCE 2026 Result Checker PIN: How School Candidates Can Get It WAEC Result: Meaning of Held or Witheld or Outstanding and Other Terms Meet The Author Olusegun Fapohunda is the founder and editor of MySchoolGist, with over a decade of experience in education publishing. He covers education updates, admission notices, examination news, scholarships, career opportunities and related public information. Connect with him on X (formerly Twitter) .",,,,REJECTED,"optionA, optionB, optionD, answer"
https://myschoolgist.com/keyword/www-jamb-org-ng/,Unknown,"How to Check, Accept or Reject Your Admission Last Modified on August 14th, 2026 JAMB CAPS is the platform where candidates can check their admission status and respond to an admission offer. A candidate can see whether admission has been offered, accept or reject the offer and follow changes to the admission status from a phone, laptop or another device with internet access. The … MySchoolGist JAMB CBT Software 2026 for UTME Practice, Offline Study and Full Activation Last Modified on July 20th, 2026 MySchoolGist JAMB CBT Software for 2026 UTME practice is now available for candidates who want to become familiar with the exam screen, practise past questions and work on speed before exam day. UTME preparation can start well, then lose shape halfway. A candidate may sit down to read; one phone … MySchoolGist JAMB CBT App for UTME Candidates: Mobile Past Questions, Syllabus, Offline Practice and Exam-Style Screen Last Modified on July 9th, 2026 Are you preparing for the 2026 UTME and want a tool that will help you scale through without hurdles? If yes, MySchoolGist's JAMB CBT App is there for you. MySchoolGist's JAMB CBT App is a mobile practice tool designed for candidates preparing for the 2026 UTME. It is available for Android … Federal University Lokoja (FULOKOJ",has announced that 14 newly established academic programmes are now available on the JAMB Central Admission Processing System (CAPS) for the 2026/2027 admission exercise. The programmes have received resource verification from the National Universities Commission (NU,"Mop-Up UTME Result 2026 Last Modified on June 18th, 2026 The Joint Admissions and Matriculation Board has released the results of the 2026 mop-up UTME held on Saturday, 13 June","and prospective candidates can now select them through the JAMB … JAMB Change of Course / Institution / Data Procedure 2026 Last Modified on June 30th, 2026 UTME and Direct Entry candidates who find an error on their JAMB slip may apply for correction through the JAMB eFacility portal JAMB data correction covers name, date of birth, passport photograph, gender, state or Local Government Area, profile details, course and school. A wrong letter, wrong course or wrong … Joint Admissions and Matriculation Board (JAM",Why Is the JAMB Original Result … Joint Admissions and Matriculation Board (JAM,,,REJECTED,answer
https://myschoolgist.com/keyword/www-jamb-org-ng/,Unknown,"Candidates who took part in the examination can check their results through the SMS method, using the phone number used for UTME registration. How Can Candidates Check the JAMB … Joint Admissions and Matriculation Board (JAM",,"has informed all candidates scheduled for the 2026 Mop-Up Unified Tertiary Matriculation Examination (UTME) that they can now print their examination notification slips. The mop-up examination will be held on Saturday, 13 June",,,,,REJECTED,"optionA, optionC, optionD, answer"
https://myschoolgist.com/keyword/www-jamb-org-ng/,Unknown,Who Should Print The 2026 JAMB Mop-Up UTME Slip? … Joint Admissions and Matriculation Board (JAM,,Withheld UTME Results,,,,,REJECTED,"optionA, optionC, optionD, answer"
https://myschoolgist.com/keyword/www-jamb-org-ng/,Unknown,"279 Results Released After Review Last Modified on May 21st, 2026 The Joint Admissions and Matriculation Board has released 279 Unified Tertiary Matriculation Examination results that were earlier withheld for review. The results belong to candidates whose cases had been under further checks. JAMB spokesperson, Fabian Benjamin, confirmed the update on X on Thursday. He stated that the newly released results … Professor Segun Aina Appointed JAMB Registrar: Profile, Career and Key Facts Last Modified on May 21st, 2026 President Bola Ahmed Tinubu has appointed Professor Segun Aina as the new Registrar of the Joint Admissions and Matriculation Boar",,,,"He succeeds Professor Is-haq Oloyede, whose two-term tenure expires on 31 July",,,REJECTED,"optionA, optionB, optionC, answer"
https://myschoolgist.com/keyword/www-jamb-org-ng/,Unknown,"Professor Aina, who turns 40 in July, steps into one of Nigeria's most watched education offices with … Joint Admissions and Matriculation Board (JAM",,"to Allow UTME Candidates Use Personal Computers From 2027 Last Modified on May 11th, 2026 The Joint Admissions and Matriculation Board, JAMB, says candidates will have an option to use their personal computers for the Unified Tertiary Matriculation Examination from",,,,,REJECTED,"optionA, optionC, optionD, answer"
https://myschoolgist.com/keyword/www-jamb-org-ng/,Unknown,"JAMB Registrar, Prof. Ish-aq Oloyede, made this known during the 2026 Policy Meeting on Admissions into Tertiary Education in Abuja on Monday. What JAMB … JAMB Subject Combination for Automobile Technology Education Last Modified on May 7th, 2026 Automobile Technology Education JAMB combination » Admission requirements to study Automobile Technology Education in any accredited Nigerian university. The Bachelor's Degree in Automobile Technology Education is competitive. Knowing the prerequisites will enable you have seamless registration and also avoid unnecessary mistakes. This page provides the following: Automobile Technology Education O'Level … Joint Admissions and Matriculation Board (JAM",,Cut-Off Marks,,,,,REJECTED,"optionA, optionC, optionD, answer"
https://myschoolgist.com/keyword/www-jamb-org-ng/,Unknown,"Board Sets 11 May for Admission Policy Meeting Last Modified on May 4th, 2026 The Joint Admissions and Matriculation Board, JAMB, has fixed Monday, 11 May, for its 2026 Policy Meeting on Admissions, where the minimum UTME cut-off marks for the 2026/2027 academic session will be considere","level certificates aiming to join a university degree program. This process, essential for many aspiring university students, particularly those looking to enter at … JAMB Direct Entry Registration Closing Date Last Modified on April 29th, 2026 The Joint Admission and Matriculation Board (JAM","has released the results of candidates who sat the 2026 Unified Tertiary Matriculation Examination (UTME) on Monday, 20 April",,"Check the 20 April 2026 Batch by SMS Last Modified on April 21st, 2026 The Joint Admissions and Matriculation Board (JAM",,,REJECTED,"optionC, answer"
https://myschoolgist.com/keyword/www-jamb-org-ng/,Unknown,,,,,,,,REJECTED,"question, optionA, optionB, optionC, optionD, answer"
https://myschoolgist.com/keyword/www-jamb-org-ng/,Unknown,,,,,,,,REJECTED,"question, optionA, optionB, optionC, optionD, answer"
https://myschoolgist.com/keyword/www-jamb-org-ng/,Unknown,,,,,,,,REJECTED,"question, optionA, optionB, optionC, optionD, answer"
https://myschoolgist.com/keyword/www-jamb-org-ng/,Unknown,,,,,,,,REJECTED,"question, optionA, optionB, optionC, optionD, answer"
https://myschoolgist.com/keyword/www-jamb-org-ng/,Unknown,,,,,,,,REJECTED,"question, optionA, optionB, optionC, optionD, answer"
https://myschoolgist.com/about-us/,Unknown,,,,,,,,REJECTED,"question, optionA, optionB, optionC, optionD, answer"
https://myschoolgist.com/about-us/,Unknown,,,,,,,,REJECTED,"question, optionA, optionB, optionC, optionD, answer"
https://myschoolgist.com/about-us/,Unknown,,,,,,,,REJECTED,"question, optionA, optionB, optionC, optionD, answer"
https://myschoolgist.com/about-us/,Unknown,,,,,,,,REJECTED,"question, optionA, optionB, optionC, optionD, answer"
https://myschoolgist.com/section/courses/,Unknown,,,,,,,,REJECTED,"question, optionA, optionB, optionC, optionD, answer"
https://myschoolgist.com/section/courses/,Unknown,,,,,,,,REJECTED,"question, optionA, optionB, optionC, optionD, answer"
https://myschoolgist.com/section/courses/,Unknown,,,,,,,,REJECTED,"question, optionA, optionB, optionC, optionD, answer"
https://myschoolgist.com/section/courses/,Unknown,,,,,,,,REJECTED,"question, optionA, optionB, optionC, optionD, answer"
https://myschoolgist.com/disclaimer/,Unknown,,,,,,,,REJECTED,"question, optionA, optionB, optionC, optionD, answer"
https://myschoolgist.com/disclaimer/,Unknown,,,,,,,,REJECTED,"question, optionA, optionB, optionC, optionD, answer"
https://myschoolgist.com/disclaimer/,Unknown,,,,,,,,REJECTED,"question, optionA, optionB, optionC, optionD, answer"
https://myschoolgist.com/disclaimer/,Unknown,,,,,,,,REJECTED,"question, optionA, optionB, optionC, optionD, answer"
https://myschoolgist.com/news/nabteb-nov-dec-exam-timetable/,Unknown,,,,,,,,REJECTED,"question, optionA, optionB, optionC, optionD, answer"
https://myschoolgist.com/news/nabteb-nov-dec-exam-timetable/,Unknown,"All candidates are advised to check the schedule and prepare early for success. If you've been waiting for the NABTEB GCE Timetable , the wait is finally over. The National Business and Technical Examinations Board (NABTE",,"has dropped the official schedule for the November/December 2025 Certificate Examinations. Feels like a relief, doesn't it? After weeks of waiting and checking here and there, we finally know what's up. The Official Word on the NABTEB GCE Timetable The exam kicks off on November 3 and wraps up on December 6,",,,,,REJECTED,"optionA, optionC, optionD, answer"
https://myschoolgist.com/news/nabteb-nov-dec-exam-timetable/,Unknown,"That's roughly five weeks of hustle, focus and steady nerves. The timetable lists every subject, date and time slot, so nobody has an excuse to miss a paper. It's like your personal GPS through exam season — one wrong turn and well, wahala dey. Prepare for JAMB, WAEC, NECO, BECE, NCEE and Post UTME Practise CBT Exams on Mobile or PC Prepare for Post UTME, WAEC, NECO, JAMB UTME, Junior WAEC (BECE) and Common Entrance (NCEE) with the MySchoolGist CBT App and Software. Use it on Android, iPhone or Windows to practise past questions anytime. Android App iPhone App Windows 10+ Windows 7 & 8 Need help choosing the right version? Chat with us on WhatsApp . If you haven't got it yet, the full schedule is neatly packed in a downloadable PDF. You can find it right here: NABTEB General Examination Timetable PDF . Save it somewhere easy to reach. You'll be needing it often. Why You Should Care About the Timetable Let's be honest — half of exam stress comes from poor planning. The NABTEB GCE Timetable isn't just a fancy list; it's your strategy boar",,"2026 NBC and NTC Registration Dates, Students' Portal and Exam Date (June",Admission List 2026 National Business and Technical Examinations Board (NABTE,Enter 200-Level Directly! Gain University Admission via JUPEB/IJM,,,REJECTED,"optionA, answer"
https://myschoolgist.com/news/nabteb-nov-dec-exam-timetable/,Unknown,NABTEB Syllabus for All Subjects National Business and Technical Examinations Board (NABTE,,"Result for 2025 May/June NBC/NTC Exam Federal Government Pushes TVET Reform as NABTEB Reviews Syllabuses for 26 Trades Meet The Author Olusegun Fapohunda is the founder and editor of MySchoolGist, with over a decade of experience in education publishing. He covers education updates, admission notices, examination news, scholarships, career opportunities and related public information. Connect with him on X (formerly Twitter) .",,,,,REJECTED,"optionA, optionC, optionD, answer"
https://myschoolgist.com/section/past-questions/nabteb-past-questions/,Unknown,,,,,,,,REJECTED,"question, optionA, optionB, optionC, optionD, answer"
https://myschoolgist.com/section/past-questions/nabteb-past-questions/,Unknown,,,,,,,,REJECTED,"question, optionA, optionB, optionC, optionD, answer"
https://myschoolgist.com/section/past-questions/nabteb-past-questions/,Unknown,,,,,,,,REJECTED,"question, optionA, optionB, optionC, optionD, answer"
https://myschoolgist.com/section/past-questions/nabteb-past-questions/,Unknown,,,,,,,,REJECTED,"question, optionA, optionB, optionC, optionD, answer"
https://myschoolgist.com/news/nabteb-syllabus/,Unknown,NABTEB General Education NABTEB English Language Syllabus NABTEB Mathematics Syllabus NABTEB Animal Husbandry Syllabus NABTEB Economics Syllabus NABTEB Physics Syllabus NABTEB Chemistry Syllabus NABTEB Biology Syllabus NABTEB Literature In English Syllabus NABTEB Agricultural Science Syllabus NABTEB Civic Education Syllabus NABTEB Geography Syllabus,,,,,,,REJECTED,"optionA, optionB, optionC, optionD, answer"
https://myschoolgist.com/news/nabteb-syllabus/,Unknown,NABTEB Trade-Related Subjects. NABTEB General Metal Work Syllabus NABTEB General Wood Work Syllabus NABTEB Building-Engineering Drawing Syllabus NABTEB Basic Electricity Syllabus,,,,,,,REJECTED,"optionA, optionB, optionC, optionD, answer"
https://myschoolgist.com/news/nabteb-syllabus/,Unknown,NABTEB Engineering Trade Subjects. NABTEB Agricultural Equipment and Implement Mechanic Works Syllabus NABTEB Appliance Maintenance Syllabus NABTEB Automobile Electrical Works Syllabus NABTEB Electrical Inst. and Maintenance Work Syllabus NABTEB Electronics Works Syllabus NABTEB Fabrication and Welding Syllabus NABTEB Fisheries Syllabus NABTEB Foundry Craft Practice Syllabus NABTEB Instrument Mechanics Works Syllabus NABTEB Light Vehicle Body Repair Work Syllabus NABTEB Marine Engineering Craft Syllabus NABTEB Mechanical Engineering Craft Practice Syllabus NABTEB Motor Vehicle Mechanics Work Syllabus NABTEB Photography Syllabus NABTEB Refrigeration and Air-Conditioning Work Syllabus NABTEB Ship Building Craft Practice Syllabus NABTEB Vehicle Body Building Syllabus,,,,,,,REJECTED,"optionA, optionB, optionC, optionD, answer"
https://myschoolgist.com/news/nabteb-syllabus/,Unknown,"NABTEB Building-Construction Trade Subjects. NABTEB Bricklaying, Blocklaying and Concreting Syllabus NABTEB Carpentry and Joinery Syllabus NABTEB Draughtsmanship Craft Practice Syllabus NABTEB Furniture Making Syllabus NABTEB Machine Wood Work Syllabus NABTEB Painting and Decorating Syllabus NABTEB Plumbing and Pipe Fitting Syllabus",,,,,,,REJECTED,"optionA, optionB, optionC, optionD, answer"
https://myschoolgist.com/news/nabteb-syllabus/,Unknown,NABTEB Business Trade Subjects. NABTEB Typewriting 35 wpm Syllabus NABTEB Shorthand 80 wpm Syllabus NABTEB Office Practice Syllabus NABTEB Financial Accounting Syllabus NABTEB Salesmanship Syllabus NABTEB Commerce Syllabus,,,,,,,REJECTED,"optionA, optionB, optionC, optionD, answer"
https://myschoolgist.com/news/nabteb-syllabus/,Unknown,NABTEB Miscellaneous Trade Subjects. NABTEB Basic Catering and Food Service Syllabus NABTEB Ceramics Syllabus NABTEB Cosmetology Syllabus NABTEB Graphics Art Syllabus NABTEB Ladies Garment Making Syllabus NABTEB Leather Trades Syllabus NABTEB Men's Garment Making Syllabus NABTEB Printing Craft Practice Syllabus NABETB Textile Trades Syllabus NABTEB Tourism Syllabus,,,,,,,REJECTED,"optionA, optionB, optionC, optionD, answer"
https://myschoolgist.com/news/nabteb-syllabus/,Unknown,"NABTEB ADVANCED LEVEL GENERAL CERTIFICATE OF EDUCATION (45A) EXAMINATIONS SYLLABI ADVANCED BIOLOGY ADVANCED BUSINESS MANAGEMENT ADVANCED CHEMISTRY ADVANCED ECONOMICS ADVANCED FINANCIAL ACCOUNTING ADVANCED GEOGRAPHY ADVANCED GOVT ADVANCED LITERATURE IN ENGLISH ADVANCED MATHS ADVANCED PHYSICS Other Relevant Links: CLICK HERE TO DOWNLOAD MAY/JUNE NATIONAL BUSINESS CERTIFICATE (NBC)/NATIONAL TECHNICAL CERTIFICATE (NTC)EXAMINATIONS EXAMINATION STRUCTURE SUBJECT COMBINATION PER TRADE BASED ON NBTE SYLLABUS CLICK HERE TO DOWNLOAD CLICK HERE TO DOWNLOAD NOV/DEC NATIONAL BUSINESS CERTIFICATE (NBC)/NATIONAL TECHNICAL CERTIFICATE (NTC) EXAMINATIONS EXAMINATION STRUCTURE SUBJECT COMBINATION PER TRADE BASED ON NBTE SYLLABUS. CLICK HERE TO DOWNLOAD CLICK HERE TO DOWNLOAD NOVEMBER/DECEMBER ANBC/ANTC EXAMINATIONS EXAMINATION STRUCTURE SUBJECT COMBINATION PER TRADE BASED ON NBTE SYLLABUS. CLICK HERE TO DOWNLOAD Alternative admission via JUPEB/IJMB programmes (SPONSORED) Enter 200-Level Directly! Gain University Admission via JUPEB/IJMB . Enjoy Low Fees! Call 08033006849 Now! Alternative admission via JUPEB/IJMB programmes (SPONSORED) Enter 200-Level Directly! Gain University Admission via JUPEB/IJMB . Enjoy Low Fees! Call 08033006849 Now! Search MySchoolGist ... Search Tagged: National Business and Technical Examinations Board : NABTEB Tagged: Share This Post: If this post helped you, share it with others! Use the buttons below to spread the word! Share This Post: WhatsApp X (Twitter) Facebook WhatsApp X (Twitter) Facebook Suggested Articles National Business and Technical Examinations Board (NABTEB) Releases 2025 Nov/Dec GCE Results; How to Check NBC/NTC and ANBC/ANTC National Business and Technical Examinations Board (NABTEB) 2026 NCEE Registration: Dates, Exam Day and Student Portal for Technical Colleges National Business and Technical Examinations Board (NABTEB) 2026 NBC and NTC Registration Dates, Students' Portal and Exam Date (June 2026) National Business and Technical Examinations Board (NABTEB) GCE 2025 Registration Now Open National Business and Technical Examinations Board (NABTEB) Federal Technical Colleges (FTC) Admission List 2026 National Business and Technical Examinations Board (NABTEB) GCE Timetable 2025 National Business and Technical Examinations Board (NABTEB) Result for 2025 May/June NBC/NTC Exam Federal Government Pushes TVET Reform as NABTEB Reviews Syllabuses for 26 Trades Suggested Articles Articles National Business and Technical Examinations Board (NABTEB) Releases 2025 Nov/Dec GCE Results; How to Check NBC/NTC and ANBC/ANTC National Business and Technical Examinations Board (NABTEB) 2026 NCEE Registration: Dates, Exam Day and Student Portal for Technical Colleges National Business and Technical Examinations Board (NABTEB) 2026 NBC and NTC Registration Dates, Students' Portal and Exam Date (June 2026) National Business and Technical Examinations Board (NABTEB) GCE 2025 Registration Now Open National Business and Technical Examinations Board (NABTEB) Federal Technical Colleges (FTC) Admission List 2026 National Business and Technical Examinations Board (NABTEB) GCE Timetable 2025 National Business and Technical Examinations Board (NABTEB) Result for 2025 May/June NBC/NTC Exam Federal Government Pushes TVET Reform as NABTEB Reviews Syllabuses for 26 Trades Previous story National Business and Technical Examinations Board (NABTEB) GCE 2025 Registration Now Open Next story Federal University of Technology, Ikot Abasi (FUTIA) Admission List for 2025/2026 Academic Session [UPDATED] Previous story National Business and Technical Examinations Board (NABTEB) GCE 2025 Registration Now Open Next story Federal University of Technology, Ikot Abasi (FUTIA) Admission List for 2025/2026 Academic Session [UPDATED] Meet The Author Olusegun Fapohunda is the founder and editor of MySchoolGist, with over a decade of experience in education publishing. He covers education updates, admission notices, examination news, scholarships, career opportunities and related public information. Connect with him on X (formerly Twitter) . Meet The Author Olusegun Fapohunda is the founder and editor of MySchoolGist, with over a decade of experience in education publishing. He covers education updates, admission notices, examination news, scholarships, career opportunities and related public information. Connect with him on X (formerly Twitter) . Home About Disclaimer Privacy Policy Quick Links Education Resources WAEC Past Questions NABTEB Past Questions JAMB Past Questions Post UTME Past Questions Universities Polytechnics Monotechnics Colleges of Education Top Universities Illegal Universities Courses JAMB WAEC NECO Jobs in Nigeria MySchoolGist Web Services is a registered publisher and marketing solutions provider in Nigeria. It publishes Myschoolgist.com, a leading digital publication that covers the latest educational trends, career opportunities and current news. Copyright © 2012 - 2026 MySchoolGist Home About Disclaimer Privacy Policy Quick Links Education Resources WAEC Past Questions NABTEB Past Questions JAMB Past Questions Post UTME Past Questions Universities Polytechnics Monotechnics Colleges of Education Top Universities Illegal Universities Courses JAMB WAEC NECO Jobs in Nigeria Quick Links Education Resources WAEC Past Questions NABTEB Past Questions JAMB Past Questions Post UTME Past Questions Universities Polytechnics Monotechnics Colleges of Education Top Universities Illegal Universities Courses JAMB WAEC NECO Jobs in Nigeria MySchoolGist Web Services is a registered publisher and marketing solutions provider in Nigeria. It publishes Myschoolgist.com, a leading digital publication that covers the latest educational trends, career opportunities and current news. Copyright © 2012 - 2026 MySchoolGist",,,,,,,REJECTED,"optionA, optionB, optionC, optionD, answer"
https://myschoolgist.com/news/aaua-post-utme-past-questions-and-answers/,Unknown,"Courses, Fees, Study Centres and How to Apply Adekunle Ajasin University, Akungb",Post UTME/Direct Entry Form for 2026/2027 Undergraduate Admission Joint Universities Preliminary Examinations Board (JUPE,"Past Questions Post UTME Past Questions and Answers: Download App, Software and Free PDF University of Ibadan Post UTME Past Questions and Answers [Free Download] UNILORIN Post UTME Past Questions and Answers – Free Download Meet The Author Olusegun Fapohunda is the founder and editor of MySchoolGist, with over a decade of experience in education publishing. He covers education updates, admission notices, examination news, scholarships, career opportunities and related public information. Connect with him on X (formerly Twitter) .",,,,,REJECTED,"optionC, optionD, answer"
https://myschoolgist.com/news/unilag-post-utme-past-questions/,Unknown,"Complete Mock Test, Device and Examination Guide University of Lagos (UNILAG) Distance Learning Institute (DLI) Degree Programmes Admission Form for 2026/2027 Academic Session University of Lagos (UNILAG) Course Editing Notice 2025/2026 Add and Delete Portal Closing Date Joint Universities Preliminary Examinations Board (JUPE",,"Past Questions Post UTME Past Questions and Answers: Download App, Software and Free PDF University of Ibadan Post UTME Past Questions and Answers [Free Download] UNILORIN Post UTME Past Questions and Answers – Free Download Meet The Author Olusegun Fapohunda is the founder and editor of MySchoolGist, with over a decade of experience in education publishing. He covers education updates, admission notices, examination news, scholarships, career opportunities and related public information. Connect with him on X (formerly Twitter) .",,,,,REJECTED,"optionA, optionC, optionD, answer"
https://myschoolgist.com/keyword/joint-universities-preliminary-examinations-board-jupeb-edu-ng/,Unknown,,,,,,,,REJECTED,"question, optionA, optionB, optionC, optionD, answer"
https://myschoolgist.com/keyword/joint-universities-preliminary-examinations-board-jupeb-edu-ng/,Unknown,partnering universities led … Joint Universities Preliminary Examinations Board (JUPE,,Timetable,,,,,REJECTED,"optionA, optionC, optionD, answer"
https://myschoolgist.com/keyword/joint-universities-preliminary-examinations-board-jupeb-edu-ng/,Unknown,"Full August Exam Dates for MCQ, Essay, CBT and Practicals Last Modified on May 16th, 2026 The Joint Universities Preliminary Examinations Board has released the timetable for the 2026 JUPEB examinations. The exams will run for two weeks in August 2026, with the first week set aside for multiple-choice questions, computer-based testing and practicals, while the second week will cover essay and practical papers. JUPEB 2026 … Joint Universities Preliminary Examinations Board (JUPE",,"affiliated universities should begin preparing now, as the exams will run from Monday, 4 August to Friday, 15 August",,,,,REJECTED,"optionA, optionC, optionD, answer"
https://myschoolgist.com/keyword/joint-universities-preliminary-examinations-board-jupeb-edu-ng/,Unknown,Below is a breakdown of the full schedule. JUPEB 2025 … Joint Universities Preliminary Examinations Board (JUPE,,is a national examinations body approved by the Federal Government of Nigeria in December,,,,,REJECTED,"optionA, optionC, optionD, answer"
https://myschoolgist.com/keyword/joint-universities-preliminary-examinations-board-jupeb-edu-ng/,Unknown,"It was formally established in April 2014 by … Obong University JUPEB Form for 2020/2021 Academic Session Last Modified on October 3rd, 2020 The applications forms for admission into the Joint Universities Preliminary Examinations Board (JUPE","Ibom, for the 2020/2021 academic session is now on sale. See the requirements, subject combinations and how to apply for Obong University JUPEB Form below. Applications are invited from suitably qualified … Search the MySchoolGist site Search Recent Posts Lagos State University (LASU) Admission List for 2026/2027 Academic Session | Merit & Supplementary [UPDATED] Ignatius Ajuru University Of Education (IAUE) Admission List for 2026/2027 Academic Session | 1st Batch Ignatius Ajuru University Of Education (IAUE) Acceptance Fee, Clearance & Registration Procedures for 2026/2027 Newly Admitted Candidates Federal Polytechnic, Ukana Post UTME Form for 2026/2027 ND Admission Federal Polytechnic, Ukana HND Admission Form for 2026/2027 Academic Session Scholarships & Opportunities KPMG Seyi Bickersteth Scholarship Programme","programme of Obong University, Obong Ntak, Akw",,,,,REJECTED,"optionC, optionD, answer"
https://myschoolgist.com/keyword/joint-universities-preliminary-examinations-board-jupeb-edu-ng/,Unknown,,,,,,,,REJECTED,"question, optionA, optionB, optionC, optionD, answer"
https://myschoolgist.com/keyword/joint-universities-preliminary-examinations-board-jupeb-edu-ng/,Unknown,,,,,,,,REJECTED,"question, optionA, optionB, optionC, optionD, answer"
https://myschoolgist.com/keyword/joint-universities-preliminary-examinations-board-jupeb-edu-ng/,Unknown,,,,,,,,REJECTED,"question, optionA, optionB, optionC, optionD, answer"
https://myschoolgist.com/keyword/joint-universities-preliminary-examinations-board-jupeb-edu-ng/,Unknown,,,,,,,,REJECTED,"question, optionA, optionB, optionC, optionD, answer"
https://myschoolgist.com/news/kasu-post-utme-reopening-189255/,Unknown,,,,,,,,REJECTED,"question, optionA, optionB, optionC, optionD, answer"
https://myschoolgist.com/news/kasu-post-utme-reopening-189255/,Unknown,"Final Screening Dates and Candidate Notice By Rachael Adeyeye July 24, 2026 Time to Rea",,,,3 min • 448 words A KASU applicant completing the reopened online Post-UTME screening before the 29 July 2026 deadline. At a glance KASU Post-UTME screening has been reopened from 22 to 29 July,,,REJECTED,"optionA, optionB, optionC, answer"
https://myschoolgist.com/news/kasu-post-utme-reopening-189255/,Unknown,,,,,,,,REJECTED,"question, optionA, optionB, optionC, optionD, answer"
https://myschoolgist.com/news/kasu-post-utme-reopening-189255/,Unknown,,,,,,,,REJECTED,"question, optionA, optionB, optionC, optionD, answer"
https://myschoolgist.com/news/kasu-post-utme-reopening-189255/,Unknown,,,,,,,,REJECTED,"question, optionA, optionB, optionC, optionD, answer"
https://myschoolgist.com/news/kasu-post-utme-reopening-189255/,Unknown,,,,,,,,REJECTED,"question, optionA, optionB, optionC, optionD, answer"
https://myschoolgist.com/news/kasu-post-utme-reopening-189255/,Unknown,,,,,,,,REJECTED,"question, optionA, optionB, optionC, optionD, answer"
https://myschoolgist.com/news/kasu-post-utme-reopening-189255/,Unknown,,,,,,,,REJECTED,"question, optionA, optionB, optionC, optionD, answer"
https://myschoolgist.com/news/kasu-post-utme-reopening-189255/,Unknown,,,,,,,,REJECTED,"question, optionA, optionB, optionC, optionD, answer"
https://myschoolgist.com/news/kasu-post-utme-reopening-189255/,Unknown,"The notice does not provide a closing time for that date. Affected candidates should avoid leaving the screening until after the announced period, since another reopening will not be provide",,Enjoy Low Fees! Call 08033006849 Now! RECOMMENDE,,"Kaduna State University : KASU Share This Post: If this post helped you, share it with others! Use the buttons below to spread the word! WhatsApp X (Twitter) Facebook Suggested Articles Kaduna State University (KASU) Distance Learning MBA Gets NUC Approval Kaduna State University (KASU) Post UTME/Direct Entry Screening Form for 2026/2027 Undergraduate Admission [UPDATED] Kaduna State University (KASU) Cut-Off Marks for 2026/2027 Admission KASU Part-Time Degree Admission 2025/",,,REJECTED,"optionA, optionC, answer"
https://myschoolgist.com/news/kasu-post-utme-reopening-189255/,Unknown,,,,,,,,REJECTED,"question, optionA, optionB, optionC, optionD, answer"
https://myschoolgist.com/news/eksu-post-utme-past-questions-and-answers/,Unknown,"Date, Venue, Time and Eligibility Details Joint Universities Preliminary Examinations Board (JUPE",,"Past Questions Post UTME Past Questions and Answers: Download App, Software and Free PDF University of Ibadan Post UTME Past Questions and Answers [Free Download] UNILORIN Post UTME Past Questions and Answers – Free Download Meet The Author Olusegun Fapohunda is the founder and editor of MySchoolGist, with over a decade of experience in education publishing. He covers education updates, admission notices, examination news, scholarships, career opportunities and related public information. Connect with him on X (formerly Twitter) .",,,,,REJECTED,"optionA, optionC, optionD, answer"
https://myschoolgist.com/news/jupeb-timetable-186580/,Unknown,,,,,,,,REJECTED,"question, optionA, optionB, optionC, optionD, answer"
https://myschoolgist.com/news/jupeb-timetable-186580/,Unknown,"That week will focus on essay papers and the remaining practical papers. Week 1 Schedule for MCQ, CBT and Practical Papers JUPEB candidates will start the first week with a briefing session on Monday morning. The same day will include History MCQ in the morning, followed by Physics, Government, Economics, Accounting and Agricultural Science MCQs later that day. Monday, 3 August 2026 Briefing session in the morning History MCQ in the morning Physics MCQ in the afternoon Government MCQ in the afternoon Economics MCQ in the afternoon Accounting MCQ in the afternoon Agricultural Science MCQ in the afternoon Tuesday, 4 August 2026 Physics MCQ in the morning Chemistry MCQ in the afternoon Economics MCQ in the evening Visual Arts or French MCQ in the evening Wednesday, 5 August 2026 Chemistry MCQ in the morning and afternoon Economics MCQ in the evening Visual Arts or French MCQ in the evening Thursday, 6 August 2026 Biology MCQ in the morning Christian Religious Studies MCQ in the afternoon Islamic Studies MCQ in the afternoon Mathematics MCQ in the afternoon Friday, 7 August 2026 Physics Practical in the morning French Practical in the morning Week 2 Schedule for Essay and Practical Papers The second week will move into essay papers for languages, sciences, arts, social sciences and business-related subjects. Candidates should check their subject combinations closely, since some papers share the same day and session. Monday, 10 August 2026 Yoruba or Igbo Essay in the morning French or Music Essay in the afternoon History or Agricultural Science Essay in the afternoon Mathematics Essay in the afternoon Tuesday, 11 August 2026 Chemistry Essay in the morning Christian Religious Studies, Islamic Studies or Business Studies Essay in the afternoon Biology or Geography Essay in the afternoon Visual Arts or Agricultural Science Practical in the afternoon Wednesday, 12 August 2026 Government Essay in the morning Literature or Accounting Essay in the afternoon Economics or Visual Arts Essay in the afternoon Physics Essay in the afternoon Thursday, 13 August 2026 No examination is scheduled for this date. Friday, 14 August 2026 Chemistry Practical in the morning Music Practical in the morning What Candidates Should Do Before the Exam Candidates should confirm their venue details through the official JUPEB portal or their affiliated institutions. All sessions are strictly timed; candidates should arrive well before their scheduled papers and follow the instructions from their centres. Alternative admission via JUPEB/IJMB programmes (SPONSORE",,"Past Questions Federal University of Technology, Owerri (FUTO) JUPEB Admission Form for 2026/2027 Academic Session Edo State University Iyamho JUPEB Admission Form for 2026/2027 Academic Session Ritman University JUPEB Admission Form for 2026/2027 Academic Session Christopher University (UNICHRIS) JUPEB Admission Form for 2026/2027 Academic Session University of Delta (UNIDEL) JUPEB Admission Application for 2026/2027 Academic Session Niger Delta University (NDU) JUPEB Admission Form for 2026/2027 Academic Session [NDU Pre-Degree] Federal University Otuoke (FUOTUOKE) JUPEB Programme Admission Form for 2026/2027 Academic Session",,Joint Universities Preliminary Examinations Board (JUPE,,,REJECTED,"optionA, optionC, answer"
https://myschoolgist.com/news/jupeb-affiliate-universities/,Unknown,,,,,,,,REJECTED,"question, optionA, optionB, optionC, optionD, answer"
https://myschoolgist.com/news/jupeb-affiliate-universities/,Unknown,"partnering universities led by the University of Lagos. Prepare for JAMB, WAEC, NECO, BECE, NCEE and Post UTME Practise CBT Exams on Mobile or PC Prepare for Post UTME, WAEC, NECO, JAMB UTME, Junior WAEC (BECE) and Common Entrance (NCEE) with the MySchoolGist CBT App and Software. Use it on Android, iPhone or Windows to practise past questions anytime. Android App iPhone App Windows 10+ Windows 7 & 8 Need help choosing the right version? Chat with us on WhatsApp . See also: JUPEB Past Questions . JUPEB Affiliate Universities The Universities list below can advertise for candidates and run the programme according to JUPEB 's Syllabus and Calendar: Name Acronym State JOSEPH AYO BABALOLA UNIVERSITY JABU OSUN IGNATIUS AJURU UNIVERSITY OF EDUCATION IGNATIUS PORT HARCOURT OJAJA UNIVERSITY OJAJA KWARA WESTERN DELTA UNIVERSITY WESTERN DELTA TRINITY UNIVERSITY TRINITY LAGOS CROSS RIVER UNIVERSITY OF TECHNOLOGY CRUTECH RITMAN UNIVERSITY RITMAN AKW","IBOM UNIVERSITY OF DELTA UNIDEL DELTA KOGI STATE UNIVERSITY, ANYIGBA KSU KOGI CRESCENT UNIVERSITY CRESCENT OGUN ELIZADE UNIVERSITY ELIZADE ONDO IMO STATE UNIVERSITY IMSU IMO AFE BABALOLA UNIVERSITY ABU OYO UNIVERSITY OF AFRICA UNIAFRICA BAYELSA PRECIOUS CORNERSTONE UNIVERSITY PRECIOUS OYO CARITAS UNIVERSITY CARITAS ENUGU EBONYI STATE UNIVERSITY EBSU EBONYI WESLEY UNIVERSITY WESLEY ONDO ALEX EKWUEME UNIVERSITY ALEX EKWUEME EBONYI GODFREY OKOYE UNIVERSITY GODFREY ENUGU OLABISI ONABANJO UNIVERSITY OOU OGUN PAUL UNIVERSITY PAUL ANAMBRA RENAISSANCE UNIVERSITY RENAISSANCE ENUGU LADOKE AKINTOLA UNIVERSITY OF TECHNOLOGY LAUTECH OYO LAGOS STATE UNIVERSITY LASU LAGOS IGBINEDION UNIVERSITY IGBINEDION EDO BAYELSA MEDICAL UNIVERSITY BMU BAYELSA MCPHERSON UNIVERSITY MCPHERSON OGUN GREGORY UNIVERSITY GREGORY ABIA DELTA STATE UNIVERSITY DELSU DELTA KWARARAFA UNIVERSITY WUKARI KUW TARABA OSUN STATE UNIVERSITY OSUN OSUN ABIA STATE UNIVERSITY ABSU ABIA CLIFFORD UNIVERSITY CLIFFORD ABIA EDWIN CLARK UNIVERSITY EDWINCLARK DELTA KOLA DAISI UNIVERSITY, IBADAN,OYO STATE KOLADAISI OYO HEZEKIAH UNIVERSITY HEZEKIAH IMO FOUNTAIN UNIVERSITY FOUNTAIN OSUN BOWEN UNIVERSITY BOWEN OSUN AJAYI CROWTHER UNIVERSITY ACU OYO WELLSPRING UNIVERSITY WELLSPRING EDO AKWA IBOM STATE UNIVERSITY AKSU AKWA IBOM SAMUEL ADEGBOYEGA UNIVERSITY SAU EDO AFRICAN UNIVERSITY OF SCIENCE AND TECHNOLOGY AUST FCT DENNIS OSADEBAY UNIVERSITY DENNIS DELTA Alternative admission via JUPEB/IJMB programmes (SPONSORE",Timetable,,Joint Universities Preliminary Examinations Board (JUPE,,,REJECTED,"optionC, answer"
https://myschoolgist.com/news/jupeb-affiliate-universities/,Unknown,,,,,,,,REJECTED,"question, optionA, optionB, optionC, optionD, answer"
https://myschoolgist.com/section/past-questions/jupeb-past-questions/,Unknown,,,,,,,,REJECTED,"question, optionA, optionB, optionC, optionD, answer"
https://myschoolgist.com/section/past-questions/jupeb-past-questions/,Unknown,,,,,,,,REJECTED,"question, optionA, optionB, optionC, optionD, answer"
https://myschoolgist.com/section/past-questions/jupeb-past-questions/,Unknown,,,,,,,,REJECTED,"question, optionA, optionB, optionC, optionD, answer"
https://myschoolgist.com/section/past-questions/jupeb-past-questions/,Unknown,,,,,,,,REJECTED,"question, optionA, optionB, optionC, optionD, answer"
https://myschoolgist.com/news/tasu-cut-off-mark/,Unknown,& Above 2 Agronomy Agriculture,,,,,,,REJECTED,"optionA, optionB, optionC, optionD, answer"
https://myschoolgist.com/news/tasu-cut-off-mark/,Unknown,& Above 3 Animal Science Agriculture,,,,,,,REJECTED,"optionA, optionB, optionC, optionD, answer"
https://myschoolgist.com/news/tasu-cut-off-mark/,Unknown,& Above 4 Forestry & Wildlife Management Agriculture,,,,,,,REJECTED,"optionA, optionB, optionC, optionD, answer"
https://myschoolgist.com/news/tasu-cut-off-mark/,Unknown,& Above 5 Arabic Arts,,,,,,,REJECTED,"optionA, optionB, optionC, optionD, answer"
https://myschoolgist.com/news/tasu-cut-off-mark/,Unknown,& Above 6 English Language Arts,,,,,,,REJECTED,"optionA, optionB, optionC, optionD, answer"
https://myschoolgist.com/news/tasu-cut-off-mark/,Unknown,& Above 7 French Arts,,,,,,,REJECTED,"optionA, optionB, optionC, optionD, answer"
https://myschoolgist.com/news/tasu-cut-off-mark/,Unknown,& Above 8 Hausa Arts,,,,,,,REJECTED,"optionA, optionB, optionC, optionD, answer"
https://myschoolgist.com/news/tasu-cut-off-mark/,Unknown,& Above 9 History & Diplomatic Studies Arts,,,,,,,REJECTED,"optionA, optionB, optionC, optionD, answer"
https://myschoolgist.com/news/tasu-cut-off-mark/,Unknown,& Above 10 Linguistics/English Arts,,,,,,,REJECTED,"optionA, optionB, optionC, optionD, answer"
https://myschoolgist.com/news/tasu-cut-off-mark/,Unknown,& Above 11 Linguistics/Hausa Arts,,,,,,,REJECTED,"optionA, optionB, optionC, optionD, answer"
https://myschoolgist.com/news/tasu-cut-off-mark/,Unknown,& Above 12 Theatre & Film Studies Arts,,,,,,,REJECTED,"optionA, optionB, optionC, optionD, answer"
https://myschoolgist.com/news/tasu-cut-off-mark/,Unknown,& Above 13 Advertisement Communication & Media Studies,,,,,,,REJECTED,"optionA, optionB, optionC, optionD, answer"
https://myschoolgist.com/news/tasu-cut-off-mark/,Unknown,& Above 14 Broadcasting Communication & Media Studies,,,,,,,REJECTED,"optionA, optionB, optionC, optionD, answer"
https://myschoolgist.com/news/tasu-cut-off-mark/,Unknown,& Above 15 Journalism and Media Studies Communication & Media Studies,,,,,,,REJECTED,"optionA, optionB, optionC, optionD, answer"
https://myschoolgist.com/news/tasu-cut-off-mark/,Unknown,& Above 16 Mass Communication Communication & Media Studies,,,,,,,REJECTED,"optionA, optionB, optionC, optionD, answer"
https://myschoolgist.com/news/tasu-cut-off-mark/,Unknown,& Above 17 Public Relations Communication & Media Studies,,,,,,,REJECTED,"optionA, optionB, optionC, optionD, answer"
https://myschoolgist.com/news/tasu-cut-off-mark/,Unknown,& Above 18 Computer Science Computing,,,,,,,REJECTED,"optionA, optionB, optionC, optionD, answer"
https://myschoolgist.com/news/tasu-cut-off-mark/,Unknown,& Above 19 Data Science Computing,,,,,,,REJECTED,"optionA, optionB, optionC, optionD, answer"
https://myschoolgist.com/news/tasu-cut-off-mark/,Unknown,& Above 20 Information & Communication Technology Computing,,,,,,,REJECTED,"optionA, optionB, optionC, optionD, answer"
https://myschoolgist.com/news/tasu-cut-off-mark/,Unknown,& Above 21 Software Engineering Computing,,,,,,,REJECTED,"optionA, optionB, optionC, optionD, answer"
https://myschoolgist.com/news/tasu-cut-off-mark/,Unknown,& Above 22 Agricultural Science & Education Education,,,,,,,REJECTED,"optionA, optionB, optionC, optionD, answer"
https://myschoolgist.com/news/tasu-cut-off-mark/,Unknown,& Above 23 Business Education Education,,,,,,,REJECTED,"optionA, optionB, optionC, optionD, answer"
https://myschoolgist.com/news/tasu-cut-off-mark/,Unknown,& Above 24 Education & Biology Education,,,,,,,REJECTED,"optionA, optionB, optionC, optionD, answer"
https://myschoolgist.com/news/tasu-cut-off-mark/,Unknown,& Above 25 Education & Chemistry Education,,,,,,,REJECTED,"optionA, optionB, optionC, optionD, answer"
https://myschoolgist.com/news/tasu-cut-off-mark/,Unknown,& Above 26 Education & Christian Religious Studies Education,,,,,,,REJECTED,"optionA, optionB, optionC, optionD, answer"
https://myschoolgist.com/news/tasu-cut-off-mark/,Unknown,& Above 27 Education & Computer Science Education,,,,,,,REJECTED,"optionA, optionB, optionC, optionD, answer"
https://myschoolgist.com/news/tasu-cut-off-mark/,Unknown,& Above 28 Education & Economics Education,,,,,,,REJECTED,"optionA, optionB, optionC, optionD, answer"
https://myschoolgist.com/news/tasu-cut-off-mark/,Unknown,& Above 29 Education & English Language Education,,,,,,,REJECTED,"optionA, optionB, optionC, optionD, answer"
https://myschoolgist.com/news/tasu-cut-off-mark/,Unknown,& Above 30 Education & Geography Education,,,,,,,REJECTED,"optionA, optionB, optionC, optionD, answer"
https://myschoolgist.com/news/tasu-cut-off-mark/,Unknown,& Above 31 Education & History Education,,,,,,,REJECTED,"optionA, optionB, optionC, optionD, answer"
https://myschoolgist.com/news/tasu-cut-off-mark/,Unknown,& Above 32 Education & Integrated Science Education,,,,,,,REJECTED,"optionA, optionB, optionC, optionD, answer"
https://myschoolgist.com/news/tasu-cut-off-mark/,Unknown,& Above 33 Education & Islamic Studies Education,,,,,,,REJECTED,"optionA, optionB, optionC, optionD, answer"
https://myschoolgist.com/news/tasu-cut-off-mark/,Unknown,& Above 34 Education & Mathematics Education,,,,,,,REJECTED,"optionA, optionB, optionC, optionD, answer"
https://myschoolgist.com/news/tasu-cut-off-mark/,Unknown,& Above 35 Education & Physics Education,,,,,,,REJECTED,"optionA, optionB, optionC, optionD, answer"
https://myschoolgist.com/news/tasu-cut-off-mark/,Unknown,& Above 36 Education & Political Science Education,,,,,,,REJECTED,"optionA, optionB, optionC, optionD, answer"
https://myschoolgist.com/news/tasu-cut-off-mark/,Unknown,& Above 37 Education & Social Studies Education,,,,,,,REJECTED,"optionA, optionB, optionC, optionD, answer"
https://myschoolgist.com/news/tasu-cut-off-mark/,Unknown,& Above 38 Education & Social Studies Education,,,,,,,REJECTED,"optionA, optionB, optionC, optionD, answer"
https://myschoolgist.com/news/tasu-cut-off-mark/,Unknown,& Above 39 Educational Administration & Planning Education,,,,,,,REJECTED,"optionA, optionB, optionC, optionD, answer"
https://myschoolgist.com/news/tasu-cut-off-mark/,Unknown,& Above 40 Guidance & Counselling Education,,,,,,,REJECTED,"optionA, optionB, optionC, optionD, answer"
https://myschoolgist.com/news/tasu-cut-off-mark/,Unknown,& Above 41 Health Education Education,,,,,,,REJECTED,"optionA, optionB, optionC, optionD, answer"
https://myschoolgist.com/news/tasu-cut-off-mark/,Unknown,& Above 42 Home Economics & Education Education,,,,,,,REJECTED,"optionA, optionB, optionC, optionD, answer"
https://myschoolgist.com/news/tasu-cut-off-mark/,Unknown,& Above 43 Human Kinetics Education,,,,,,,REJECTED,"optionA, optionB, optionC, optionD, answer"
https://myschoolgist.com/news/tasu-cut-off-mark/,Unknown,& Above 44 Human Kinetics Education,,,,,,,REJECTED,"optionA, optionB, optionC, optionD, answer"
https://myschoolgist.com/news/tasu-cut-off-mark/,Unknown,& Above 45 Library & Information Science Education,,,,,,,REJECTED,"optionA, optionB, optionC, optionD, answer"
https://myschoolgist.com/news/tasu-cut-off-mark/,Unknown,& Above 46 Primary Education Studies Education,,,,,,,REJECTED,"optionA, optionB, optionC, optionD, answer"
https://myschoolgist.com/news/tasu-cut-off-mark/,Unknown,& Above 47 Social Studies Education,,,,,,,REJECTED,"optionA, optionB, optionC, optionD, answer"
https://myschoolgist.com/news/tasu-cut-off-mark/,Unknown,& Above 48 Special Needs Education Education,,,,,,,REJECTED,"optionA, optionB, optionC, optionD, answer"
https://myschoolgist.com/news/tasu-cut-off-mark/,Unknown,& Above 49 Sustainable Development Studies Education,,,,,,,REJECTED,"optionA, optionB, optionC, optionD, answer"
https://myschoolgist.com/news/tasu-cut-off-mark/,Unknown,& Above 50 Technology Education Education,,,,,,,REJECTED,"optionA, optionB, optionC, optionD, answer"
https://myschoolgist.com/news/tasu-cut-off-mark/,Unknown,& Above 51 Agricultural & Bio-Resources Engineering Engineering,,,,,,,REJECTED,"optionA, optionB, optionC, optionD, answer"
https://myschoolgist.com/news/tasu-cut-off-mark/,Unknown,& Above 52 Civil Engineering Engineering,,,,,,,REJECTED,"optionA, optionB, optionC, optionD, answer"
https://myschoolgist.com/news/tasu-cut-off-mark/,Unknown,& Above 53 Electrical/Electronics Engineering Engineering,,,,,,,REJECTED,"optionA, optionB, optionC, optionD, answer"
https://myschoolgist.com/news/tasu-cut-off-mark/,Unknown,& Above 54 Mechanical Engineering Engineering,,,,,,,REJECTED,"optionA, optionB, optionC, optionD, answer"
https://myschoolgist.com/news/tasu-cut-off-mark/,Unknown,& Above 55 Mining & Mineral Processing Engineering Engineering,,,,,,,REJECTED,"optionA, optionB, optionC, optionD, answer"
https://myschoolgist.com/news/tasu-cut-off-mark/,Unknown,& Above 56 Environmental Health Science Health Sciences,,,,,,,REJECTED,"optionA, optionB, optionC, optionD, answer"
https://myschoolgist.com/news/tasu-cut-off-mark/,Unknown,& Above 57 Human Anatomy Health Sciences,,,,,,,REJECTED,"optionA, optionB, optionC, optionD, answer"
https://myschoolgist.com/news/tasu-cut-off-mark/,Unknown,& Above 58 Human Physiology Health Sciences,,,,,,,REJECTED,"optionA, optionB, optionC, optionD, answer"
https://myschoolgist.com/news/tasu-cut-off-mark/,Unknown,& Above 59 Nursing Science Health Sciences,,,,,,,REJECTED,"optionA, optionB, optionC, optionD, answer"
https://myschoolgist.com/news/tasu-cut-off-mark/,Unknown,& Above 60 Public Health Health Sciences,,,,,,,REJECTED,"optionA, optionB, optionC, optionD, answer"
https://myschoolgist.com/news/tasu-cut-off-mark/,Unknown,& Above 61 Radiology Health Sciences,,,,,,,REJECTED,"optionA, optionB, optionC, optionD, answer"
https://myschoolgist.com/news/tasu-cut-off-mark/,Unknown,& Above 62 Law,,,,,,,REJECTED,"optionA, optionB, optionC, optionD, answer"
https://myschoolgist.com/news/tasu-cut-off-mark/,Unknown,& Above 63 Accounting Management,,,,,,,REJECTED,"optionA, optionB, optionC, optionD, answer"
https://myschoolgist.com/news/tasu-cut-off-mark/,Unknown,& Above 64 Banking and Finance Management,,,,,,,REJECTED,"optionA, optionB, optionC, optionD, answer"
https://myschoolgist.com/news/tasu-cut-off-mark/,Unknown,& Above 65 Business Administration Management,,,,,,,REJECTED,"optionA, optionB, optionC, optionD, answer"
https://myschoolgist.com/news/tasu-cut-off-mark/,Unknown,& Above 66 Entrepreneurship Management,,,,,,,REJECTED,"optionA, optionB, optionC, optionD, answer"
https://myschoolgist.com/news/tasu-cut-off-mark/,Unknown,& Above 67 Public Administration Management,,,,,,,REJECTED,"optionA, optionB, optionC, optionD, answer"
https://myschoolgist.com/news/tasu-cut-off-mark/,Unknown,& Above 68 Tourism Studies Management,,,,,,,REJECTED,"optionA, optionB, optionC, optionD, answer"
https://myschoolgist.com/news/tasu-cut-off-mark/,Unknown,& Above 69 Sharia Religion & Philosophy,,,,,,,REJECTED,"optionA, optionB, optionC, optionD, answer"
https://myschoolgist.com/news/tasu-cut-off-mark/,Unknown,& Above 70 African Traditional Religion Religion & Philosophy,,,,,,,REJECTED,"optionA, optionB, optionC, optionD, answer"
https://myschoolgist.com/news/tasu-cut-off-mark/,Unknown,& Above 71 Christian Religious Studies Religion & Philosophy,,,,,,,REJECTED,"optionA, optionB, optionC, optionD, answer"
https://myschoolgist.com/news/tasu-cut-off-mark/,Unknown,& Above 72 Christian Theology Religion & Philosophy,,,,,,,REJECTED,"optionA, optionB, optionC, optionD, answer"
https://myschoolgist.com/news/tasu-cut-off-mark/,Unknown,& Above 73 Classics Religion & Philosophy,,,,,,,REJECTED,"optionA, optionB, optionC, optionD, answer"
https://myschoolgist.com/news/tasu-cut-off-mark/,Unknown,& Above 74 Islamic Studies Religion & Philosophy,,,,,,,REJECTED,"optionA, optionB, optionC, optionD, answer"
https://myschoolgist.com/news/tasu-cut-off-mark/,Unknown,& Above 75 Philosophy Religion & Philosophy,,,,,,,REJECTED,"optionA, optionB, optionC, optionD, answer"
https://myschoolgist.com/news/tasu-cut-off-mark/,Unknown,& Above 76 Religious Studies Religion & Philosophy,,,,,,,REJECTED,"optionA, optionB, optionC, optionD, answer"
https://myschoolgist.com/news/tasu-cut-off-mark/,Unknown,& Above 77 Biochemistry Science,,,,,,,REJECTED,"optionA, optionB, optionC, optionD, answer"
https://myschoolgist.com/news/tasu-cut-off-mark/,Unknown,& Above 78 Biotechnology Science,,,,,,,REJECTED,"optionA, optionB, optionC, optionD, answer"
https://myschoolgist.com/news/tasu-cut-off-mark/,Unknown,& Above 79 Botany Science,,,,,,,REJECTED,"optionA, optionB, optionC, optionD, answer"
https://myschoolgist.com/news/tasu-cut-off-mark/,Unknown,& Above 80 Chemistry Science,,,,,,,REJECTED,"optionA, optionB, optionC, optionD, answer"
https://myschoolgist.com/news/tasu-cut-off-mark/,Unknown,& Above 81 Industrial Chemistry Science,,,,,,,REJECTED,"optionA, optionB, optionC, optionD, answer"
https://myschoolgist.com/news/tasu-cut-off-mark/,Unknown,& Above 82 Mathematics Science,,,,,,,REJECTED,"optionA, optionB, optionC, optionD, answer"
https://myschoolgist.com/news/tasu-cut-off-mark/,Unknown,& Above 83 Microbiology Science,,,,,,,REJECTED,"optionA, optionB, optionC, optionD, answer"
https://myschoolgist.com/news/tasu-cut-off-mark/,Unknown,& Above 84 Physics Science,,,,,,,REJECTED,"optionA, optionB, optionC, optionD, answer"
https://myschoolgist.com/news/tasu-cut-off-mark/,Unknown,& Above 85 Statistics Science,,,,,,,REJECTED,"optionA, optionB, optionC, optionD, answer"
https://myschoolgist.com/news/tasu-cut-off-mark/,Unknown,& Above 86 Zoology Science,,,,,,,REJECTED,"optionA, optionB, optionC, optionD, answer"
https://myschoolgist.com/news/tasu-cut-off-mark/,Unknown,& Above 87 Geography Social Science,,,,,,,REJECTED,"optionA, optionB, optionC, optionD, answer"
https://myschoolgist.com/news/tasu-cut-off-mark/,Unknown,& Above 88 Meteorology and Climate Studies Social Science,,,,,,,REJECTED,"optionA, optionB, optionC, optionD, answer"
https://myschoolgist.com/news/tasu-cut-off-mark/,Unknown,& Above 89 Peace Studies & Conflict Resolution Social Science,,,,,,,REJECTED,"optionA, optionB, optionC, optionD, answer"
https://myschoolgist.com/news/tasu-cut-off-mark/,Unknown,& Above 90 Political Science & International Relations Social Science,,,,,,,REJECTED,"optionA, optionB, optionC, optionD, answer"
https://myschoolgist.com/news/tasu-cut-off-mark/,Unknown,& Above 91 Sociology Social Science,,,,,,,REJECTED,"optionA, optionB, optionC, optionD, answer"
https://myschoolgist.com/news/tasu-cut-off-mark/,Unknown,& Above 92 Survey and Geo-Informatics Social Science,,,,,,,REJECTED,"optionA, optionB, optionC, optionD, answer"
https://myschoolgist.com/news/tasu-cut-off-mark/,Unknown,"& Above Why the Cut-Off Mark Matters The cut-off mark is more than just a number; it is a reflection of TASU's dedication to maintaining academic excellence. By setting this standard, TASU ensures that eligible candidates are well-prepared to embark on their chosen academic pathways. Next Steps After Meeting the Cut-Off If you've met or surpassed the cut-off mark: Prepare Your Application : Gather all necessary documents and information for the application process. Prepare Your Application Stay Updated : Regularly check TASU's official website for admission announcements and updates. Stay Updated In Conclusion Achieving the cut-off mark is your first step towards becoming a part of the TASU family. As you prepare for your application, remember that this is just the beginning of an exciting educational journey at Taraba State University. For further enquiries, don't hesitate to contact TASU's admission office. We wish you the best of luck in your academic pursuits and look forward to potentially welcoming you to our community. Recommended: TASU Post UTME Form Post UTME Past Questions and Answers . Alternative admission via JUPEB/IJMB programmes (SPONSORED) Enter 200-Level Directly! Gain University Admission via JUPEB/IJMB . Enjoy Low Fees! Call 08033006849 Now! Alternative admission via JUPEB/IJMB programmes (SPONSORED) Enter 200-Level Directly! Gain University Admission via JUPEB/IJMB . Enjoy Low Fees! Call 08033006849 Now! Search MySchoolGist ... Search Tagged: Taraba State University (TASU) Tagged: Share This Post: If this post helped you, share it with others! Use the buttons below to spread the word! Share This Post: WhatsApp X (Twitter) Facebook WhatsApp X (Twitter) Facebook Suggested Articles Taraba State University (TASU) Post UTME/Direct Entry Screening Form for 2026/2027 Undergraduate Admission Taraba State University (TSU) Matriculation Ceremony 2025/2026: date, time, venue and rules for new students Taraba State University (TSU) Orientation Programme 2025/2026 for Newly Admitted Students: Date, Time and Venue Taraba State University (TSU) Adjusted Academic Calendar for 2025/2026 and 2026/2027 Sessions IBBU Admission Cut Off Mark for 2026/2027 Admission Exercise Federal University of Medical and Health Sciences, Funtua (FUMHSF) Cut-Off Marks for 2026/2027 Admission Exercise University of Abuja (UNIABUJA) Cut-Off Mark for 2026/2027 Admission Exercise Northwest University (NWU), Kano Cut Off Marks for 2026/2027 Admission Exercise Suggested Articles Articles Taraba State University (TASU) Post UTME/Direct Entry Screening Form for 2026/2027 Undergraduate Admission Taraba State University (TSU) Matriculation Ceremony 2025/2026: date, time, venue and rules for new students Taraba State University (TSU) Orientation Programme 2025/2026 for Newly Admitted Students: Date, Time and Venue Taraba State University (TSU) Adjusted Academic Calendar for 2025/2026 and 2026/2027 Sessions IBBU Admission Cut Off Mark for 2026/2027 Admission Exercise Federal University of Medical and Health Sciences, Funtua (FUMHSF) Cut-Off Marks for 2026/2027 Admission Exercise University of Abuja (UNIABUJA) Cut-Off Mark for 2026/2027 Admission Exercise Northwest University (NWU), Kano Cut Off Marks for 2026/2027 Admission Exercise Previous story Joint Universities Preliminary Examinations Board (JUPEB) Past Questions Next story Federal University Wukari (FUWUKARI) Cut Off Marks for 2026/2027 Admission Exercise Previous story Joint Universities Preliminary Examinations Board (JUPEB) Past Questions Next story Federal University Wukari (FUWUKARI) Cut Off Marks for 2026/2027 Admission Exercise Meet The Author Olusegun Fapohunda is the founder and editor of MySchoolGist, with over a decade of experience in education publishing. He covers education updates, admission notices, examination news, scholarships, career opportunities and related public information. Connect with him on X (formerly Twitter) . Meet The Author Olusegun Fapohunda is the founder and editor of MySchoolGist, with over a decade of experience in education publishing. He covers education updates, admission notices, examination news, scholarships, career opportunities and related public information. Connect with him on X (formerly Twitter) . Home About Disclaimer Privacy Policy Quick Links Education Resources WAEC Past Questions NABTEB Past Questions JAMB Past Questions Post UTME Past Questions Universities Polytechnics Monotechnics Colleges of Education Top Universities Illegal Universities Courses JAMB WAEC NECO Jobs in Nigeria MySchoolGist Web Services is a registered publisher and marketing solutions provider in Nigeria. It publishes Myschoolgist.com, a leading digital publication that covers the latest educational trends, career opportunities and current news. Copyright © 2012 - 2026 MySchoolGist Home About Disclaimer Privacy Policy Quick Links Education Resources WAEC Past Questions NABTEB Past Questions JAMB Past Questions Post UTME Past Questions Universities Polytechnics Monotechnics Colleges of Education Top Universities Illegal Universities Courses JAMB WAEC NECO Jobs in Nigeria Quick Links Education Resources WAEC Past Questions NABTEB Past Questions JAMB Past Questions Post UTME Past Questions Universities Polytechnics Monotechnics Colleges of Education Top Universities Illegal Universities Courses JAMB WAEC NECO Jobs in Nigeria MySchoolGist Web Services is a registered publisher and marketing solutions provider in Nigeria. It publishes Myschoolgist.com, a leading digital publication that covers the latest educational trends, career opportunities and current news. Copyright © 2012 - 2026 MySchoolGist",,,,,,,REJECTED,"optionA, optionB, optionC, optionD, answer"
https://myschoolgist.com/news/waec-result-checker-pin-187221/,Unknown,"WAEC has provided an approved PIN portal. Candidates are required to enter their examination details. The PIN is to be kept safe until result checking begins. Continue reading for the portal link and each access step. WAEC Nigeria has shared the procedure for candidates who sat for the WASSCE for School Candidates, 2026, to get their Result Checker PIN. The usual smart card, also known as the candidate's identity card, will not be available from 2026, so the PIN will be accessed through the approved online portal. Candidates will need their examination details. The PIN should be kept safe for result checking after the results are release",,,,"What Has Changed About the WAEC Result Checker PIN in 2026? WAEC is working on a move from electronic attendance through the smart card to biometric attendance. The smart card has also carried the Result Checker PIN, but candidates will not receive that card for the WASSCE for School Candidates,",,,REJECTED,"optionA, optionB, optionC, answer"
https://myschoolgist.com/news/waec-result-checker-pin-187221/,Unknown,,,,,,,,REJECTED,"question, optionA, optionB, optionC, optionD, answer"
https://myschoolgist.com/news/waec-result-checker-pin-187221/,Unknown,The Result Checker PIN has therefore been placed online. WAEC has named its portal as the approved access point for candidates. How Can WASSCE 2026 Candidates Get Their Result Checker PIN? Candidates can get the PIN through the WAEC Result Checker PIN portal. The portal requires the examination details requested on the page. Steps to Access the WAEC 2026 Result Checker PIN Visit the WAEC Result Checker PIN portal . Enter the required examination details. Access the Result Checker PIN through the portal. Keep the PIN safe for use after the result has been release,,"Enjoy Low Fees! Call 08033006849 Now! Search MySchoolGist ... Search Share This Post: If this post helped you, share it with others! Use the buttons below to spread the word! WhatsApp X (Twitter) Facebook Suggested Articles WAEC GCE Registration 2026 Second Series: Fee, PIN Deadline and CBT Exam Guide [UPDATED] WAEC GCE Registration Closing Date/Deadline 2026 West African Examinations Council (WAE",Results Statistics,Enter 200-Level Directly! Gain University Admission via JUPEB/IJM,,,REJECTED,"optionA, answer"
https://myschoolgist.com/news/waec-result-checker-pin-187221/,Unknown,,,,,,,,REJECTED,"question, optionA, optionB, optionC, optionD, answer"
https://myschoolgist.com/news/waec-may-june-results-statistics/,Unknown,"WAEC Results Statistics Summary How Many Candidates Passed Five Subjects Including English and Mathematics? How Many Candidates Earned Five Credits With or Without English and Mathematics? Male and Female Performance Breakdown How Many WAEC Results Have Been Released? Why Did WAEC Withhold 167,486 Results? What Action Will Be Taken Against Examination Officials? How Many Candidates With Special Needs Sat for the Examination? When Was the 2026 WASSCE Conducted? What New Measures Did WAEC Use for the 2026 Examination? Will Every Candidate Receive a Released Result? Common Questions About the 2026 WAEC Results Statistics How Many Candidates Registered for the 2026 WAEC Examination? How Many Candidates Sat for the Examination? What Percentage Earned Five Credits Including English and Mathematics? What Percentage Earned Five Credits With or Without English and Mathematics? How Many Results Were Withheld? How Many Results Were Still Being Processed? How Can Candidates Check Their Results? How Many Candidates Registered for the 2026 WAEC Examination? How Many Candidates Sat for the Examination? What Percentage Earned Five Credits Including English and Mathematics? What Percentage Earned Five Credits With or Without English and Mathematics? How Many Results Were Withheld? How Many Results Were Still Being Processed? How Can Candidates Check Their Results?",,,,,,,REJECTED,"optionA, optionB, optionC, optionD, answer"
https://myschoolgist.com/news/waec-may-june-results-statistics/,Unknown,"WAEC Results Statistics Summary A total of 1,959,668 candidates from 24,207 schools registered for the examination, while 1,950,726 candidates eventually sat for it. The main figures are: 1,200,514 candidates earned credits and above in at least five subjects, including English Language and Mathematics 1,687,378 candidates earned credits and above in at least five subjects, with or without English Language and Mathematics 1,834,695 candidates had their results fully processed and released 116,031 candidates still had results being processed 167,486 candidates had their results withheld Candidates can use the 2026 WAEC result checking guide to access their results. How Many Candidates Passed Five Subjects Including English and Mathematics? A total of 1,200,514 candidates, representing 61.54 per cent of those who sat for the examination, obtained credits and above in at least five subjects, including English Language and Mathematics. This figure was 1.42 percentage points lower than the result recorded during the 2025 examination. The five-credit requirement, including English Language and Mathematics, is one of the main figures used to assess candidate performance in the examination. How Many Candidates Earned Five Credits With or Without English and Mathematics? WAEC recorded 1,687,378 candidates, representing 86.50 per cent, who obtained credits and above in at least five subjects, with or without English Language and Mathematics. This figure includes candidates who earned the required number of credits but may not have obtained credits in both English Language and Mathematics. Male and Female Performance Breakdown Among the 1,200,514 candidates who earned credits and above in at least five subjects, including English Language and Mathematics: 558,883 candidates, representing 28.65 per cent, were male 641,631 candidates, representing 32.89 per cent, were female Female candidates recorded the higher number within this performance group. Overall participation figures also showed that 997,267 females, representing 51.12 per cent, sat for the examination, while 953,459 males, representing 48.88 per cent, participated. How Many WAEC Results Have Been Released? WAEC reported that 1,834,695 candidates, representing 94.05 per cent, had their results fully processed and released. The results of 116,031 candidates, representing 5.95 per cent, were still being processed when the announcement was made. Candidates whose results are still under processing may not see a complete result until WAEC finishes the remaining work. Why Did WAEC Withhold 167,486 Results? WAEC withheld the results of 167,486 candidates over alleged examination malpractice. The affected candidates represented 8.59 per cent of the total number who sat for the examination. Dr Dangut identified the growing use of mobile phones inside examination halls, despite the existing ban, as one of the reported concerns. Organised cheating in some schools was also listed among the infractions. The 8.59 per cent recorded in 2026 was lower than the 9.7 per cent withheld-result rate recorded in 2025. What Action Will Be Taken Against Examination Officials? Some supervisors and invigilators who were found assisting candidates with examination malpractice had been arrested. The affected officials would face disciplinary action through the relevant state ministries of education, according to the announcement. How Many Candidates With Special Needs Sat for the Examination? WAEC recorded 1,213 candidates with special needs during the 2026 examination. The disclosed categories included:",,,,,,,REJECTED,"optionA, optionB, optionC, optionD, answer"
https://myschoolgist.com/news/waec-may-june-results-statistics/,Unknown,visually impaired candidates,,,,,,,REJECTED,"optionA, optionB, optionC, optionD, answer"
https://myschoolgist.com/news/waec-may-june-results-statistics/,Unknown,candidates with hearing impairment,,,,,,,REJECTED,"optionA, optionB, optionC, optionD, answer"
https://myschoolgist.com/news/waec-may-june-results-statistics/,Unknown,spastic and mentally challenged candidates,,,,,,,REJECTED,"optionA, optionB, optionC, optionD, answer"
https://myschoolgist.com/news/waec-may-june-results-statistics/,Unknown,"physically challenged candidates These figures formed part of the participation data released by the council. When Was the 2026 WASSCE Conducted? The 2026 WASSCE for School Candidates was conducted from 24 April to 19 June 2026. A total of 102,708 examiners took part in the marking process across 88 marking venues. The examination was the second edition of the Computer-Based WASSCE for School Candidates following WAEC's introduction of the format. What New Measures Did WAEC Use for the 2026 Examination? WAEC used the Digital Examiner Mark System to support faster result processing. The council also used serialised question papers as part of its effort to curb examination malpractice. A new portal was provided for candidates to generate e-PINs directly when checking their results. These measures formed part of the examination and result-processing arrangements for the 2026 exercise. Will Every Candidate Receive a Released Result? Candidates sponsored by states that owe WAEC would not have their results released until the outstanding payments had been cleared. The council did not name the affected states in the supplied announcement. Common Questions About the 2026 WAEC Results Statistics How Many Candidates Registered for the 2026 WAEC Examination? A total of 1,959,668 candidates from 24,207 schools registered for the examination. How Many Candidates Sat for the Examination? WAEC recorded 1,950,726 candidates who eventually sat for the examination. What Percentage Earned Five Credits Including English and Mathematics? A total of 61.54 per cent earned credits and above in at least five subjects, including English Language and Mathematics. What Percentage Earned Five Credits With or Without English and Mathematics? WAEC recorded 86.50 per cent of candidates with credits and above in at least five subjects, with or without English Language and Mathematics. How Many Results Were Withheld? The council withheld 167,486 results, representing 8.59 per cent of the candidates who sat for the examination. How Many Results Were Still Being Processed? The results of 116,031 candidates, representing 5.95 per cent, were still being processed. How Can Candidates Check Their Results? Candidates can follow the WAEC result checking steps for 2026 to access their released results. Alternative admission via JUPEB/IJMB programmes (SPONSORED) Enter 200-Level Directly! Gain University Admission via JUPEB/IJMB . Enjoy Low Fees! Call 08033006849 Now! Alternative admission via JUPEB/IJMB programmes (SPONSORED) Enter 200-Level Directly! Gain University Admission via JUPEB/IJMB . Enjoy Low Fees! Call 08033006849 Now! Search MySchoolGist ... Search Tagged: West African Examinations Council : WAEC Nigeria Tagged: Share This Post: If this post helped you, share it with others! Use the buttons below to spread the word! Share This Post: WhatsApp X (Twitter) Facebook WhatsApp X (Twitter) Facebook Suggested Articles West African Examinations Council (WAEC) Results: 2026 WASSCE for School Candidates (May/June Exam) Failed 2026 WAEC May/June Exam? Urgent Solution West African Examinations Council (WAEC) Digital Certificate Platform Wish to Upgrade Your 2026 WAEC Result? Read This WAEC GCE Registration 2026 Second Series: Fee, PIN Deadline and CBT Exam Guide [UPDATED] WAEC GCE Registration Closing Date/Deadline 2026 West African Examinations Council (WAEC) WASSCE 2026 Result Checker PIN: How School Candidates Can Get It WAEC Result: Meaning of Held or Witheld or Outstanding and Other Terms Suggested Articles Articles West African Examinations Council (WAEC) Results: 2026 WASSCE for School Candidates (May/June Exam) Failed 2026 WAEC May/June Exam? Urgent Solution West African Examinations Council (WAEC) Digital Certificate Platform Wish to Upgrade Your 2026 WAEC Result? Read This WAEC GCE Registration 2026 Second Series: Fee, PIN Deadline and CBT Exam Guide [UPDATED] WAEC GCE Registration Closing Date/Deadline 2026 West African Examinations Council (WAEC) WASSCE 2026 Result Checker PIN: How School Candidates Can Get It WAEC Result: Meaning of Held or Witheld or Outstanding and Other Terms Previous story Cross River State College of Nursing Sciences, Obudu Post UTME Form for 2026/2027 ND/HND Nursing Admission [UPDATED] Next story Wish to Upgrade Your 2026 WAEC Result? Read This Previous story Cross River State College of Nursing Sciences, Obudu Post UTME Form for 2026/2027 ND/HND Nursing Admission [UPDATED] Next story Wish to Upgrade Your 2026 WAEC Result? Read This Meet The Author Olusegun Fapohunda is the founder and editor of MySchoolGist, with over a decade of experience in education publishing. He covers education updates, admission notices, examination news, scholarships, career opportunities and related public information. Connect with him on X (formerly Twitter) . Meet The Author Olusegun Fapohunda is the founder and editor of MySchoolGist, with over a decade of experience in education publishing. He covers education updates, admission notices, examination news, scholarships, career opportunities and related public information. Connect with him on X (formerly Twitter) . Home About Disclaimer Privacy Policy Quick Links Education Resources WAEC Past Questions NABTEB Past Questions JAMB Past Questions Post UTME Past Questions Universities Polytechnics Monotechnics Colleges of Education Top Universities Illegal Universities Courses JAMB WAEC NECO Jobs in Nigeria MySchoolGist Web Services is a registered publisher and marketing solutions provider in Nigeria. It publishes Myschoolgist.com, a leading digital publication that covers the latest educational trends, career opportunities and current news. Copyright © 2012 - 2026 MySchoolGist Home About Disclaimer Privacy Policy Quick Links Education Resources WAEC Past Questions NABTEB Past Questions JAMB Past Questions Post UTME Past Questions Universities Polytechnics Monotechnics Colleges of Education Top Universities Illegal Universities Courses JAMB WAEC NECO Jobs in Nigeria Quick Links Education Resources WAEC Past Questions NABTEB Past Questions JAMB Past Questions Post UTME Past Questions Universities Polytechnics Monotechnics Colleges of Education Top Universities Illegal Universities Courses JAMB WAEC NECO Jobs in Nigeria MySchoolGist Web Services is a registered publisher and marketing solutions provider in Nigeria. It publishes Myschoolgist.com, a leading digital publication that covers the latest educational trends, career opportunities and current news. Copyright © 2012 - 2026 MySchoolGist",,,,,,,REJECTED,"optionA, optionB, optionC, optionD, answer"
https://myschoolgist.com/news/waec-gce-closing-date/,Unknown,"WAEC GCE Registration Closing Date | 2nd Series By Olusegun Fapohunda August 16, 2026 Time to Read: 1 min • 92 words By Olusegun Fapohunda Olusegun Fapohunda August 16, 2026 Time to Read: 1 min • 92 words Following the publication of the 2026 WAEC GCE Registration Guidelines, the West African Examinations Council also released the registration closing date for the 2026 WASSCE (Private). Candidates intending to register for the West African Senior School Certificate Examination (WASSCE) for Private Candidates, 2026 – Second Series, are hereby informed that the registration closing date has been announced. Prepare for JAMB, WAEC, NECO, BECE, NCEE and Post UTME Practise CBT Exams on Mobile or PC Prepare for Post UTME, WAEC, NECO, JAMB UTME, Junior WAEC (BECE) and Common Entrance (NCEE) with the MySchoolGist CBT App and Software. Use it on Android, iPhone or Windows to practise past questions anytime. Android App iPhone App Windows 10+ Windows 7 & 8 Need help choosing the right version? Chat with us on WhatsApp . Normal registration ends on Sunday, August 30, 2026.. See also: How to Obtain 2026 WAEC GCE Form . Price of 2026 WAEC GCE Scratch Cards & Selling Points . All interested candidates should keep this in mind. Following the publication of the 2026 WAEC GCE Registration Guidelines, the West African Examinations Council also released the registration closing date for the 2026 WASSCE (Private). Candidates intending to register for the West African Senior School Certificate Examination (WASSCE) for Private Candidates, 2026 – Second Series, are hereby informed that the registration closing date has been announced. Prepare for JAMB, WAEC, NECO, BECE, NCEE and Post UTME Practise CBT Exams on Mobile or PC Prepare for Post UTME, WAEC, NECO, JAMB UTME, Junior WAEC (BECE) and Common Entrance (NCEE) with the MySchoolGist CBT App and Software. Use it on Android, iPhone or Windows to practise past questions anytime. Android App iPhone App Windows 10+ Windows 7 & 8 Need help choosing the right version? Chat with us on WhatsApp . Prepare for JAMB, WAEC, NECO, BECE, NCEE and Post UTME Practise CBT Exams on Mobile or PC Prepare for Post UTME, WAEC, NECO, JAMB UTME, Junior WAEC (BECE) and Common Entrance (NCEE) with the MySchoolGist CBT App and Software. Use it on Android, iPhone or Windows to practise past questions anytime. Post UTME, WAEC, NECO, JAMB UTME, Junior WAEC (BECE) Common Entrance (NCEE) Android App iPhone App Windows 10+ Windows 7 & 8 Need help choosing the right version? Chat with us on WhatsApp . Normal registration ends on Sunday, August 30, 2026.. See also: How to Obtain 2026 WAEC GCE Form . Price of 2026 WAEC GCE Scratch Cards & Selling Points . All interested candidates should keep this in mind. Alternative admission via JUPEB/IJMB programmes (SPONSORED) Enter 200-Level Directly! Gain University Admission via JUPEB/IJMB . Enjoy Low Fees! Call 08033006849 Now! Alternative admission via JUPEB/IJMB programmes (SPONSORED) Enter 200-Level Directly! Gain University Admission via JUPEB/IJMB . Enjoy Low Fees! Call 08033006849 Now! Search MySchoolGist ... Search Tagged: WAEC GCE Registration Portal Tagged: Share This Post: If this post helped you, share it with others! Use the buttons below to spread the word! Share This Post: WhatsApp X (Twitter) Facebook WhatsApp X (Twitter) Facebook Suggested Articles Price of WAEC GCE Scratch Cards & Selling Points WAEC GCE 'Walk-in Candidates' Registration Process 2026 WAEC GCE Registration Form Template 2026 WAEC GCE Timetable 2026 (First Series): WASSCE Private Candidates Exam Schedule WAEC GCE Registration 2026 Second Series: Fee, PIN Deadline and CBT Exam Guide [UPDATED] West African Examinations Council (WAEC) WASSCE 2026 Result Checker PIN: How School Candidates Can Get It West African Examinations Council (WAEC) Results: 2026 WASSCE for School Candidates (May/June Exam) Failed 2026 WAEC May/June Exam? Urgent Solution Suggested Articles Articles Price of WAEC GCE Scratch Cards & Selling Points WAEC GCE 'Walk-in Candidates' Registration Process 2026 WAEC GCE Registration Form Template 2026 WAEC GCE Timetable 2026 (First Series): WASSCE Private Candidates Exam Schedule WAEC GCE Registration 2026 Second Series: Fee, PIN Deadline and CBT Exam Guide [UPDATED] West African Examinations Council (WAEC) WASSCE 2026 Result Checker PIN: How School Candidates Can Get It West African Examinations Council (WAEC) Results: 2026 WASSCE for School Candidates (May/June Exam) Failed 2026 WAEC May/June Exam? Urgent Solution Previous story Akanu Ibiam Federal Polytechnic, Unwana (AIFPU) Admission List for 2026/2027 Academic Session Next story Has Your School Admission List Been Released? Find Out Previous story Akanu Ibiam Federal Polytechnic, Unwana (AIFPU) Admission List for 2026/2027 Academic Session Next story Has Your School Admission List Been Released? Find Out Meet The Author Olusegun Fapohunda is the founder and editor of MySchoolGist, with over a decade of experience in education publishing. He covers education updates, admission notices, examination news, scholarships, career opportunities and related public information. Connect with him on X (formerly Twitter) . Meet The Author Olusegun Fapohunda is the founder and editor of MySchoolGist, with over a decade of experience in education publishing. He covers education updates, admission notices, examination news, scholarships, career opportunities and related public information. Connect with him on X (formerly Twitter) . Home About Disclaimer Privacy Policy Quick Links Education Resources WAEC Past Questions NABTEB Past Questions JAMB Past Questions Post UTME Past Questions Universities Polytechnics Monotechnics Colleges of Education Top Universities Illegal Universities Courses JAMB WAEC NECO Jobs in Nigeria MySchoolGist Web Services is a registered publisher and marketing solutions provider in Nigeria. It publishes Myschoolgist.com, a leading digital publication that covers the latest educational trends, career opportunities and current news. Copyright © 2012 - 2026 MySchoolGist Home About Disclaimer Privacy Policy Quick Links Education Resources WAEC Past Questions NABTEB Past Questions JAMB Past Questions Post UTME Past Questions Universities Polytechnics Monotechnics Colleges of Education Top Universities Illegal Universities Courses JAMB WAEC NECO Jobs in Nigeria Quick Links Education Resources WAEC Past Questions NABTEB Past Questions JAMB Past Questions Post UTME Past Questions Universities Polytechnics Monotechnics Colleges of Education Top Universities Illegal Universities Courses JAMB WAEC NECO Jobs in Nigeria MySchoolGist Web Services is a registered publisher and marketing solutions provider in Nigeria. It publishes Myschoolgist.com, a leading digital publication that covers the latest educational trends, career opportunities and current news. Copyright © 2012 - 2026 MySchoolGist",,,,,,,REJECTED,"optionA, optionB, optionC, optionD, answer"
https://myschoolgist.com/news/waec-gce/,Unknown,by 314 pixels,,,,,,,REJECTED,"optionA, optionB, optionC, optionD, answer"
https://myschoolgist.com/news/waec-gce/,Unknown,"dpi resolution A contrasting background Candidates must not use obstructive items in passport photographs. A defaced or poor-quality photograph will invalidate the candidate's entry. What General Rules Should Candidates Follow? Candidates should read the registration rules before completing entry and before going to the examination hall. The following points apply: Registration fee is not refundable Candidates should keep checking the website for the examination timetable Candidates should visit the WAEC Nigeria website for further details Candidates should study the Regulations and Syllabuses after downloading them from the WAEC website with the Registration PIN Candidates must go to the examination hall in mufti and without arms Professional uniform of any kind will not be allowed inside the examination hall WAEC will cancel the entire result of any candidate who sits for the examination in more than one centre Smoking is not allowed inside the examination hall Any candidate who enters the hall with mobile phones or other electronic gadgets will have all results cancelled Candidates involved in examination malpractice will lose their results and may face prosecution Candidates should provide valid email addresses and telephone numbers during registration What Is The Best Way To Avoid Registration Errors? Candidates should complete the form with care, check each field before upload and print the Admission Notice after successful registration. The safest approach is simple: pay through an approved channel, complete biometric capturing, confirm all personal details and keep the original Admission Notice for the examination. Alternative admission via JUPEB/IJMB programmes (SPONSORED) Enter 200-Level Directly! Gain University Admission via JUPEB/IJMB . Enjoy Low Fees! Call 08033006849 Now! Alternative admission via JUPEB/IJMB programmes (SPONSORED) Enter 200-Level Directly! Gain University Admission via JUPEB/IJMB . Enjoy Low Fees! Call 08033006849 Now! Search MySchoolGist ... Search Share This Post: If this post helped you, share it with others! Use the buttons below to spread the word! Share This Post: WhatsApp X (Twitter) Facebook WhatsApp X (Twitter) Facebook Suggested Articles WAEC GCE Registration Closing Date/Deadline 2026 West African Examinations Council (WAEC) WASSCE 2026 Result Checker PIN: How School Candidates Can Get It West African Examinations Council (WAEC) Results: 2026 WASSCE for School Candidates (May/June Exam) Failed 2026 WAEC May/June Exam? Urgent Solution West African Examinations Council (WAEC) Digital Certificate Platform WAEC Result: Meaning of Held or Witheld or Outstanding and Other Terms Wish to Upgrade Your 2026 WAEC Result? Read This West African Examinations Council (WAEC) Results Statistics 2026: Pass Rates, Withheld Results and Candidate Figures Suggested Articles Articles WAEC GCE Registration Closing Date/Deadline 2026 West African Examinations Council (WAEC) WASSCE 2026 Result Checker PIN: How School Candidates Can Get It West African Examinations Council (WAEC) Results: 2026 WASSCE for School Candidates (May/June Exam) Failed 2026 WAEC May/June Exam? Urgent Solution West African Examinations Council (WAEC) Digital Certificate Platform WAEC Result: Meaning of Held or Witheld or Outstanding and Other Terms Wish to Upgrade Your 2026 WAEC Result? Read This West African Examinations Council (WAEC) Results Statistics 2026: Pass Rates, Withheld Results and Candidate Figures Previous story Has Your School Admission List Been Released? Find Out Next story College of Health Technology, Lafia Admission List for 2026/2027 Academic Session | 1st & 2nd Batch Previous story Has Your School Admission List Been Released? Find Out Next story College of Health Technology, Lafia Admission List for 2026/2027 Academic Session | 1st & 2nd Batch Meet The Author Olusegun Fapohunda is the founder and editor of MySchoolGist, with over a decade of experience in education publishing. He covers education updates, admission notices, examination news, scholarships, career opportunities and related public information. Connect with him on X (formerly Twitter) . Meet The Author Olusegun Fapohunda is the founder and editor of MySchoolGist, with over a decade of experience in education publishing. He covers education updates, admission notices, examination news, scholarships, career opportunities and related public information. Connect with him on X (formerly Twitter) . Home About Disclaimer Privacy Policy Quick Links Education Resources WAEC Past Questions NABTEB Past Questions JAMB Past Questions Post UTME Past Questions Universities Polytechnics Monotechnics Colleges of Education Top Universities Illegal Universities Courses JAMB WAEC NECO Jobs in Nigeria MySchoolGist Web Services is a registered publisher and marketing solutions provider in Nigeria. It publishes Myschoolgist.com, a leading digital publication that covers the latest educational trends, career opportunities and current news. Copyright © 2012 - 2026 MySchoolGist Home About Disclaimer Privacy Policy Quick Links Education Resources WAEC Past Questions NABTEB Past Questions JAMB Past Questions Post UTME Past Questions Universities Polytechnics Monotechnics Colleges of Education Top Universities Illegal Universities Courses JAMB WAEC NECO Jobs in Nigeria Quick Links Education Resources WAEC Past Questions NABTEB Past Questions JAMB Past Questions Post UTME Past Questions Universities Polytechnics Monotechnics Colleges of Education Top Universities Illegal Universities Courses JAMB WAEC NECO Jobs in Nigeria MySchoolGist Web Services is a registered publisher and marketing solutions provider in Nigeria. It publishes Myschoolgist.com, a leading digital publication that covers the latest educational trends, career opportunities and current news. Copyright © 2012 - 2026 MySchoolGist",,,,,,,REJECTED,"optionA, optionB, optionC, optionD, answer"
https://myschoolgist.com/news/waec-result-held-witheld-outstanding/,Unknown,,,,,,,,REJECTED,"question, optionA, optionB, optionC, optionD, answer"
https://myschoolgist.com/ng/author/admin/,Unknown,"Acceptance fee payment will become available on Tuesday, 18 … Federal Polytechnic, Ukana Post UTME Form for 2026/2027 ND Admission Last Modified on August 16th, 2026 Federal Polytechnic, Ukana has invited qualified candidates to apply for admission into its available National Diploma programmes for the 2026/2027 academic session. Candidates seeking admission must have scored at least 100 in the 2026/2027 Unified Tertiary Matriculation Examination (UTME) and must meet the stated O'Level requirements. The Post UTME screening … Federal Polytechnic, Ukana HND Admission Form for 2026/2027 Academic Session Last Modified on August 16th, 2026 Federal Polytechnic, Ukana has opened applications for admission into its Higher National Diploma programmes for the 2026/2027 academic session. The admission exercise is for candidates who already hold a National Diploma in a related course and meet the stated academic and industrial training requirements. The application fee is ₦10,000 and … National Youth Service Corps (NYS","has informed candidates who completed the 2026/2027 Post-UTME registration that its portal remains open for the upload of O'Level results and other required credentials. Candidates who selected Awaiting Result during Post-UTME registration are expected to upload their available O'Level results through the university … Olabisi Onabanjo University (OOU) Post UTME Screening Schedule 2026/2027 and Examination Pass Printing Guide Last Modified on August 16th, 2026 Olabisi Onabanjo University (OOU) has released the Post UTME screening schedule for candidates seeking undergraduate admission during the 2026/2027 academic session. The screening examinations will be held from Tuesday, 1 September to Friday, 4 September 2026, while examination pass printing will begin on 27 August 2026 for eligible applicants. Each … College of Health Technology, Lafia Admission List for 2026/2027 Academic Session | 1st & 2nd Batch Last Modified on August 16th, 2026 College of Health Technology, Lafia has released the first and second batch admission lists for the 2026/2027 academic session. The admission exercise covers candidates who took part in the entrance examination. Candidates are expected to check their admission status through the school portal and complete the required registration within the … WAEC GCE Registration 2026 Second Series: Fee, PIN Deadline and CBT Exam Guide [UPDATED] Last Modified on August 16th, 2026 The management of the West African Examinations Council (WAE","An admission list shows candidates who have been offered provisional admission by a school. Lists may appear on … Akanu Ibiam Federal Polytechnic, Unwana (AIFPU) Admission List for 2026/2027 Academic Session Last Modified on August 15th, 2026 Akanu Ibiam Federal Polytechnic, Unwana (AIFPU) has released the admission list for National Diploma programmes for the 2026/2027 academic session. Candidates seeking ND admission can currently confirm their status through JAMB CAPS. Applicants whose status shows ""Admission Offered"" will need to accept or reject the offer through the stated JAMB … Kwara State University (KWASU) Admission List for 2026/2027 Academic Session Last Modified on August 15th, 2026 Kwara State University (KWASU) admission list for the 2026/2027 academic session is now available for applicants who applied through UTME or Direct Entry. Candidates can check their admission status through the KWASU admission portal and confirm any offer through JAMB CAPS. Applicants who receive an admission offer will also need … Akwa Ibom State University (AKSU) Postgraduate Admission Form for 2026/2027 Academic Session Last Modified on August 15th, 2026 Akwa Ibom State University (AKSU), through its School of Postgraduate Studies, has invited qualified candidates to apply for postgraduate admission for the 2026/2027 academic session. Available programmes lead to Postgraduate Diploma, Master's and Doctor of Philosophy qualifications across several faculties and departments. The non-refundable application fee is ₦30,000, excluding bank … Ibrahim Badamasi Babangida University (IBBU) Post UTME / Direct Entry Screening Form for 2025/2026 Undergraduate Admission Last Modified on August 15th, 2026 Ibrahim Badamasi Babangida University (IBBU), Lapai has announced its online Post-UTME and Direct Entry Screening and Verification Exercise for the 2026/2027 undergraduate admission exercise. The screening will begin on Monday, 17 August 2026 and close on Sunday, 20 September","has announced the registration for the 2026 Second Series West African Senior School Certificate Examination (WASSCE) for Private Candidates, also known as WAEC GCE. Candidates who intend to sit for the examination are to complete registration online, pay the approved fee … Has Your School Admission List Been Released? Find Out Last Modified on August 16th, 2026 Admission list season is one of the most closely watched stages of the Nigerian school admission process. After post-UTME screening, candidates usually begin checking for updates from their chosen schools and JAM","Upload O'Level Result on JAMB CAPS Last Modified on August 16th, 2026 Usmanu Danfodiyo University, Sokoto (UDUSOK) has commenced the admission process for the 2026/2027 academic session and candidates who selected the university as their first choice have been asked to ensure that their O'Level results are available on JAMB CAPS. The requirement affects candidates who are yet to upload results from … Federal University of Technology, Ikot Abasi (FUTI",,,REJECTED,answer
https://myschoolgist.com/ng/author/admin/,Unknown,"The exercise is for UTME and Direct Entry candidates who … Federal University of Health Sciences, Otukpo (FUHSO) Remedial Admission Form for 2026/2027 Academic Session Last Modified on August 15th, 2026 Federal University of Health Sciences, Otukpo (FUHSO) has invited qualified applicants to apply for admission into its Remedial Science Programme for the 2026/2027 academic session. The programme is for science students who intend to pursue any of the listed undergraduate courses at FUHSO. It combines remedial academic work with preparation … Federal University of Health Sciences, Azare (FUHS",university change of course or an inter-university transfer in,,,,,,REJECTED,"optionB, optionC, optionD, answer"
https://myschoolgist.com/ng/author/admin/,Unknown,,,,,,,,REJECTED,"question, optionA, optionB, optionC, optionD, answer"
https://myschoolgist.com/ng/author/admin/,Unknown,,,,,,,,REJECTED,"question, optionA, optionB, optionC, optionD, answer"
https://myschoolgist.com/ng/author/admin/,Unknown,,,,,,,,REJECTED,"question, optionA, optionB, optionC, optionD, answer"
https://myschoolgist.com/ng/author/admin/,Unknown,,,,,,,,REJECTED,"question, optionA, optionB, optionC, optionD, answer"
https://myschoolgist.com/ng/author/admin/,Unknown,,,,,,,,REJECTED,"question, optionA, optionB, optionC, optionD, answer"
https://myschoolgist.com/ng/author/admin/,Unknown,,,,,,,,REJECTED,"question, optionA, optionB, optionC, optionD, answer"
https://myschoolgist.com/news/lens-poly-hnd-approved-nbte-188020/,Unknown,"HND programmes have been approved Resource inspection has been completed Admission has been opened for qualified candidates Approved areas include AI, Cyber Security and Community Health Applications are to be made through the admission portal Read on for Lens Polytechnic HND programmes, NBTE approval details and admission notice. The National Board for Technical Education (NBTE) has granted approval to Lens Polytechnic, Offa, Kwara State, to run 14 Higher National Diploma academic programmes. The approval followed a resource inspection and accreditation exercise conducted by the Board and management has invited qualified candidates to apply for admission into the approved HND courses. Prepare for JAMB, WAEC, NECO, BECE, NCEE and Post UTME Practise CBT Exams on Mobile or PC Prepare for Post UTME, WAEC, NECO, JAMB UTME, Junior WAEC (BECE) and Common Entrance (NCEE) with the MySchoolGist CBT App and Software. Use it on Android, iPhone or Windows to practise past questions anytime. Android App iPhone App Windows 10+ Windows 7 & 8 Need help choosing the right version? Chat with us on WhatsApp . Prepare for JAMB, WAEC, NECO, BECE, NCEE and Post UTME Practise CBT Exams on Mobile or PC Prepare for Post UTME, WAEC, NECO, JAMB UTME, Junior WAEC (BECE) and Common Entrance (NCEE) with the MySchoolGist CBT App and Software. Use it on Android, iPhone or Windows to practise past questions anytime. Post UTME, WAEC, NECO, JAMB UTME, Junior WAEC (BECE) Common Entrance (NCEE) Android App iPhone App Windows 10+ Windows 7 & 8 Need help choosing the right version? Chat with us on WhatsApp . Table of contents What Has NBTE Approved for Lens Polytechnic? Why Was the NBTE Visit Conducted? Is Lens Polytechnic Now Admitting Candidates Into the HND Programmes? Which HND Programmes Have Been Approved? Engineering and Technology Media and Communications Computing and Artificial Intelligence Administration and Security Health Sciences Engineering and Technology Media and Communications Computing and Artificial Intelligence Administration and Security Health Sciences Who Can Apply for Lens Polytechnic HND Admission? What Should Applicants Check Before Applying? What Has NBTE Approved for Lens Polytechnic? NBTE has approved Lens Polytechnic to run 14 HND academic programmes across Engineering, Media, Computing, Administration, Security and Health Science areas. The approval came after the NBTE accreditation team visited the Polytechnic on Monday, 18 May 2026, to assess its facilities and readiness, including staffing for technical education delivery. Why Was the NBTE Visit Conducted? The NBTE visit was part of a resource inspection and accreditation exercise. The exercise was used to assess whether Lens Polytechnic had the required capacity to run the listed Higher National Diploma programmes. Management expressed appreciation to NBTE for the exercise and the prompt response given after the visit. Is Lens Polytechnic Now Admitting Candidates Into the HND Programmes? Lens Polytechnic has invited applications from qualified candidates for admission into the newly approved HND programmes. The admission notice covers fields such as Artificial Intelligence, Cyber Security and Data Protection, Crime Management and Community Health. Which HND Programmes Have Been Approved? The approved HND programmes named in the admission notice are listed below by field. Engineering and Technology HND Computer Engineering Technology HND Electrical Electronics Engineering Media and Communications HND Film and Multimedia Production HND Journalism and Media Studies HND Strategic Communications and Media Studies Computing and Artificial Intelligence HND Artificial Intelligence HND Software and Web Development HND Cyber Security and Data Protection HND Networking and Cloud Computing Administration and Security HND Crime Management HND Public Administration Health Sciences HND Community Health HND Health Information Management Who Can Apply for Lens Polytechnic HND Admission? Qualified candidates who wish to advance their studies in any of the approved HND fields may apply for admission. Applicants are expected to use the Polytechnic's official admission portal for the application process. What Should Applicants Check Before Applying? Applicants should review the approved programme list and choose the HND course that matches their prior qualification and career plan. They should also apply through the official admission portal, since the notice directs qualified candidates to use that channel. Alternative admission via JUPEB/IJMB programmes (SPONSORED) Enter 200-Level Directly! Gain University Admission via JUPEB/IJMB . Enjoy Low Fees! Call 08033006849 Now! Alternative admission via JUPEB/IJMB programmes (SPONSORED) Enter 200-Level Directly! Gain University Admission via JUPEB/IJMB . Enjoy Low Fees! Call 08033006849 Now! Search MySchoolGist ... Search Tagged: Lens Polytechnic , National Board for Technical Education (NBTE) Tagged: Share This Post: If this post helped you, share it with others! Use the buttons below to spread the word! Share This Post: WhatsApp X (Twitter) Facebook WhatsApp X (Twitter) Facebook Suggested Articles Ekiti State College of Technology (EKSCOTECH) Accredited Programmes: 15 New NBTE-Approved ND and HND Courses Katsina State Institute of Technology and Management (KSITM) gets NBTE approval as a Vocational Enterprise Institute under TVET President Tinubu Renews Idris Bugaje's Appointment as NBTE Executive Secretary Federal Polytechnic Oko New NBTE Approved Programmes 2025/2026: ND and HND Courses and Requirements Federal Polytechnic, Ukana HND Admission Form for 2026/2027 Academic Session Kano State Polytechnic (KANOPOLY) Part-Time Programmes Admission Form for 2026/2027 Academic Session Kano State Polytechnic (KANOPOLY) HND Admission Form for 2026/2027 Academic Session Jigawa State Polytechnic (JIGPOLY) HND Programmes Admission Form for 2026/2027 Academic Session Suggested Articles Articles Ekiti State College of Technology (EKSCOTECH) Accredited Programmes: 15 New NBTE-Approved ND and HND Courses Katsina State Institute of Technology and Management (KSITM) gets NBTE approval as a Vocational Enterprise Institute under TVET President Tinubu Renews Idris Bugaje's Appointment as NBTE Executive Secretary Federal Polytechnic Oko New NBTE Approved Programmes 2025/2026: ND and HND Courses and Requirements Federal Polytechnic, Ukana HND Admission Form for 2026/2027 Academic Session Kano State Polytechnic (KANOPOLY) Part-Time Programmes Admission Form for 2026/2027 Academic Session Kano State Polytechnic (KANOPOLY) HND Admission Form for 2026/2027 Academic Session Jigawa State Polytechnic (JIGPOLY) HND Programmes Admission Form for 2026/2027 Academic Session Previous story Plateau State University (PLASU) Registrar Vacancy 2026: Requirements, Duties and Application Guide Next story Ibrahim Badamasi Babangida University (IBBU) IJMB Admission Form for 2026/2027 Academic Session Previous story Plateau State University (PLASU) Registrar Vacancy 2026: Requirements, Duties and Application Guide Next story Ibrahim Badamasi Babangida University (IBBU) IJMB Admission Form for 2026/2027 Academic Session Home About Disclaimer Privacy Policy Quick Links Education Resources WAEC Past Questions NABTEB Past Questions JAMB Past Questions Post UTME Past Questions Universities Polytechnics Monotechnics Colleges of Education Top Universities Illegal Universities Courses JAMB WAEC NECO Jobs in Nigeria MySchoolGist Web Services is a registered publisher and marketing solutions provider in Nigeria. It publishes Myschoolgist.com, a leading digital publication that covers the latest educational trends, career opportunities and current news. Copyright © 2012 - 2026 MySchoolGist Home About Disclaimer Privacy Policy Quick Links Education Resources WAEC Past Questions NABTEB Past Questions JAMB Past Questions Post UTME Past Questions Universities Polytechnics Monotechnics Colleges of Education Top Universities Illegal Universities Courses JAMB WAEC NECO Jobs in Nigeria Quick Links Education Resources WAEC Past Questions NABTEB Past Questions JAMB Past Questions Post UTME Past Questions Universities Polytechnics Monotechnics Colleges of Education Top Universities Illegal Universities Courses JAMB WAEC NECO Jobs in Nigeria MySchoolGist Web Services is a registered publisher and marketing solutions provider in Nigeria. It publishes Myschoolgist.com, a leading digital publication that covers the latest educational trends, career opportunities and current news. Copyright © 2012 - 2026 MySchoolGist",,,,,,,REJECTED,"optionA, optionB, optionC, optionD, answer"
https://myschoolgist.com/news/federal-poly-ukana-hnd-admission-form/,Unknown,,,,,,,,REJECTED,"question, optionA, optionB, optionC, optionD, answer"
https://myschoolgist.com/news/federal-poly-ukana-hnd-admission-form/,Unknown,"Courses, Requirements & How to Apply By Olusegun Fapohunda August 16, 2026 Time to Rea",,,,"3 min • 439 words Federal Polytechnic, Ukana HND applicants preparing their documents for the 2026/2027 admission exercise. Federal Polytechnic Ukana HND Admission Form at a Glance Federal Polytechnic, Ukana has opened HND admission for the 2026/2027 academic session. The application fee is ₦10,",,,REJECTED,"optionA, optionB, optionC, answer"
https://myschoolgist.com/news/federal-poly-ukana-hnd-admission-form/,Unknown,Applicants need an ND in a related course. A minimum of Lower Credit is require,,,,"Read on for the available HND courses, entry requirements and application steps. Federal Polytechnic, Ukana has opened applications for admission into its Higher National Diploma programmes for the 2026/2027 academic session. The admission exercise is for candidates who already hold a National Diploma in a related course and meet the stated academic and industrial training requirements. The application fee is ₦10,000 and candidates can submit their applications through the Federal Polytechnic, Ukana online application portal. Prepare for JAMB, WAEC, NECO, BECE, NCEE and Post UTME Practise CBT Exams on Mobile or PC Prepare for Post UTME, WAEC, NECO, JAMB UTME, Junior WAEC (BECE) and Common Entrance (NCEE) with the MySchoolGist CBT App and Software. Use it on Android, iPhone or Windows to practise past questions anytime. Android App iPhone App Windows 10+ Windows 7 & 8 Need help choosing the right version? Chat with us on WhatsApp . Federal Polytechnic Ukana HND Courses The available HND programmes listed under the School of Applied Sciences are: Computer Networks and Cloud Computing Software and Web Development Statistics Applicants should choose a programme that relates to their National Diploma qualification. Federal Polytechnic Ukana HND Admission Requirements Applicants must meet the stated HND entry conditions before submitting an application. A candidate is required to have: A National Diploma in a related course from a recognised school At least a Lower Credit A valid one-year Industrial Training certificate Candidates should confirm that their ND course relates to the HND programme selected during the application. Federal Polytechnic Ukana HND Application Fee The HND application fee is ₦10,",,,REJECTED,"optionA, optionB, optionC, answer"
https://myschoolgist.com/news/federal-poly-ukana-hnd-admission-form/,Unknown,,,,,,,,REJECTED,"question, optionA, optionB, optionC, optionD, answer"
https://myschoolgist.com/news/federal-poly-ukana-hnd-admission-form/,Unknown,Federal Polytechnic Ukana HND Application Deadline No fixed application deadline has been announce,,,,"Candidates who meet the requirements can submit their applications while the admission portal remains available. Applicants should rely on the admission portal and Admissions Office for any later deadline information. Federal Polytechnic Ukana HND Admission Troubleshooter Issue What to check Next step Expected outcome 🎓 ND course does not match Compare the ND qualification with the selected HND programme Choose a related available programme Application will match the stated course requirement 📊 ND grade below Lower Credit Check the grade shown on the ND result Compare it with the minimum Lower Credit requirement Candidate can determine whether the stated grade condition is met 🧾 IT certificate unavailable Confirm completion of the one-year Industrial Training Prepare the valid IT certificate before applying Candidate will have the stated industrial training record 💳 Application payment pending Check the online application process Pay the ₦10,000 application fee Application payment can be completed 📅 Deadline unclear Check the admission portal or Admissions Office Look for any later deadline update Candidate can work with the latest admission information MySchoolGist Verification Check Candidates can access the HND application through the Federal Polytechnic, Ukana application portal . The stated application fee is ₦10,",,,REJECTED,"optionA, optionB, optionC, answer"
https://myschoolgist.com/news/federal-poly-ukana-hnd-admission-form/,Unknown,"MySchoolGist checks admission information against available official sources. Federal Polytechnic, Ukana remains the final authority on its HND admission requirements and application process. Alternative admission via JUPEB/IJMB programmes (SPONSORE",,Enjoy Low Fees! Call 08033006849 Now! Search MySchoolGist ... Search Tagge,,"Federal Polytechnic Ukana Share This Post: If this post helped you, share it with others! Use the buttons below to spread the word! WhatsApp X (Twitter) Facebook Suggested Articles Federal Polytechnic, Ukana Post UTME Form for 2026/2027 ND Admission Federal Polytechnic Ukana Job Recruitment: Vacancies, Requirements and How to Apply Federal Polytechnic, Ukana school fees deadline and student registration guides 2025/2026 Federal Polytechnic, Ukana Approved as NBTE Skill Training Centre Jigawa State Polytechnic (JIGPOLY) HND Programmes Admission Form for 2026/2027 Academic Session Waziri Umaru Federal Polytechnic, Birnin Kebbi (WUFPBK) HND Admission Form for 2026/2027 Academic Session Federal Polytechnic Mubi (FPM) HND Admission Form for 2026/2027 Academic Session Gboko Polytechnic Admission Form for 2026/2027 ND/HND Programmes Admission Meet The Author Olusegun Fapohunda is the founder and editor of MySchoolGist, with over a decade of experience in education publishing. He covers education updates, admission notices, examination news, scholarships, career opportunities and related public information. Connect with him on X (formerly Twitter) .",,,REJECTED,"optionA, optionC, answer"
https://myschoolgist.com/keyword/nbte/,Unknown,,,,,,,,REJECTED,"question, optionA, optionB, optionC, optionD, answer"
https://myschoolgist.com/keyword/nbte/,Unknown,"ND and HND Courses and Requirements Last Modified on January 22nd, 2026 Federal Polytechnic Oko has announced that the National Board for Technical Education (NBTE) has approved additional programmes for the 2025/2026 academic session. The management said the approval covers new ND and HND options; candidates who want to apply should follow the admission steps and meet the stated requirements. List of … List of All Federal, State & Private Polytechnics in Nigeria 2025 Last Modified on October 4th, 2025 Here are the list of all the federal, state and private polytechnics in Nigeria as published by the National Board for Technical Education (NBTE). Below is the list of all the Polytechnics accredited by the National Board for Technical Education (NBTE) in Nigeri","It includes all the accredited Federal, State … Audu Bako College of Agriculture, Dambatta (ABCOA",,,"in Nursing Sciences. This approval takes effect from the 2025/2026 academic session. Admission Requirements The Joint … Kogi State Polytechnic Gets Accreditation for New Programmes Last Modified on January 22nd, 2025 The National Board for Technical Education (NBTE) has granted Kogi State Polytechnic full institutional accreditation and approved 18 programmes for the 2024/2025 session. The Rector, Professor Salisu Ogbo Usman, shared the news during the institution's 32nd Matriculation Ceremony on 18 January",,,REJECTED,"optionB, optionC, answer"
https://myschoolgist.com/keyword/nbte/,Unknown,"NBTE also approved the launch of eight new … NBTE Approves 6 New Programmes for Osun College of Management Science (OSCOMS) Last Modified on January 13th, 2025 The National Board for Technical Education (NBTE) has approved six new programmes for Osun College of Management Science (OSCOMS), Ipetu Ijesh","Below is the list of all the accredited Federal, State and Private Monotechnics/specialised institutions in Nigeria to let everyone know the accredited ones. See also: List of Accredited Universities in Nigeria List of Accredited Polytechnics in Nigeria List of … Guide to Applying for HND Programmes Through the NBTE Portal Last Modified on February 13th, 2024 The National Board for Technical Education (NBTE) has streamlined the application process for all Higher National Diploma (HN",,,"holders with the opportunity to elevate their certifications to a Bachelor's Degree level. This conversion can be achieved in just one year, … Search the MySchoolGist site Search Recent Posts Lagos State University (LASU) Admission List for 2026/2027 Academic Session | Merit & Supplementary [UPDATED] Ignatius Ajuru University Of Education (IAUE) Admission List for 2026/2027 Academic Session | 1st Batch Ignatius Ajuru University Of Education (IAUE) Acceptance Fee, Clearance & Registration Procedures for 2026/2027 Newly Admitted Candidates Federal Polytechnic, Ukana Post UTME Form for 2026/2027 ND Admission Federal Polytechnic, Ukana HND Admission Form for 2026/2027 Academic Session Scholarships & Opportunities KPMG Seyi Bickersteth Scholarship Programme",,,REJECTED,"optionB, optionC, answer"
https://myschoolgist.com/keyword/nbte/,Unknown,,,,,,,,REJECTED,"question, optionA, optionB, optionC, optionD, answer"
https://myschoolgist.com/keyword/nbte/,Unknown,,,,,,,,REJECTED,"question, optionA, optionB, optionC, optionD, answer"
https://myschoolgist.com/keyword/nbte/,Unknown,,,,,,,,REJECTED,"question, optionA, optionB, optionC, optionD, answer"
https://myschoolgist.com/keyword/nbte/,Unknown,,,,,,,,REJECTED,"question, optionA, optionB, optionC, optionD, answer"
https://myschoolgist.com/ksitm/tvet-approval-185652/,Unknown,"approved trades have been listed Training is open to youths and the general public Keep reading for KSITM TVET approval details. Katsina State Institute of Technology and Management, KSITM, has announced its approval by the National Board for Technical Education, NBTE, to operate as a Vocational Enterprise Institute under the Technical and Vocational Education and Training, TVET, initiative. The institute said the approval followed a successful accreditation exercise conducted by NBTE on 2 April 2026. During that exercise, the institute's facilities, manpower and training capacity were assessed and found to meet the required standards for TVET delivery. Prepare for JAMB, WAEC, NECO, BECE, NCEE and Post UTME Practise CBT Exams on Mobile or PC Prepare for Post UTME, WAEC, NECO, JAMB UTME, Junior WAEC (BECE) and Common Entrance (NCEE) with the MySchoolGist CBT App and Software. Use it on Android, iPhone or Windows to practise past questions anytime. Android App iPhone App Windows 10+ Windows 7 & 8 Need help choosing the right version? Chat with us on WhatsApp . Prepare for JAMB, WAEC, NECO, BECE, NCEE and Post UTME Practise CBT Exams on Mobile or PC Prepare for Post UTME, WAEC, NECO, JAMB UTME, Junior WAEC (BECE) and Common Entrance (NCEE) with the MySchoolGist CBT App and Software. Use it on Android, iPhone or Windows to practise past questions anytime. Post UTME, WAEC, NECO, JAMB UTME, Junior WAEC (BECE) Common Entrance (NCEE) Android App iPhone App Windows 10+ Windows 7 & 8 Need help choosing the right version? Chat with us on WhatsApp . Table of contents What the NBTE approval means for KSITM Approved trades at KSITM List of approved programmes List of approved programmes How the approval was granted Who the programmes are for What KSITM said about the approval What the NBTE approval means for KSITM With this approval, KSITM, also referred to as KSILABS in the notice, is now authorised to offer industry-relevant, competency-based training programmes. The programmes are aimed at equipping youths and the general public with practical skills for employment, entrepreneurship and self-reliance. That is the core of the update; the approval gives the institute room to run these vocational courses under the TVET framework. Approved trades at KSITM NBTE approved the following trades for the institute: List of approved programmes Solar PV Installation and Maintenance Social Media Communication Creative Media (Modern Media Production) Fashion Design and Tailoring Beauty Therapy and Cosmetology Networking and System Installation Hospitality and Catering Training Electrical Installation Satellite and CCTV Installation and Maintenance Welding and Fabrication Computer Hardware Repair and Maintenance How the approval was granted The institute said the approval came after an accreditation exercise carried out by NBTE on 2 April 2026. The exercise covered the institute's facilities, manpower and training capacity. After that review, KSITM was found to meet the required standards for TVET delivery. That finding cleared the way for the approval now announced. Who the programmes are for The approved programmes are meant for youths and the general public. The notice also calls on prospective trainees, industry partners and the public to take advantage of the newly approved courses. According to the institute, the programmes are designed to meet modern industry demands and global best practices. What KSITM said about the approval The management expressed appreciation to NBTE for approving the institute to deliver vocational training. The institute also acknowledged the support of the Katsina State Government, Governing Council, staff and other stakeholders. The notice adds that KSITM remains committed to technical education and plans to expand its programmes in line with emerging technologies and workforce needs. Alternative admission via JUPEB/IJMB programmes (SPONSORED) Enter 200-Level Directly! Gain University Admission via JUPEB/IJMB . Enjoy Low Fees! Call 08033006849 Now! Alternative admission via JUPEB/IJMB programmes (SPONSORED) Enter 200-Level Directly! Gain University Admission via JUPEB/IJMB . Enjoy Low Fees! Call 08033006849 Now! Search MySchoolGist ... Search Tagged: Katsina State Institute Of Technology and Management : KSITM , National Board for Technical Education (NBTE) Tagged: Share This Post: If this post helped you, share it with others! Use the buttons below to spread the word! Share This Post: WhatsApp X (Twitter) Facebook WhatsApp X (Twitter) Facebook Suggested Articles Ekiti State College of Technology (EKSCOTECH) Accredited Programmes: 15 New NBTE-Approved ND and HND Courses Lens Polytechnic HND Programmes Approved by NBTE for Admission Katsina State Institute of Technology and Management (KSITM) HND First Admission List for 2025/2026 Academic Session Katsina State Institute Of Technology and Management (KSITM) Convocation Rehearsal 2026 Date, Venue, Free Gown and Orientation Details Federal Polytechnic, Ukana HND Admission Form for 2026/2027 Academic Session Kano State Polytechnic (KANOPOLY) Part-Time Programmes Admission Form for 2026/2027 Academic Session Kano State Polytechnic (KANOPOLY) HND Admission Form for 2026/2027 Academic Session Jigawa State Polytechnic (JIGPOLY) HND Programmes Admission Form for 2026/2027 Academic Session Suggested Articles Articles Ekiti State College of Technology (EKSCOTECH) Accredited Programmes: 15 New NBTE-Approved ND and HND Courses Lens Polytechnic HND Programmes Approved by NBTE for Admission Katsina State Institute of Technology and Management (KSITM) HND First Admission List for 2025/2026 Academic Session Katsina State Institute Of Technology and Management (KSITM) Convocation Rehearsal 2026 Date, Venue, Free Gown and Orientation Details Federal Polytechnic, Ukana HND Admission Form for 2026/2027 Academic Session Kano State Polytechnic (KANOPOLY) Part-Time Programmes Admission Form for 2026/2027 Academic Session Kano State Polytechnic (KANOPOLY) HND Admission Form for 2026/2027 Academic Session Jigawa State Polytechnic (JIGPOLY) HND Programmes Admission Form for 2026/2027 Academic Session Previous story Taraba State University (TSU) Matriculation Ceremony 2025/2026: date, time, venue and rules for new students Next story Kaduna BECE, BAICE, QE and SAIQE Registration Extension 2026: Final Dates, PIN Deadlines and Biodata Update Previous story Taraba State University (TSU) Matriculation Ceremony 2025/2026: date, time, venue and rules for new students Next story Kaduna BECE, BAICE, QE and SAIQE Registration Extension 2026: Final Dates, PIN Deadlines and Biodata Update Meet The Author Olusegun Fapohunda is the founder and editor of MySchoolGist, with over a decade of experience in education publishing. He covers education updates, admission notices, examination news, scholarships, career opportunities and related public information. Connect with him on X (formerly Twitter) . Meet The Author Olusegun Fapohunda is the founder and editor of MySchoolGist, with over a decade of experience in education publishing. He covers education updates, admission notices, examination news, scholarships, career opportunities and related public information. Connect with him on X (formerly Twitter) . Home About Disclaimer Privacy Policy Quick Links Education Resources WAEC Past Questions NABTEB Past Questions JAMB Past Questions Post UTME Past Questions Universities Polytechnics Monotechnics Colleges of Education Top Universities Illegal Universities Courses JAMB WAEC NECO Jobs in Nigeria MySchoolGist Web Services is a registered publisher and marketing solutions provider in Nigeria. It publishes Myschoolgist.com, a leading digital publication that covers the latest educational trends, career opportunities and current news. Copyright © 2012 - 2026 MySchoolGist Home About Disclaimer Privacy Policy Quick Links Education Resources WAEC Past Questions NABTEB Past Questions JAMB Past Questions Post UTME Past Questions Universities Polytechnics Monotechnics Colleges of Education Top Universities Illegal Universities Courses JAMB WAEC NECO Jobs in Nigeria Quick Links Education Resources WAEC Past Questions NABTEB Past Questions JAMB Past Questions Post UTME Past Questions Universities Polytechnics Monotechnics Colleges of Education Top Universities Illegal Universities Courses JAMB WAEC NECO Jobs in Nigeria MySchoolGist Web Services is a registered publisher and marketing solutions provider in Nigeria. It publishes Myschoolgist.com, a leading digital publication that covers the latest educational trends, career opportunities and current news. Copyright © 2012 - 2026 MySchoolGist",,,,,,,REJECTED,"optionA, optionB, optionC, optionD, answer"
https://myschoolgist.com/news/tinubu-renews-idris-bugaje-nbte-appointment/,Unknown,"Prepare for JAMB, WAEC, NECO, BECE, NCEE and Post UTME Practise CBT Exams on Mobile or PC Prepare for Post UTME, WAEC, NECO, JAMB UTME, Junior WAEC (BECE) and Common Entrance (NCEE) with the MySchoolGist CBT App and Software. Use it on Android, iPhone or Windows to practise past questions anytime. Android App iPhone App Windows 10+ Windows 7 & 8 Need help choosing the right version? Chat with us on WhatsApp . Why the appointment was renewed The President renewed the appointment after a review of Professor Bugaje's performance, leadership record and the changes recorded in the technical and vocational education and training, TVET, su",,Enjoy Low Fees! Call 08033006849 Now! Search MySchoolGist ... Search Tagge,,"National Board for Technical Education (NBTE) Share This Post: If this post helped you, share it with others! Use the buttons below to spread the word! WhatsApp X (Twitter) Facebook Suggested Articles Ekiti State College of Technology (EKSCOTECH) Accredited Programmes: 15 New NBTE-Approved ND and HND Courses Lens Polytechnic HND Programmes Approved by NBTE for Admission Katsina State Institute of Technology and Management (KSITM) gets NBTE approval as a Vocational Enterprise Institute under TVET Federal Polytechnic Oko New NBTE Approved Programmes 2025/",,,REJECTED,"optionA, optionC, answer"
https://myschoolgist.com/news/tinubu-renews-idris-bugaje-nbte-appointment/,Unknown,,,,,,,,REJECTED,"question, optionA, optionB, optionC, optionD, answer"
https://myschoolgist.com/news/kano-poly-admission-form/,Unknown,,,,,,,,REJECTED,"question, optionA, optionB, optionC, optionD, answer"
https://myschoolgist.com/news/kano-poly-admission-form/,Unknown,"Programmes, Requirements and How to Apply By Olusegun Fapohunda August 12, 2026 Time to Rea",,,,"4 min • 717 words KANOPOLY 2026/2027 HND admission covers full-time programmes across Technology, Management, Rural Technology and Environmental Studies KANOPOLY HND Admission Form at a Glance KANOPOLY HND admission has opened for 2026/2027 full-time programmes, with an application fee of ₦5,",,,REJECTED,"optionA, optionB, optionC, answer"
https://myschoolgist.com/news/kano-poly-admission-form/,Unknown,Applicants need an ND certificate in the relevant fiel,,,,"HND programmes are available across four schools. Applications are completed through the KANOPOLY portal. Read on for the full programme list, requirements and application details. Kano State Polytechnic, commonly called KANOPOLY, has opened admission into its full-time Higher National Diploma programmes for the 2026/2027 academic session. The admission is for candidates who already possess the required National Diploma qualification and post-ND work experience. Applicants are required to possess an ND certificate in the relevant field and a certificate showing one year of post-ND work experience. The application is online and costs ₦5,",,,REJECTED,"optionA, optionB, optionC, answer"
https://myschoolgist.com/news/kano-poly-admission-form/,Unknown,"Prepare for JAMB, WAEC, NECO, BECE, NCEE and Post UTME Practise CBT Exams on Mobile or PC Prepare for Post UTME, WAEC, NECO, JAMB UTME, Junior WAEC (BECE) and Common Entrance (NCEE) with the MySchoolGist CBT App and Software. Use it on Android, iPhone or Windows to practise past questions anytime. Android App iPhone App Windows 10+ Windows 7 & 8 Need help choosing the right version? Chat with us on WhatsApp . KANOPOLY HND Admission Requirements Candidates seeking admission into the full-time Higher National Diploma programmes must meet the requirements stated in the admission notice. Applicants must have: An ND certificate in the relevant fiel",,,,"School of Management Studies The available programmes under the School of Management Studies are: HND Accountancy HND Banking & Finance HND Business Administration & Management HND Cooperative Economics & Management HND Marketing HND Public Administration HND Procurement, Supply & Chain Management HND Office Technology & Management These programmes cover the management-related options listed in the admission notice. School of Rural Technology and Entrepreneurship Development, Rano The School of Rural Technology and Entrepreneurship Development, Rano has the following HND programmes: HND Business Administration HND Local Government Studies HND Social Development HND Community Development & Adult Education School of Environmental Studies The School of Environmental Studies has the following HND programmes: HND Architectural Technology HND Building Technology HND Quantity Surveying The programme list supplied for this school contains these three options. KANOPOLY HND Application Fee The application fee for the KANOPOLY full-time HND admission is ₦5,000 only . Candidates will complete the application online through the designated KANOPOLY application portal. How to Apply for KANOPOLY HND Admission Eligible candidates can complete the application through the KANOPOLY application portal . Before applying, candidates should confirm that they possess an ND certificate in the relevant field and the required one year of post-ND work experience certificate. The stated application fee is ₦5,",,,REJECTED,"optionA, optionB, optionC, answer"
https://myschoolgist.com/news/kano-poly-admission-form/,Unknown,Frequently Asked Questions Is the KANOPOLY HND admission form for 2026/2027 available? Yes. Kano State Polytechnic has opened admission into its full-time HND programmes for the 2026/2027 academic session. Is the KANOPOLY HND admission full-time? Yes. The admission notice is for full-time Higher National Diploma programmes. What qualification is required for KANOPOLY HND admission? Candidates must possess an ND certificate in the relevant fiel,,Enjoy Low Fees! Call 08033006849 Now! Search MySchoolGist ... Search Tagge,,"Kano State Polytechnic Share This Post: If this post helped you, share it with others! Use the buttons below to spread the word! WhatsApp X (Twitter) Facebook Suggested Articles Kano State Polytechnic (KANOPOLY) Part-Time Programmes Admission Form for 2026/2027 Academic Session Kano State Polytechnic (KANOPOLY) Post UTME Form for 2026/2027 ND Admission Kano State Polytechnic Remedial and Pre-ND Admission List 2025/2026 Is Out Kano State Polytechnic PGD Programmes",,,REJECTED,"optionA, optionC, answer"
https://myschoolgist.com/news/kano-poly-admission-form/,Unknown,,,,,,,,REJECTED,"question, optionA, optionB, optionC, optionD, answer"
https://myschoolgist.com/section/polytechnics/,Unknown,"Certificate, Professional Diploma and Advanced Diploma Programmes August 2nd, 2026 Ogun State Institute of Technology (OGITECH) 2026/2027 Newly Approved ND & HND Programmes Admission Form July 26th, 2026 Gboko Polytechnic Admission Form for 2026/2027 ND/HND Programmes Admission July 22nd, 2026 Isa Mustapha Agwai I Polytechnic (IMAP) Part-Time Admission Form for 2026/2027 Academic Session | ND & HND July 21st, 2026 Federal Polytechnic, Wannune HND Admission Form for 2026/2027 Academic Session July 19th, 2026 NBTE Approves College of Education and Legal Studies, Nguru, to Award National Diplomas (N","PGD Admission Form for 2026/2027 Academic Session June 15th, 2026 Lens Polytechnic HND Programmes Approved by NBTE for Admission June 15th, 2026 Federal Polytechnic Ado-Ekiti (FEDPOLYADO) HND Admission Form for 2026/2027 Academic Session June 15th, 2026 Isa Mustapha Agwai I Polytechnic (IMAP) Pre-ND Admission Form for 2026/2027 Academic Session June 15th, 2026 Isa Mustapha Agwai I Polytechnic (IMAP) HND Admission Form for 2026/2027 Academic Session June 15th, 2026 Federal Co-operative College (FC",,"Ibadan ND Part-Time Admission Form for 2025/2026 Academic Session June 11th, 2026 Delta State Maritime Polytechnic (DESMAPOLY) HND Admission Form for 2026/2027 Academic Session June 11th, 2026 Delta State Maritime Polytechnic (DESMAPOLY) Post UTME Form for 2026/2027 ND Admission June 11th, 2026 Plateau State Polytechnic (PLAPOLY) Admission Forms for 2026/2027 ND/HND Programmes June 6th, 2026 Federal Polytechnic, Ugep Certificate Programmes Admission Form for 2026/2027 Academic Session June 6th, 2026 Federal Polytechnic, Bida Resumption Date for Commencment of 2nd Semester 2025/2026 Academic Session Load More Posts Search the MySchoolGist site Search Scholarships & Opportunities KPMG Seyi Bickersteth Scholarship Programme","COHST) Admission Form for 2026/2027 Academic Session July 11th, 2026 Nasarawa State College of Health Science and Technology (NASCOHST) HND Admission Form for 2026/2027 Academic Session July 8th, 2026 Broadcast Arts Institute (BAI) Short Courses Admission Form for 2026/2027 Academic Session July 8th, 2026 Federal Polytechnic Daura Medical Laboratory Technology Programme Gets NBTE Approval July 7th, 2026 Citi Polytechnic HND Admission Form for 2026/2027 Academic Session July 4th, 2026 Dorben Polytechnic, Abuja Open, Distance and Flexible e-Learning (ODFeL) Admission Form for 2026/2027 Academic Session July 4th, 2026 Dorben Polytechnic Admission Form for 2026/2027 Academic Session July 1st, 2026 University of Maiduguri Teaching Hospital (UMTH) College of Health Information Management HND Admission Form for 2026/2027 Academic Session June 30th, 2026 Ahmadu Bello University (ABU) DAC Admission Form for 2026/2027 Academic Session June 29th, 2026 Akwa Ibom State Polytechnic (AKWAIBOMPOLY) HND Admission Form for 2026/2027 Academic Session June 29th, 2026 Adamawa State College of Technology, Innovation and Entrepreneurship Studies (ADCOTIES), Gulak Skills Based Certificate Programmes Admission Form 2025/2026 June 29th, 2026 Adamawa State College of Technology, Innovation and Entrepreneurship Studies (ADCOTIES), Gulak Pre-ND Programmes Admission Form 2025/2026 June 27th, 2026 National Institute of Construction Technology and Management (NICTM) ND Part-Time Admission Form for 2026/2027 Academic Session June 27th, 2026 National Institute of Construction Technology and Management (NICTM) HND Admission Form for 2026/2027 Academic Session June 26th, 2026 Auchi Polytechnic CBT Screening for 2026/2027 Academic Session HND Admission June 25th, 2026 Federal Polytechnic of Oil and Gas (FPOG) Bonny Resumption Date for 2nd Semester 2025/2026 Academic Session June 25th, 2026 Federal Polytechnic of Oil and Gas (FPOG) Eleme Study Centre Admission Form for 2026/2027 Academic Session June 25th, 2026 Federal Polytechnic of Oil and Gas (FPOG), Bonny HND Admission Form for 2026/2027 Academic Session June 23rd, 2026 Ekiti State College of Technology (EKSCOTECH) Accredited Programmes: 15 New NBTE-Approved ND and HND Courses June 20th, 2026 Federal Polytechnic Offa HND Admission Form for 2026/2027 Academic Session June 20th, 2026 Federal Polytechnic Offa ND Part-Time Admission Form for 2026/2027 Academic Session June 18th, 2026 Nigerian Navy College of Accounts and Finance (NNCAF) HND Admission Form for 2026/2027 Academic Session June 17th, 2026 College of Agriculture, Science and Technology, Lafia (COASTLAFI",,,REJECTED,"optionB, answer"
https://myschoolgist.com/section/polytechnics/,Unknown,,,,,,,,REJECTED,"question, optionA, optionB, optionC, optionD, answer"
https://myschoolgist.com/section/polytechnics/,Unknown,,,,,,,,REJECTED,"question, optionA, optionB, optionC, optionD, answer"
https://myschoolgist.com/section/polytechnics/,Unknown,,,,,,,,REJECTED,"question, optionA, optionB, optionC, optionD, answer"
https://myschoolgist.com/section/polytechnics/,Unknown,,,,,,,,REJECTED,"question, optionA, optionB, optionC, optionD, answer"
https://myschoolgist.com/news/jigpoly-hnd-admission-form/,Unknown,,,,,,,,REJECTED,"question, optionA, optionB, optionC, optionD, answer"
https://myschoolgist.com/news/jigpoly-hnd-admission-form/,Unknown,"Courses, Morning and Afternoon Programmes By Olusegun Fapohunda August 12, 2026 Time to Rea",,Enjoy Low Fees! Call 08033006849 Now! Search MySchoolGist ... Search Tagge,,"Jigawa State Polytechnic Share This Post: If this post helped you, share it with others! Use the buttons below to spread the word! WhatsApp X (Twitter) Facebook Suggested Articles Jigawa State Polytechnic (JIGPOLY) Post UTME Form for 2026/2027 ND Full-Time Admission Jigawa State Polytechnic (JIGPOLY) School Fees Schedule for 2025/2026 (Morning Programmes) Jigawa State Polytechnic (JIGPOLY) Registration Guidelines for Newly Admitted Students (Morning Programmes), 2025/2026 Session Federal Polytechnic, Ukana HND Admission Form for 2026/2027 Academic Session Waziri Umaru Federal Polytechnic, Birnin Kebbi (WUFPBK) HND Admission Form for 2026/2027 Academic Session Federal Polytechnic Mubi (FPM) HND Admission Form for 2026/2027 Academic Session Gboko Polytechnic Admission Form for 2026/2027 ND/HND Programmes Admission Federal Polytechnic, Wannune HND Admission Form for 2026/2027 Academic Session Meet The Author Olusegun Fapohunda is the founder and editor of MySchoolGist, with over a decade of experience in education publishing. He covers education updates, admission notices, examination news, scholarships, career opportunities and related public information. Connect with him on X (formerly Twitter) .",,,REJECTED,"optionA, optionC, answer"
https://myschoolgist.com/news/nbte-approves-new-courses-ekscotech-188254/,Unknown,"Which ND programmes have been accredited? The National Diploma programmes approved for EKSCOTECH are listed below. ND Dispensing Opticianry ND Medical Store Management Technology ND Biomedical Engineering Technology ND Family Health Care ND Computer Engineering ND Electrical/Electronics Engineering Technology ND Science Laboratory Technology ND Business Administration and Management ND Accountancy These ND programmes give prospective students more course options at the Polytechnic level, especially in health-related studies, engineering technology, science and management. Which HND programmes have been accredited? The Higher National Diploma programmes approved for EKSCOTECH are listed below. HND Community Health HND Cyber Security and Data Protection HND Dental Therapy HND Dental Surgery Technology HND Artificial Intelligence HND Software and Web Development The HND list is relevant to candidates who seek advanced Polytechnic training after the required National Diploma route, subject to the normal admission conditions that will be stated by the Polytechni",,,"When was the NBTE accreditation visit held? The approval followed an accreditation visitation exercise conducted by the NBTE accredited team at Ekiti State College of Technology, Ijero-Ekiti, from 20 May to 23 May",,,,REJECTED,"optionA, optionB, optionD, answer"
https://myschoolgist.com/news/nbte-approves-new-courses-ekscotech-188254/,Unknown,,,,,,,,REJECTED,"question, optionA, optionB, optionC, optionD, answer"
https://myschoolgist.com/news/nbte-approves-new-courses-ekscotech-188254/,Unknown,"What does the approval mean for prospective students? The approval means EKSCOTECH is now placed to admit and enrol students into the newly accredited ND and HND programmes. Prospective students who are interested in any of the newly approved courses should note the exact programme title, because ND and HND courses are separate awards and may have different entry routes during admission. How does the approval relate to EKSCOTECH's Polytechnic status? The new accreditation follows the recent official recognition granted by NBTE to the new status of Ekiti State College of Technology, Ijero-Ekiti, as a full-fledged Polytechni",,Enjoy Low Fees! Call 08033006849 Now! Search MySchoolGist ... Search Tagge,"That recognition followed legal backing from the Ekiti State Government and the College's fulfilment of the stated guidelines and procedures required for upgrading Technical and Vocational Education and Training, TVET, schools to Polytechnic status. Why is the NBTE approval relevant? NBTE accreditation is relevant because it is the official basis stated for the 15 new academic programmes and the approval gives the Polytechnic room to admit and enrol students into those courses. The new programmes also widen academic access for prospective students from different educational backgrounds; this is especially relevant to applicants seeking ND and HND study options at EKSCOTECH, Ijero-Ekiti. What should applicants confirm before choosing a programme? Prospective students should first confirm whether the preferred course is an ND or HND programme, because the award level affects the expected admission route. The approved course list should be checked carefully before any admission step is taken. Key points to note are: EKSCOTECH has 15 newly accredited programmes The approval is from NBTE The approval letter is dated 18 June 2026 The accreditation visit took place from 20 to 23 May 2026 The new programmes cover ND and HND levels The Polytechnic is now placed to admit and enrol students into the approved courses Which authority granted the accreditation? The National Board for Technical Education granted the accreditation. The approval was issued through a letter signed by Mr Ayo Aroge, Director of Polytechnic and Allied Programmes and addressed to the Polytechnic after the accreditation visitation exercise. What is the full list of EKSCOTECH newly accredited programmes? The full list contains 15 programmes. At National Diploma level, the approved programmes are Dispensing Opticianry, Medical Store Management Technology, Biomedical Engineering Technology, Family Health Care, Computer Engineering, Electrical/Electronics Engineering Technology, Science Laboratory Technology, Business Administration and Management and Accountancy. At Higher National Diploma level, the approved programmes are Community Health, Cyber Security and Data Protection, Dental Therapy, Dental Surgery Technology, Artificial Intelligence and Software and Web Development. Alternative admission via JUPEB/IJMB programmes (SPONSORE","Ekiti State College of Technology (EKSCOTECH) Ijero-Ekiti , National Board for Technical Education (NBTE) Share This Post: If this post helped you, share it with others! Use the buttons below to spread the word! WhatsApp X (Twitter) Facebook Suggested Articles Ekiti State College of Technology (EKSCOTECH) Admission Form for 2026/2027 Academic Session | ND /HND Lens Polytechnic HND Programmes Approved by NBTE for Admission Katsina State Institute of Technology and Management (KSITM) gets NBTE approval as a Vocational Enterprise Institute under TVET President Tinubu Renews Idris Bugaje's Appointment as NBTE Executive Secretary Federal Polytechnic, Ukana HND Admission Form for 2026/2027 Academic Session Kano State Polytechnic (KANOPOLY) Part-Time Programmes Admission Form for 2026/2027 Academic Session Kano State Polytechnic (KANOPOLY) HND Admission Form for 2026/2027 Academic Session Jigawa State Polytechnic (JIGPOLY) HND Programmes Admission Form for 2026/2027 Academic Session",,,REJECTED,"optionA, answer"
https://myschoolgist.com/news/kano-poly-part-time-admission/,Unknown,,,,,,,,REJECTED,"question, optionA, optionB, optionC, optionD, answer"
https://myschoolgist.com/news/kano-poly-part-time-admission/,Unknown,"Courses, Requirements and How to Apply By Olusegun Fapohunda August 12, 2026 Time to Rea",,,,"5 min • 950 words KANOPOLY part-time admission for 2026/2027 covers ND, HND and Advanced Diploma programmes with an online application fee of ₦10,000 KANOPOLY Part-Time Admission Form at a Glance KANOPOLY part-time admission has opened for 2026/2027, with ND, HND and Advanced Diploma programmes available. ND applicants need five credits in relevant subjects. HND applicants need an ND certificate in the relevant course. Advanced Diploma applicants need an ND/OND certificate. The online application fee is ₦10,",,,REJECTED,"optionA, optionB, optionC, answer"
https://myschoolgist.com/news/kano-poly-part-time-admission/,Unknown,"Read on for the full course list, entry requirements and application details. Kano State Polytechnic has opened admission into its part-time programmes for the 2026/2027 academic session. The available study levels are National Diploma, Higher National Diploma and Advanced Diploma, with programmes covering Science, Technology, Engineering, Social and Management Sciences. Entry requirements differ by programme level. ND candidates must possess five credits in relevant subjects, HND candidates must possess an ND certificate in the relevant course, while Advanced Diploma candidates must possess an ND/OND certificate. The application is online and costs ₦10,000 only . Prepare for JAMB, WAEC, NECO, BECE, NCEE and Post UTME Practise CBT Exams on Mobile or PC Prepare for Post UTME, WAEC, NECO, JAMB UTME, Junior WAEC (BECE) and Common Entrance (NCEE) with the MySchoolGist CBT App and Software. Use it on Android, iPhone or Windows to practise past questions anytime. Android App iPhone App Windows 10+ Windows 7 & 8 Need help choosing the right version? Chat with us on WhatsApp . KANOPOLY Part-Time Admission Requirements Applicants are expected to meet the entry requirement for the level they intend to study. ND Part-Time Requirements Candidates seeking admission into National Diploma programmes on a part-time basis must possess five credits in relevant subjects . The supplied admission notice does not give further details about the required subjects or examination combinations. HND Part-Time Requirements Candidates seeking admission into Higher National Diploma programmes must possess an ND certificate in the relevant course . Advanced Diploma Requirements Candidates seeking admission into Advanced Diploma programmes must possess an ND/OND certificate . These requirements are the conditions stated in the supplied admission notice. KANOPOLY Part-Time Courses for 2026/2027 KANOPOLY has listed Advanced Diploma, HND and ND programmes for the 2026/2027 part-time admission exercise. Applicants can identify the programme that matches their qualification before completing the online application. Advanced Diploma Programmes The following Advanced Diploma programmes are available: Advanced Diploma Administration & Management (O.T.M. Option) Advanced Diploma Administration & Management Advanced Diploma Accounting and Finance Advanced Diploma Art & Industrial Design Advanced Diploma Computer Science Advanced Diploma Electrical Engineering Technology Advanced Diploma Mechanical Engineering Technology Advanced Diploma Pharmaceutical Technology Advanced Diploma Science Laboratory Technology Candidates applying for any of the listed Advanced Diploma programmes are required to possess an ND/OND certificate. HND Part-Time Programmes KANOPOLY has listed the following Higher National Diploma programmes for part-time admission: HND Accountancy HND Banking & Finance HND Business Administration & Management HND Civil Engineering Technology HND Cooperative Economics & Management HND Electrical Electronics Engineering (Power) HND Electrical Electronics Engineering (Telecoms/Electronics) HND Marketing HND Mechanical Engineering Technology (Plant/Power) HND Networking & Cloud Computing HND Office Technology & Management HND Pharmaceutical Technology HND Printing Technology HND Procurement & Supply Chain Management HND Public Administration HND Science La",,"Technology (Physics/Electronics) HND Software and Web Development HND Statistics Applicants seeking admission into any HND programme must possess an ND certificate in the relevant course. ND Part-Time Programmes The following National Diploma programmes are available on a part-time basis: ND Accountancy ND Banking & Finance ND Business Administration & Management ND Civil Engineering Technology ND Computer Engineering Technology ND Computer Science ND Cooperative Economics & Management ND Electrical/Electronics Engineering Technology ND Hospitality Management ND Library & Information Science ND Marketing ND Mass Communication ND Mechanical Engineering Technology ND Office Technology & Management ND Pharmaceutical Technology ND Printing Technology ND Procurement & Supply Chain Management ND Public Administration ND Science Laboratory Technology ND Statistics Candidates applying for an ND programme must possess five credits in relevant subjects. KANOPOLY Part-Time Application Fee The application fee for the 2026/2027 KANOPOLY part-time admission is ₦10,000 only . The application will be completed online. How to Apply for KANOPOLY Part-Time Admission Applicants can begin the admission process through the Kano State Polytechnic official website or access the KANOPOLY part-time application portal . The stated application fee is ₦10,",,,,,REJECTED,"optionA, optionC, optionD, answer"
https://myschoolgist.com/news/kano-poly-part-time-admission/,Unknown,"Before submitting an application, each candidate should confirm that the qualification held matches the selected level: ND applicants will need five credits in relevant subjects. HND applicants will need an ND certificate in the relevant course. Advanced Diploma applicants will need an ND/OND certificate. The application itself is online. KANOPOLY Part-Time Admission Closing Date The supplied admission notice does not state a closing date for the 2026/2027 part-time application. Applicants can use the supplied KANOPOLY website and part-time application portal for the admission process. Frequently Asked Questions Is the KANOPOLY part-time form for 2026/2027 available? Yes. Kano State Polytechnic has opened admission into its part-time programmes for the 2026/2027 academic session. Which programme levels are available for KANOPOLY part-time admission? The listed levels are National Diploma, Higher National Diploma and Advanced Diplom","How much is the KANOPOLY part-time form? The online application costs ₦10,000 only. What are the requirements for KANOPOLY ND part-time admission? ND candidates must possess five credits in relevant subjects. What are the requirements for KANOPOLY HND part-time admission? HND applicants must possess an ND certificate in the relevant course. What are the requirements for KANOPOLY Advanced Diploma admission? Advanced Diploma applicants must possess an ND/OND certificate. Does KANOPOLY offer part-time Computer Science? Yes. ND Computer Science is available, while Advanced Diploma Computer Science is also included in the listed programmes. Is HND Software and Web Development available on a part-time basis? Yes. HND Software and Web Development is among the listed part-time programmes. Is HND Networking and Cloud Computing available? Yes. HND Networking & Cloud Computing is included in the HND programme list. Is part-time Mass Communication available at KANOPOLY? Yes. ND Mass Communication is listed among the available National Diploma programmes. Is part-time Public Administration available? Yes. ND Public Administration and HND Public Administration are liste",Enjoy Low Fees! Call 08033006849 Now! Search MySchoolGist ... Search Tagge,,"Kano State Polytechnic Share This Post: If this post helped you, share it with others! Use the buttons below to spread the word! WhatsApp X (Twitter) Facebook Suggested Articles Kano State Polytechnic (KANOPOLY) HND Admission Form for 2026/2027 Academic Session Kano State Polytechnic (KANOPOLY) Post UTME Form for 2026/2027 ND Admission Kano State Polytechnic Remedial and Pre-ND Admission List 2025/2026 Is Out Kano State Polytechnic PGD Programmes",,,REJECTED,"optionC, answer"
https://myschoolgist.com/news/kano-poly-part-time-admission/,Unknown,,,,,,,,REJECTED,"question, optionA, optionB, optionC, optionD, answer"
https://myschoolgist.com/waec/wassce-delay-187490/,Mathematics,"The Council stated that the delay was caused by a combination of logistical and operational challenges, including a fatal motor accident involving WAEC personnel, regional security issues, late registration of candidates and final decisions on the mode of examination conduct. Prepare for JAMB, WAEC, NECO, BECE, NCEE and Post UTME Practise CBT Exams on Mobile or PC Prepare for Post UTME, WAEC, NECO, JAMB UTME, Junior WAEC (BECE) and Common Entrance (NCEE) with the MySchoolGist CBT App and Software. Use it on Android, iPhone or Windows to practise past questions anytime. Android App iPhone App Windows 10+ Windows 7 & 8 Need help choosing the right version? Chat with us on WhatsApp . What Happened During The 2026 WASSCE In Some Centres? WAEC received reports that the conduct of the Mathematics and Agricultural Science papers was delayed in some centres and the Council stated that preliminary investigations began at once to find the cause and prevent a repeat during the remaining period of the examination. The affected papers were still conducte",,,,"Who Issued The Notice? The notice was issued by the Public Affairs Department of WAEC, Yaba, Lagos, on Monday, June 8,",,,REJECTED,"optionA, optionB, optionC, answer"
https://myschoolgist.com/waec/wassce-delay-187490/,Mathematics,It was signed by Moyosola F. Adesin,"anipr, Head, Public Affairs, for the Head of National Office. What Is WAEC's Position On The 2026 WASSCE Delay? WAEC stated that it remains committed to maintaining academic credibility and administrative integrity. The Council also expressed appreciation to its stakeholders for their support during the conduct of the examination. Alternative admission via JUPEB/IJMB programmes (SPONSORE",Enjoy Low Fees! Call 08033006849 Now! Search MySchoolGist ... Search Tagge,"WASSCE 2026 Result Checker PIN: How School Candidates Can Get It WAEC Result: Meaning of Held or Witheld or Outstanding and Other Terms Meet The Author Olusegun Fapohunda is the founder and editor of MySchoolGist, with over a decade of experience in education publishing. He covers education updates, admission notices, examination news, scholarships, career opportunities and related public information. Connect with him on X (formerly Twitter) .","West African Examinations Council : WAEC Nigeria Share This Post: If this post helped you, share it with others! Use the buttons below to spread the word! WhatsApp X (Twitter) Facebook Suggested Articles West African Examinations Council (WAE",,,REJECTED,answer
https://myschoolgist.com/news/the-bridge-scholarship/,Unknown,"scholarship award The scholarship is intended for students with strong potential who face serious financial barriers, with support described as continuing through graduation and beyond. Applications will close on 12 September 2026 .",,,,,,,REJECTED,"optionA, optionB, optionC, optionD, answer"
https://myschoolgist.com/news/the-bridge-scholarship/,Unknown,"September 2026 Prepare for JAMB, WAEC, NECO, BECE, NCEE and Post UTME Practise CBT Exams on Mobile or PC Prepare for Post UTME, WAEC, NECO, JAMB UTME, Junior WAEC (BECE) and Common Entrance (NCEE) with the MySchoolGist CBT App and Software. Use it on Android, iPhone or Windows to practise past questions anytime. Android App iPhone App Windows 10+ Windows 7 & 8 Need help choosing the right version? Chat with us on WhatsApp . Prepare for JAMB, WAEC, NECO, BECE, NCEE and Post UTME Practise CBT Exams on Mobile or PC Prepare for Post UTME, WAEC, NECO, JAMB UTME, Junior WAEC (BECE) and Common Entrance (NCEE) with the MySchoolGist CBT App and Software. Use it on Android, iPhone or Windows to practise past questions anytime. Post UTME, WAEC, NECO, JAMB UTME, Junior WAEC (BECE) Common Entrance (NCEE) Android App iPhone App Windows 10+ Windows 7 & 8 Need help choosing the right version? Chat with us on WhatsApp . Table of contents Who Can Apply for the Bridge Scholarship Award 2026? Are Final-Year Students Eligible? What Is the Minimum CGPA for the Bridge Scholarship? What Documents Are Required? Does the Scholarship Cover All Study Costs? How to Apply for the Bridge Scholarship Award 2026 What Is the Bridge Scholarship Application Deadline? Who Can Apply for the Bridge Scholarship Award 2026? Applicants must be fully enrolled in a public university in Nigeria and must currently be studying from Year 1 up to the penultimate year of their degree programme. public university in Nigeria Candidates are also expected to show critical financial need and a strong commitment to completing a Bachelor's degree. The academic requirement is a minimum CGPA of: 3.0 on a 4.0 scale or 3.0 on a 4.0 scale 3.5 on a 5.0 scale Applicants are also expected to show integrity and perseverance when dealing with personal or academic challenges, while taking part in co-curricular and community service activities. Are Final-Year Students Eligible? The stated eligibility covers students from Year 1 to the penultimate year of their degree programme. Year 1 to the penultimate year The supplied scholarship notice does not include students already in their final year among the stated eligible levels. What Is the Minimum CGPA for the Bridge Scholarship? Applicants must maintain at least 3.0/4.0 or 3.5/5.0 . 3.0/4.0 or 3.5/5.0 This academic condition applies alongside the other eligibility requirements, including financial need, commitment to completing a Bachelor's degree and participation in co-curricular or community service activities. What Documents Are Required? Applicants are expected to submit a complete application package containing: Curriculum Vitae (CV) Motivation Letter WAEC / NECO and JAMB Results Admission Letter Academic Record for returning students Three Recommendation Letters Valid Photo Identification, such as NIN or Voter's Card The Foundation has stated that incomplete applications will not be processed . incomplete applications will not be processed Candidates should confirm that every required document has been uploaded correctly before the application is submitted. Does the Scholarship Cover All Study Costs? The scholarship announcement describes the award as fully funded and states that successful students will receive support through graduation and beyond. fully funded The supplied notice does not give a breakdown of the specific expenses covered or the exact monetary value of the award. How to Apply for the Bridge Scholarship Award 2026 The application process is fully online. Eligible candidates are expected to: Visit the Bridge Scholarship 2026 application form . Complete the online form with accurate and current information. Upload all required supporting documents. Submit the completed application before the closing date. Applicants can also read more through the Bridge Scholarship Foundation website . What Is the Bridge Scholarship Application Deadline? The application deadline is 12 September 2026 .",,,,,,,REJECTED,"optionA, optionB, optionC, optionD, answer"
https://myschoolgist.com/news/the-bridge-scholarship/,Unknown,"September 2026 Candidates who intend to apply should complete the form and upload all required documents before this date, since incomplete submissions will not be processed. Alternative admission via JUPEB/IJMB programmes (SPONSORED) Enter 200-Level Directly! Gain University Admission via JUPEB/IJMB . Enjoy Low Fees! Call 08033006849 Now! Alternative admission via JUPEB/IJMB programmes (SPONSORED) Enter 200-Level Directly! Gain University Admission via JUPEB/IJMB . Enjoy Low Fees! Call 08033006849 Now! Search MySchoolGist ... Search Share This Post: If this post helped you, share it with others! Use the buttons below to spread the word! Share This Post: WhatsApp X (Twitter) Facebook WhatsApp X (Twitter) Facebook Suggested Articles KPMG Seyi Bickersteth Scholarship Programme 2026: Eligibility, Benefits and How to Apply Startup Abuja Scholarship Programme 2026: Benefits, Requirements and How to Apply LONG Young Achievers Scholarship 2026: Up to N240,000 Per Year for Secondary Students Melajoom Foundation Scholarship 2026 for Owo Indigenes: Eligibility and How to Apply Notice of Aptitude Test for 8th Edition of Monday Onyeme Foundation Scholarship MTN Foundation/Muson Music Scholarship Programme 2026/2027 for Aspiring Musicians Abosede Omoyeni Foundation (AOF) ATSWA Scholarship 2026: Gain Full Funding and Career Support The Adedeji Scholarship Program 2026: Gain Full Tuition, Accommodation and Fellowship Support Suggested Articles Articles KPMG Seyi Bickersteth Scholarship Programme 2026: Eligibility, Benefits and How to Apply Startup Abuja Scholarship Programme 2026: Benefits, Requirements and How to Apply LONG Young Achievers Scholarship 2026: Up to N240,000 Per Year for Secondary Students Melajoom Foundation Scholarship 2026 for Owo Indigenes: Eligibility and How to Apply Notice of Aptitude Test for 8th Edition of Monday Onyeme Foundation Scholarship MTN Foundation/Muson Music Scholarship Programme 2026/2027 for Aspiring Musicians Abosede Omoyeni Foundation (AOF) ATSWA Scholarship 2026: Gain Full Funding and Career Support The Adedeji Scholarship Program 2026: Gain Full Tuition, Accommodation and Fellowship Support Previous story Melajoom Foundation Scholarship 2026 for Owo Indigenes: Eligibility and How to Apply Next story LONG Young Achievers Scholarship 2026: Up to N240,000 Per Year for Secondary Students Previous story Melajoom Foundation Scholarship 2026 for Owo Indigenes: Eligibility and How to Apply Next story LONG Young Achievers Scholarship 2026: Up to N240,000 Per Year for Secondary Students Meet The Author Olusegun Fapohunda is the founder and editor of MySchoolGist, with over a decade of experience in education publishing. He covers education updates, admission notices, examination news, scholarships, career opportunities and related public information. Connect with him on X (formerly Twitter) . Meet The Author Olusegun Fapohunda is the founder and editor of MySchoolGist, with over a decade of experience in education publishing. He covers education updates, admission notices, examination news, scholarships, career opportunities and related public information. Connect with him on X (formerly Twitter) . Home About Disclaimer Privacy Policy Quick Links Education Resources WAEC Past Questions NABTEB Past Questions JAMB Past Questions Post UTME Past Questions Universities Polytechnics Monotechnics Colleges of Education Top Universities Illegal Universities Courses JAMB WAEC NECO Jobs in Nigeria MySchoolGist Web Services is a registered publisher and marketing solutions provider in Nigeria. It publishes Myschoolgist.com, a leading digital publication that covers the latest educational trends, career opportunities and current news. Copyright © 2012 - 2026 MySchoolGist Home About Disclaimer Privacy Policy Quick Links Education Resources WAEC Past Questions NABTEB Past Questions JAMB Past Questions Post UTME Past Questions Universities Polytechnics Monotechnics Colleges of Education Top Universities Illegal Universities Courses JAMB WAEC NECO Jobs in Nigeria Quick Links Education Resources WAEC Past Questions NABTEB Past Questions JAMB Past Questions Post UTME Past Questions Universities Polytechnics Monotechnics Colleges of Education Top Universities Illegal Universities Courses JAMB WAEC NECO Jobs in Nigeria MySchoolGist Web Services is a registered publisher and marketing solutions provider in Nigeria. It publishes Myschoolgist.com, a leading digital publication that covers the latest educational trends, career opportunities and current news. Copyright © 2012 - 2026 MySchoolGist",,,,,,,REJECTED,"optionA, optionB, optionC, optionD, answer"
https://myschoolgist.com/ng/waec-gce/,Unknown,by 314 pixels,,,,,,,REJECTED,"optionA, optionB, optionC, optionD, answer"
https://myschoolgist.com/ng/waec-gce/,Unknown,"dpi resolution A contrasting background Candidates must not use obstructive items in passport photographs. A defaced or poor-quality photograph will invalidate the candidate's entry. What General Rules Should Candidates Follow? Candidates should read the registration rules before completing entry and before going to the examination hall. The following points apply: Registration fee is not refundable Candidates should keep checking the website for the examination timetable Candidates should visit the WAEC Nigeria website for further details Candidates should study the Regulations and Syllabuses after downloading them from the WAEC website with the Registration PIN Candidates must go to the examination hall in mufti and without arms Professional uniform of any kind will not be allowed inside the examination hall WAEC will cancel the entire result of any candidate who sits for the examination in more than one centre Smoking is not allowed inside the examination hall Any candidate who enters the hall with mobile phones or other electronic gadgets will have all results cancelled Candidates involved in examination malpractice will lose their results and may face prosecution Candidates should provide valid email addresses and telephone numbers during registration What Is The Best Way To Avoid Registration Errors? Candidates should complete the form with care, check each field before upload and print the Admission Notice after successful registration. The safest approach is simple: pay through an approved channel, complete biometric capturing, confirm all personal details and keep the original Admission Notice for the examination. Alternative admission via JUPEB/IJMB programmes (SPONSORED) Enter 200-Level Directly! Gain University Admission via JUPEB/IJMB . Enjoy Low Fees! Call 08033006849 Now! Alternative admission via JUPEB/IJMB programmes (SPONSORED) Enter 200-Level Directly! Gain University Admission via JUPEB/IJMB . Enjoy Low Fees! Call 08033006849 Now! Search MySchoolGist ... Search Share This Post: If this post helped you, share it with others! Use the buttons below to spread the word! Share This Post: WhatsApp X (Twitter) Facebook WhatsApp X (Twitter) Facebook Suggested Articles WAEC GCE Registration Closing Date/Deadline 2026 West African Examinations Council (WAEC) WASSCE 2026 Result Checker PIN: How School Candidates Can Get It West African Examinations Council (WAEC) Results: 2026 WASSCE for School Candidates (May/June Exam) Failed 2026 WAEC May/June Exam? Urgent Solution West African Examinations Council (WAEC) Digital Certificate Platform WAEC Result: Meaning of Held or Witheld or Outstanding and Other Terms Wish to Upgrade Your 2026 WAEC Result? Read This West African Examinations Council (WAEC) Results Statistics 2026: Pass Rates, Withheld Results and Candidate Figures Suggested Articles Articles WAEC GCE Registration Closing Date/Deadline 2026 West African Examinations Council (WAEC) WASSCE 2026 Result Checker PIN: How School Candidates Can Get It West African Examinations Council (WAEC) Results: 2026 WASSCE for School Candidates (May/June Exam) Failed 2026 WAEC May/June Exam? Urgent Solution West African Examinations Council (WAEC) Digital Certificate Platform WAEC Result: Meaning of Held or Witheld or Outstanding and Other Terms Wish to Upgrade Your 2026 WAEC Result? Read This West African Examinations Council (WAEC) Results Statistics 2026: Pass Rates, Withheld Results and Candidate Figures Previous story Has Your School Admission List Been Released? Find Out Next story College of Health Technology, Lafia Admission List for 2026/2027 Academic Session | 1st & 2nd Batch Previous story Has Your School Admission List Been Released? Find Out Next story College of Health Technology, Lafia Admission List for 2026/2027 Academic Session | 1st & 2nd Batch Meet The Author Olusegun Fapohunda is the founder and editor of MySchoolGist, with over a decade of experience in education publishing. He covers education updates, admission notices, examination news, scholarships, career opportunities and related public information. Connect with him on X (formerly Twitter) . Meet The Author Olusegun Fapohunda is the founder and editor of MySchoolGist, with over a decade of experience in education publishing. He covers education updates, admission notices, examination news, scholarships, career opportunities and related public information. Connect with him on X (formerly Twitter) . Home About Disclaimer Privacy Policy Quick Links Education Resources WAEC Past Questions NABTEB Past Questions JAMB Past Questions Post UTME Past Questions Universities Polytechnics Monotechnics Colleges of Education Top Universities Illegal Universities Courses JAMB WAEC NECO Jobs in Nigeria MySchoolGist Web Services is a registered publisher and marketing solutions provider in Nigeria. It publishes Myschoolgist.com, a leading digital publication that covers the latest educational trends, career opportunities and current news. Copyright © 2012 - 2026 MySchoolGist Home About Disclaimer Privacy Policy Quick Links Education Resources WAEC Past Questions NABTEB Past Questions JAMB Past Questions Post UTME Past Questions Universities Polytechnics Monotechnics Colleges of Education Top Universities Illegal Universities Courses JAMB WAEC NECO Jobs in Nigeria Quick Links Education Resources WAEC Past Questions NABTEB Past Questions JAMB Past Questions Post UTME Past Questions Universities Polytechnics Monotechnics Colleges of Education Top Universities Illegal Universities Courses JAMB WAEC NECO Jobs in Nigeria MySchoolGist Web Services is a registered publisher and marketing solutions provider in Nigeria. It publishes Myschoolgist.com, a leading digital publication that covers the latest educational trends, career opportunities and current news. Copyright © 2012 - 2026 MySchoolGist",,,,,,,REJECTED,"optionA, optionB, optionC, optionD, answer"
https://myschoolgist.com/news/waec-denies-cancelling-2025-wassce-results/,Unknown,"So, students can breathe easy. Only Trust Official Channels WAEC reminded everyone that real updates only come from their verified social media pages or through recognised news outlets . If an announcement doesn't come from the Public Affairs Department of the Council, don't believe it. Final Word Ignore the fake news. WAEC didn't cancel the 2025 exams. Results are on the way. Check only trusted sources before you start to worry. Alternative admission via JUPEB/IJMB programmes (SPONSORE",,Enjoy Low Fees! Call 08033006849 Now! Search MySchoolGist ... Search Tagge,"WASSCE 2026 Result Checker PIN: How School Candidates Can Get It WAEC Result: Meaning of Held or Witheld or Outstanding and Other Terms Meet The Author Olusegun Fapohunda is the founder and editor of MySchoolGist, with over a decade of experience in education publishing. He covers education updates, admission notices, examination news, scholarships, career opportunities and related public information. Connect with him on X (formerly Twitter) .","West African Examinations Council : WAEC Nigeria Share This Post: If this post helped you, share it with others! Use the buttons below to spread the word! WhatsApp X (Twitter) Facebook Suggested Articles West African Examinations Council (WAE",,,REJECTED,"optionA, answer"
https://myschoolgist.com/news/seyi-bickersteth-scholarship/,Unknown,KPMG Seyi Bickersteth Scholarship Programme (SBSP) The award is for students currently in 100 level with provisional admission into a four-year undergraduate course at a Nigerian Federal University.,,,,,,,REJECTED,"optionA, optionB, optionC, optionD, answer"
https://myschoolgist.com/news/seyi-bickersteth-scholarship/,Unknown,"level Applicants must also meet the stated WASSCE, UTME and course requirements. The application deadline is 13 August 2026 .",,,,,,,REJECTED,"optionA, optionB, optionC, optionD, answer"
https://myschoolgist.com/news/seyi-bickersteth-scholarship/,Unknown,"August 2026 Prepare for JAMB, WAEC, NECO, BECE, NCEE and Post UTME Practise CBT Exams on Mobile or PC Prepare for Post UTME, WAEC, NECO, JAMB UTME, Junior WAEC (BECE) and Common Entrance (NCEE) with the MySchoolGist CBT App and Software. Use it on Android, iPhone or Windows to practise past questions anytime. Android App iPhone App Windows 10+ Windows 7 & 8 Need help choosing the right version? Chat with us on WhatsApp . Prepare for JAMB, WAEC, NECO, BECE, NCEE and Post UTME Practise CBT Exams on Mobile or PC Prepare for Post UTME, WAEC, NECO, JAMB UTME, Junior WAEC (BECE) and Common Entrance (NCEE) with the MySchoolGist CBT App and Software. Use it on Android, iPhone or Windows to practise past questions anytime. Post UTME, WAEC, NECO, JAMB UTME, Junior WAEC (BECE) Common Entrance (NCEE) Android App iPhone App Windows 10+ Windows 7 & 8 Need help choosing the right version? Chat with us on WhatsApp . Table of contents Who Can Apply for the Seyi Bickersteth Scholarship 2026? Which Courses Are Eligible? What Are the Seyi Bickersteth Scholarship Benefits? Mentorship and Professional Exposure Holiday Internships Post-Graduation Employment Opportunities Mentorship and Professional Exposure Holiday Internships Post-Graduation Employment Opportunities What Documents Should Applicants Prepare? Can Students Receiving Another Scholarship Apply? How to Apply for the Seyi Bickersteth Scholarship 2026 What Happens After the Application? What Is the Application Deadline? Who Can Apply for the Seyi Bickersteth Scholarship 2026? Applicants must have provisional admission into a Nigerian Federal University for a four-year undergraduate programme and must currently be in 100 level . Nigerian Federal University",,,,,,,REJECTED,"optionA, optionB, optionC, optionD, answer"
https://myschoolgist.com/news/seyi-bickersteth-scholarship/,Unknown,"level The academic requirement includes at least five distinctions in WASSCE , with English and Mathematics among the distinctions. five distinctions in WASSCE A minimum UTME score of 230 is also required. UTME score of 230 Which Courses Are Eligible? Applicants must be studying one of the listed courses or a closely related field. Eligible areas include: Accounting Business Administration Economics Actuarial Science Insurance Finance A closely related field The programme is therefore limited to students whose undergraduate course falls within the stated areas. What Are the Seyi Bickersteth Scholarship Benefits? The programme provides financial support as well as professional development opportunities for successful candidates. Mentorship and Professional Exposure Scholars will be paired with industry mentors who will support their professional development. This gives selected students access to guidance alongside their university studies. Holiday Internships Scholars will receive internship placements and industrial attachments at leading organisations during academic breaks. These placements are part of the support offered through the programme. Post-Graduation Employment Opportunities Graduates who finish with a First Class or Second Class Upper Division will be presented with employment opportunities at multinationals including KPMG, Leadway Assurance and Andersen Tax . First Class or Second Class Upper Division KPMG, Leadway Assurance and Andersen Tax What Documents Should Applicants Prepare? Candidates are encouraged to review the eligibility conditions and prepare the information required for the application. The stated documents and details include: UTME results WAEC results Personal details Applicants will also be required to submit the necessary attachments through the application portal. Can Students Receiving Another Scholarship Apply? No. Current beneficiaries of other scholarship schemes are not eligible to apply for the Seyi Bickersteth Scholarship Programme. not eligible Applicants already receiving another scholarship should therefore take this restriction into account before submitting an application. How to Apply for the Seyi Bickersteth Scholarship 2026 Eligible candidates can apply through the KPMG Seyi Bickersteth Scholarship application portal . Applicants are expected to complete the form fully and submit all required attachments through the portal. What Happens After the Application? Only shortlisted candidates will be contacted to proceed to the aptitude testing phase . aptitude testing phase Submission of an application does not mean that an applicant will automatically move to the test stage. What Is the Application Deadline? The deadline for the 2026 KPMG Seyi Bickersteth Scholarship Programme is 13 August 2026 .",,,,,,,REJECTED,"optionA, optionB, optionC, optionD, answer"
https://myschoolgist.com/news/seyi-bickersteth-scholarship/,Unknown,"August 2026 Eligible candidates must complete the application and submit the required attachments before the closing date. Alternative admission via JUPEB/IJMB programmes (SPONSORED) Enter 200-Level Directly! Gain University Admission via JUPEB/IJMB . Enjoy Low Fees! Call 08033006849 Now! Alternative admission via JUPEB/IJMB programmes (SPONSORED) Enter 200-Level Directly! Gain University Admission via JUPEB/IJMB . Enjoy Low Fees! Call 08033006849 Now! Search MySchoolGist ... Search Share This Post: If this post helped you, share it with others! Use the buttons below to spread the word! Share This Post: WhatsApp X (Twitter) Facebook WhatsApp X (Twitter) Facebook Suggested Articles Startup Abuja Scholarship Programme 2026: Benefits, Requirements and How to Apply LONG Young Achievers Scholarship 2026: Up to N240,000 Per Year for Secondary Students Bridge Scholarship Award 2026: Get Fully Funded Support Through University Melajoom Foundation Scholarship 2026 for Owo Indigenes: Eligibility and How to Apply Notice of Aptitude Test for 8th Edition of Monday Onyeme Foundation Scholarship MTN Foundation/Muson Music Scholarship Programme 2026/2027 for Aspiring Musicians Abosede Omoyeni Foundation (AOF) ATSWA Scholarship 2026: Gain Full Funding and Career Support The Adedeji Scholarship Program 2026: Gain Full Tuition, Accommodation and Fellowship Support Suggested Articles Articles Startup Abuja Scholarship Programme 2026: Benefits, Requirements and How to Apply LONG Young Achievers Scholarship 2026: Up to N240,000 Per Year for Secondary Students Bridge Scholarship Award 2026: Get Fully Funded Support Through University Melajoom Foundation Scholarship 2026 for Owo Indigenes: Eligibility and How to Apply Notice of Aptitude Test for 8th Edition of Monday Onyeme Foundation Scholarship MTN Foundation/Muson Music Scholarship Programme 2026/2027 for Aspiring Musicians Abosede Omoyeni Foundation (AOF) ATSWA Scholarship 2026: Gain Full Funding and Career Support The Adedeji Scholarship Program 2026: Gain Full Tuition, Accommodation and Fellowship Support Previous story Startup Abuja Scholarship Programme 2026: Benefits, Requirements and How to Apply Next story National Orthopaedic Hospital, Igbobi, Lagos (NOHIL) Admission Form for 2026/2027 Academic Session | ND, HND and B.Tech Programmes Previous story Startup Abuja Scholarship Programme 2026: Benefits, Requirements and How to Apply Next story National Orthopaedic Hospital, Igbobi, Lagos (NOHIL) Admission Form for 2026/2027 Academic Session | ND, HND and B.Tech Programmes Meet The Author Olusegun Fapohunda is the founder and editor of MySchoolGist, with over a decade of experience in education publishing. He covers education updates, admission notices, examination news, scholarships, career opportunities and related public information. Connect with him on X (formerly Twitter) . Meet The Author Olusegun Fapohunda is the founder and editor of MySchoolGist, with over a decade of experience in education publishing. He covers education updates, admission notices, examination news, scholarships, career opportunities and related public information. Connect with him on X (formerly Twitter) . Home About Disclaimer Privacy Policy Quick Links Education Resources WAEC Past Questions NABTEB Past Questions JAMB Past Questions Post UTME Past Questions Universities Polytechnics Monotechnics Colleges of Education Top Universities Illegal Universities Courses JAMB WAEC NECO Jobs in Nigeria MySchoolGist Web Services is a registered publisher and marketing solutions provider in Nigeria. It publishes Myschoolgist.com, a leading digital publication that covers the latest educational trends, career opportunities and current news. Copyright © 2012 - 2026 MySchoolGist Home About Disclaimer Privacy Policy Quick Links Education Resources WAEC Past Questions NABTEB Past Questions JAMB Past Questions Post UTME Past Questions Universities Polytechnics Monotechnics Colleges of Education Top Universities Illegal Universities Courses JAMB WAEC NECO Jobs in Nigeria Quick Links Education Resources WAEC Past Questions NABTEB Past Questions JAMB Past Questions Post UTME Past Questions Universities Polytechnics Monotechnics Colleges of Education Top Universities Illegal Universities Courses JAMB WAEC NECO Jobs in Nigeria MySchoolGist Web Services is a registered publisher and marketing solutions provider in Nigeria. It publishes Myschoolgist.com, a leading digital publication that covers the latest educational trends, career opportunities and current news. Copyright © 2012 - 2026 MySchoolGist",,,,,,,REJECTED,"optionA, optionB, optionC, optionD, answer"
https://myschoolgist.com/waec/job-recruitment-185706/,Unknown,,,,,,,,REJECTED,"question, optionA, optionB, optionC, optionD, answer"
https://myschoolgist.com/waec/job-recruitment-185706/,Unknown,"Requirements & How to Apply By Olusegun Fapohunda April 15, 2026 Time to Rea","Applications close on Monday, 25 May",,,4 min • 612 words At a glance WAEC has opened recruitment for nine roles in Nigeri,,,REJECTED,"optionB, optionC, answer"
https://myschoolgist.com/waec/job-recruitment-185706/,Unknown,"Nine vacancies are open across admin, accounts, ICT and audit Age limit is 40 years at close of advert O'Level credits in English and Maths are required Computer literacy is required for all roles Apply through the WAEC recruitment portal Keep reading for full WAEC job recruitment details. The West African Examinations Council, WAEC, has invited applications from qualified Nigerians to fill nine vacancies. The notice covers roles in general duties, accounts, information and communication technology, audit and secretarial work. It also sets out the entry requirements, age limit, closing date and the official application link. Prepare for JAMB, WAEC, NECO, BECE, NCEE and Post UTME Practise CBT Exams on Mobile or PC Prepare for Post UTME, WAEC, NECO, JAMB UTME, Junior WAEC (BECE) and Common Entrance (NCEE) with the MySchoolGist CBT App and Software. Use it on Android, iPhone or Windows to practise past questions anytime. Android App iPhone App Windows 10+ Windows 7 & 8 Need help choosing the right version? Chat with us on WhatsApp . List of WAEC job vacancies WAEC listed the following positions: Examinations Officer (General Duties) Examinations Officer (Accounts) Examinations Officer (Information and Communication Technology) Confidential Secretary II Assistant Examinations Officer III (General Duties) Assistant Examinations Officer III (Accounts) Assistant Examinations Officer III (Information and Communication Technology) Assistant Examinations Officer III (Audit) Confidential Secretary V WAEC recruitment requirements The Council gave separate entry requirements for each post. Computer literacy is required for all positions. Examinations Officer roles Examinations Officer (General Duties) Applicants must hold a Bachelor's Degree or HND in any discipline from a recognised school. They must also have an NYSC discharge, exclusion or exemption certificate. Examinations Officer (Accounts) Applicants must hold a Bachelor's Degree or HND in Accounting, Banking and Finance or a related discipline from a recognised school. They must also have an NYSC discharge, exclusion or exemption certificate. WAEC added that relevant professional qualifications will count as an added advantage. Examinations Officer (Information and Communication Technology) Applicants must hold a Bachelor's Degree or HND in Computer Science, ICT or a related discipline from a recognised school. They must also have an NYSC discharge, exclusion or exemption certificate. WAEC stated that relevant professional qualification will count as an added advantage. Confidential Secretary role Confidential Secretary II Applicants must hold a Bachelor's Degree or HND in Secretarial Studies, Secretarial Administration or Office Technology Management from a recognised school. They must also have an NYSC discharge, exclusion or exemption certificate. Relevant professional qualifications will count as an added advantage. Assistant Examinations Officer III roles Assistant Examinations Officer III (General Duties) Applicants must hold a National Diploma or NCE from a recognised school. Assistant Examinations Officer III (Accounts) Applicants must hold a National Diploma in Accountancy or Banking and Finance from a recognised school. WAEC also accepts the Accounting Technicians Scheme, ATS, Certificate of ICAN or ACC","Assistant Examinations Officer III (Information and Communication Technology) Applicants must hold a National Diploma in Computer Science, Information and Communication Technology or a related discipline from a recognised school. Assistant Examinations Officer III (Audit) Applicants must hold a National Diploma in Accountancy from a recognised school. Confidential Secretary V Applicants must hold an OND in Secretarial Studies, Secretarial Administration or Office Technology Management from a recognised school. O'Level requirement for all WAEC jobs All applicants must possess five credits in WASSCE, SSCE or GCE O'Level, including English Language and Mathematics, at one sitting. WAEC also accepts six credits including English Language and Mathematics at not more than two sittings. That requirement applies across the board; no listed post is exempt. Age limit for WAEC recruitment Applicants for all positions must not be more than 40 years old at the close of the advertisement. WAEC salary and career package WAEC stated that the salaries for the positions are attractive. The Council also stated that successful applicants will enjoy a good remuneration package in line with its conditions of service and will be assured of career development within the organisation. How to apply for WAEC job recruitment Interested and qualified candidates are expected to apply online through the official WAEC recruitment portal . Applicants are to complete the application details online and submit them before the deadline. WAEC recruitment closing date The closing date for the application is Monday, 25 May",,,,,,REJECTED,"optionB, optionC, optionD, answer"
https://myschoolgist.com/waec/job-recruitment-185706/,Unknown,Only shortlisted candidates will be contacte,,Enjoy Low Fees! Call 08033006849 Now! RECOMMENDE,"Digital Certificate Platform Wish to Upgrade Your 2026 WAEC Result? Read This Akwa Ibom State University (AKSU) Academic Staff Vacancies: Requirements, Salaries and Application McPherson University Job Vacancies","West African Examinations Council : WAEC Nigeria Share This Post: If this post helped you, share it with others! Use the buttons below to spread the word! WhatsApp X (Twitter) Facebook Suggested Articles West African Examinations Council (WAE",,,REJECTED,"optionA, answer"
https://myschoolgist.com/waec/job-recruitment-185706/,Unknown,,,,,,,,REJECTED,"question, optionA, optionB, optionC, optionD, answer"
https://myschoolgist.com/news/melajoom-foundation-scholarship-189537/,Unknown,"Tertiary Scholarship Program The scholarship is open to eligible full-time undergraduate students enrolled in accredited Nigerian universities, polytechnics and colleges of education. Applicants must be indigenes of Owo Local Government Area. University students may receive up to N250,000 , while Polytechnic and College of Education students may receive up to N125,000 . N250,000 N125,000 Prepare for JAMB, WAEC, NECO, BECE, NCEE and Post UTME Practise CBT Exams on Mobile or PC Prepare for Post UTME, WAEC, NECO, JAMB UTME, Junior WAEC (BECE) and Common Entrance (NCEE) with the MySchoolGist CBT App and Software. Use it on Android, iPhone or Windows to practise past questions anytime. Android App iPhone App Windows 10+ Windows 7 & 8 Need help choosing the right version? Chat with us on WhatsApp . Prepare for JAMB, WAEC, NECO, BECE, NCEE and Post UTME Practise CBT Exams on Mobile or PC Prepare for Post UTME, WAEC, NECO, JAMB UTME, Junior WAEC (BECE) and Common Entrance (NCEE) with the MySchoolGist CBT App and Software. Use it on Android, iPhone or Windows to practise past questions anytime. Post UTME, WAEC, NECO, JAMB UTME, Junior WAEC (BECE) Common Entrance (NCEE) Android App iPhone App Windows 10+ Windows 7 & 8 Need help choosing the right version? Chat with us on WhatsApp . Table of contents Who Can Apply for the Melajoom Foundation Scholarship? How Much Is the Melajoom Foundation Scholarship? What Are the Academic Requirements? 100-Level Students Students at 200 Level and Above 100-Level Students Students at 200 Level and Above What Documents Are Required for the Scholarship? Documents Required From Freshers Documents Required From Continuing Students Documents Required From Freshers Documents Required From Continuing Students What Is the Scholarship Essay Question for 100-Level Applicants? What Is the Essay Question for Students at 200 Level and Above? Can AI Be Used to Write the Scholarship Essay? Can an Application Be Saved and Completed Later? How to Apply for the Melajoom Foundation Scholarship Who Can Apply for the Melajoom Foundation Scholarship? The scholarship is for full-time undergraduate students who are currently enrolled in an accredited Nigerian university, polytechnic or college of education. Every applicant must also be an indigene of Owo Local Government Area and provide a valid Certificate of Local Government Origin. Owo Local Government Area Final-year students are eligible to apply. Students who already receive another scholarship or bursary may also submit an application, but they must disclose that support on the application form. How Much Is the Melajoom Foundation Scholarship? The award amount depends on the type of school attended by the applicant. University students: Up to N250,000 University students: Polytechnic students: Up to N125,000 Polytechnic students: College of Education students: Up to N125,000 College of Education students: These amounts are the maximum awards stated for the 2026 scholarship programme. What Are the Academic Requirements? The academic requirement depends on the applicant's current level of study. 100-Level Students Freshers at 100 level must have a minimum JAMB score of 250 . minimum JAMB score of 250 The JAMB score is the stated academic benchmark for this group. Students at 200 Level and Above Continuing students from 200 level upward must have a minimum CGPA of 3.5 . minimum CGPA of 3.5 Final-year students remain eligible provided they meet the applicable requirements. What Documents Are Required for the Scholarship? Every applicant must provide the general documents required by the Foundation. These are: Certificate of Local Government Origin Reference Letter from the Owo LGA Office, dated within the last 24 months Original Academic Goals Essay Other documents will depend on whether the applicant is a fresher or continuing student. Documents Required From Freshers 100-level applicants must provide: JAMB Admission Letter JAMB Result Slip The JAMB Result Slip should reflect the minimum score required for freshers. Documents Required From Continuing Students Applicants from 200 level upward must provide: Current Student ID Card Latest Academic Transcript Latest Academic Result Their academic record must also meet the stated minimum CGPA of 3.5. What Is the Scholarship Essay Question for 100-Level Applicants? A 100-level applicant must write an original Academic Goals Essay explaining the reason for choosing the course of study and how the degree will be used to make an impact in the applicant's community or field. The essay must be no more than 200 words . no more than 200 words Applicants should answer the stated question within that word limit. What Is the Essay Question for Students at 200 Level and Above? Applicants from 200 level upward must write about their most notable academic achievement or challenge and explain how they have maintained their academic performance. The maximum length is 300 words .",,,,,,,REJECTED,"optionA, optionB, optionC, optionD, answer"
https://myschoolgist.com/news/melajoom-foundation-scholarship-189537/,Unknown,"words The essay must be the applicant's original work. Can AI Be Used to Write the Scholarship Essay? The Melajoom Foundation has stated that it has a strict policy against AI-generated content in scholarship essays. AI-generated content Plagiarised essays are also prohibited. Applications containing false or misleading information will be disqualified. Applicants are therefore required to submit their own original essay and provide accurate information throughout the form. Can an Application Be Saved and Completed Later? No. The application form does not allow applicants to save their progress and return later. The entire application must be completed in one session . in one session Applicants should have their required information, documents and completed original essay ready before starting the online form. How to Apply for the Melajoom Foundation Scholarship Eligible applicants can submit their applications online through the Melajoom Foundation scholarship application page . Before beginning the form, applicants should have the required documents available because the application cannot be saved for completion at a later time. Alternative admission via JUPEB/IJMB programmes (SPONSORED) Enter 200-Level Directly! Gain University Admission via JUPEB/IJMB . Enjoy Low Fees! Call 08033006849 Now! Alternative admission via JUPEB/IJMB programmes (SPONSORED) Enter 200-Level Directly! Gain University Admission via JUPEB/IJMB . Enjoy Low Fees! Call 08033006849 Now! Search MySchoolGist ... Search Share This Post: If this post helped you, share it with others! Use the buttons below to spread the word! Share This Post: WhatsApp X (Twitter) Facebook WhatsApp X (Twitter) Facebook Suggested Articles KPMG Seyi Bickersteth Scholarship Programme 2026: Eligibility, Benefits and How to Apply Startup Abuja Scholarship Programme 2026: Benefits, Requirements and How to Apply LONG Young Achievers Scholarship 2026: Up to N240,000 Per Year for Secondary Students Bridge Scholarship Award 2026: Get Fully Funded Support Through University Notice of Aptitude Test for 8th Edition of Monday Onyeme Foundation Scholarship MTN Foundation/Muson Music Scholarship Programme 2026/2027 for Aspiring Musicians Abosede Omoyeni Foundation (AOF) ATSWA Scholarship 2026: Gain Full Funding and Career Support The Adedeji Scholarship Program 2026: Gain Full Tuition, Accommodation and Fellowship Support Suggested Articles Articles KPMG Seyi Bickersteth Scholarship Programme 2026: Eligibility, Benefits and How to Apply Startup Abuja Scholarship Programme 2026: Benefits, Requirements and How to Apply LONG Young Achievers Scholarship 2026: Up to N240,000 Per Year for Secondary Students Bridge Scholarship Award 2026: Get Fully Funded Support Through University Notice of Aptitude Test for 8th Edition of Monday Onyeme Foundation Scholarship MTN Foundation/Muson Music Scholarship Programme 2026/2027 for Aspiring Musicians Abosede Omoyeni Foundation (AOF) ATSWA Scholarship 2026: Gain Full Funding and Career Support The Adedeji Scholarship Program 2026: Gain Full Tuition, Accommodation and Fellowship Support Previous story Jimoh Babalola University (JBU) Gets NMCN Approval for Nursing Science Programme Next story Bridge Scholarship Award 2026: Get Fully Funded Support Through University Previous story Jimoh Babalola University (JBU) Gets NMCN Approval for Nursing Science Programme Next story Bridge Scholarship Award 2026: Get Fully Funded Support Through University Meet The Author Olusegun Fapohunda is the founder and editor of MySchoolGist, with over a decade of experience in education publishing. He covers education updates, admission notices, examination news, scholarships, career opportunities and related public information. Connect with him on X (formerly Twitter) . Meet The Author Olusegun Fapohunda is the founder and editor of MySchoolGist, with over a decade of experience in education publishing. He covers education updates, admission notices, examination news, scholarships, career opportunities and related public information. Connect with him on X (formerly Twitter) . Home About Disclaimer Privacy Policy Quick Links Education Resources WAEC Past Questions NABTEB Past Questions JAMB Past Questions Post UTME Past Questions Universities Polytechnics Monotechnics Colleges of Education Top Universities Illegal Universities Courses JAMB WAEC NECO Jobs in Nigeria MySchoolGist Web Services is a registered publisher and marketing solutions provider in Nigeria. It publishes Myschoolgist.com, a leading digital publication that covers the latest educational trends, career opportunities and current news. Copyright © 2012 - 2026 MySchoolGist Home About Disclaimer Privacy Policy Quick Links Education Resources WAEC Past Questions NABTEB Past Questions JAMB Past Questions Post UTME Past Questions Universities Polytechnics Monotechnics Colleges of Education Top Universities Illegal Universities Courses JAMB WAEC NECO Jobs in Nigeria Quick Links Education Resources WAEC Past Questions NABTEB Past Questions JAMB Past Questions Post UTME Past Questions Universities Polytechnics Monotechnics Colleges of Education Top Universities Illegal Universities Courses JAMB WAEC NECO Jobs in Nigeria MySchoolGist Web Services is a registered publisher and marketing solutions provider in Nigeria. It publishes Myschoolgist.com, a leading digital publication that covers the latest educational trends, career opportunities and current news. Copyright © 2012 - 2026 MySchoolGist",,,,,,,REJECTED,"optionA, optionB, optionC, optionD, answer"
https://myschoolgist.com/news/waec-gce-scratch-card-price/,Unknown,"WAEC GCE Syllabus Available Here : All Subjects Meet The Author Olusegun Fapohunda is the founder and editor of MySchoolGist, with over a decade of experience in education publishing. He covers education updates, admission notices, examination news, scholarships, career opportunities and related public information. Connect with him on X (formerly Twitter) . Meet The Author Olusegun Fapohunda is the founder and editor of MySchoolGist, with over a decade of experience in education publishing. He covers education updates, admission notices, examination news, scholarships, career opportunities and related public information. Connect with him on X (formerly Twitter) . Home About Disclaimer Privacy Policy Quick Links Education Resources WAEC Past Questions NABTEB Past Questions JAMB Past Questions Post UTME Past Questions Universities Polytechnics Monotechnics Colleges of Education Top Universities Illegal Universities Courses JAMB WAEC NECO Jobs in Nigeria MySchoolGist Web Services is a registered publisher and marketing solutions provider in Nigeria. It publishes Myschoolgist.com, a leading digital publication that covers the latest educational trends, career opportunities and current news. Copyright © 2012 - 2026 MySchoolGist Home About Disclaimer Privacy Policy Quick Links Education Resources WAEC Past Questions NABTEB Past Questions JAMB Past Questions Post UTME Past Questions Universities Polytechnics Monotechnics Colleges of Education Top Universities Illegal Universities Courses JAMB WAEC NECO Jobs in Nigeria Quick Links Education Resources WAEC Past Questions NABTEB Past Questions JAMB Past Questions Post UTME Past Questions Universities Polytechnics Monotechnics Colleges of Education Top Universities Illegal Universities Courses JAMB WAEC NECO Jobs in Nigeria MySchoolGist Web Services is a registered publisher and marketing solutions provider in Nigeria. It publishes Myschoolgist.com, a leading digital publication that covers the latest educational trends, career opportunities and current news. Copyright © 2012 - 2026 MySchoolGist",,,,,,,REJECTED,"optionA, optionB, optionC, optionD, answer"
https://myschoolgist.com/section/general/sms/,Unknown,,,,,,,,REJECTED,"question, optionA, optionB, optionC, optionD, answer"
https://myschoolgist.com/section/general/sms/,Unknown,,,,,,,,REJECTED,"question, optionA, optionB, optionC, optionD, answer"
https://myschoolgist.com/section/general/sms/,Unknown,,,,,,,,REJECTED,"question, optionA, optionB, optionC, optionD, answer"
https://myschoolgist.com/section/general/sms/,Unknown,,,,,,,,REJECTED,"question, optionA, optionB, optionC, optionD, answer"
https://myschoolgist.com/section/telco/,Unknown,,,,,,,,REJECTED,"question, optionA, optionB, optionC, optionD, answer"
https://myschoolgist.com/section/telco/,Unknown,,,,,,,,REJECTED,"question, optionA, optionB, optionC, optionD, answer"
https://myschoolgist.com/section/telco/,Unknown,,,,,,,,REJECTED,"question, optionA, optionB, optionC, optionD, answer"
https://myschoolgist.com/section/telco/,Unknown,,,,,,,,REJECTED,"question, optionA, optionB, optionC, optionD, answer"
https://myschoolgist.com/section/courses/private-university/,Unknown,,,,,,,,REJECTED,"question, optionA, optionB, optionC, optionD, answer"
https://myschoolgist.com/section/courses/private-university/,Unknown,,,,,,,,REJECTED,"question, optionA, optionB, optionC, optionD, answer"
https://myschoolgist.com/section/courses/private-university/,Unknown,,,,,,,,REJECTED,"question, optionA, optionB, optionC, optionD, answer"
https://myschoolgist.com/section/courses/private-university/,Unknown,,,,,,,,REJECTED,"question, optionA, optionB, optionC, optionD, answer"
https://myschoolgist.com/section/cut-off-marks/,Unknown,,,,,,,,REJECTED,"question, optionA, optionB, optionC, optionD, answer"
https://myschoolgist.com/section/cut-off-marks/,Unknown,,,,,,,,REJECTED,"question, optionA, optionB, optionC, optionD, answer"
https://myschoolgist.com/section/cut-off-marks/,Unknown,,,,,,,,REJECTED,"question, optionA, optionB, optionC, optionD, answer"
https://myschoolgist.com/section/cut-off-marks/,Unknown,,,,,,,,REJECTED,"question, optionA, optionB, optionC, optionD, answer"
https://myschoolgist.com/section/postgraduate/,Unknown,"Courses, Requirements and How to Apply May 6th, 2026 University of Abuja (UNIABUJ",Sustainable Development Centre (SD,,"Admission Form for 2026/2027 Academic Session May 2nd, 2026 Yobe State University (YSU) Postgraduate Admission Form for 2025/2026 Academic Session April 30th, 2026 Ibrahim Badamasi Babangida University (IBBU) Postgraduate Admission Form 2025/",,,,REJECTED,"optionB, optionD, answer"
https://myschoolgist.com/section/postgraduate/,Unknown,,,,,,,,REJECTED,"question, optionA, optionB, optionC, optionD, answer"
https://myschoolgist.com/section/postgraduate/,Unknown,,,,,,,,REJECTED,"question, optionA, optionB, optionC, optionD, answer"
https://myschoolgist.com/section/postgraduate/,Unknown,,,,,,,,REJECTED,"question, optionA, optionB, optionC, optionD, answer"
https://myschoolgist.com/section/postgraduate/,Unknown,,,,,,,,REJECTED,"question, optionA, optionB, optionC, optionD, answer"
https://myschoolgist.com/section/postgraduate/,Unknown,,,,,,,,REJECTED,"question, optionA, optionB, optionC, optionD, answer"
https://myschoolgist.com/section/postgraduate/,Unknown,,,,,,,,REJECTED,"question, optionA, optionB, optionC, optionD, answer"
https://myschoolgist.com/section/postgraduate/,Unknown,,,,,,,,REJECTED,"question, optionA, optionB, optionC, optionD, answer"
https://myschoolgist.com/section/postgraduate/,Unknown,"Courses and Application Guide April 8th, 2026 Federal University Gashua (FUGASHU",Postgraduate Admission Form 2025/,,,,,,REJECTED,"optionB, optionC, optionD, answer"
https://myschoolgist.com/section/postgraduate/,Unknown,,,,,,,,REJECTED,"question, optionA, optionB, optionC, optionD, answer"
https://myschoolgist.com/section/postgraduate/,Unknown,,,,,,,,REJECTED,"question, optionA, optionB, optionC, optionD, answer"
https://myschoolgist.com/section/postgraduate/,Unknown,,,,,,,,REJECTED,"question, optionA, optionB, optionC, optionD, answer"
https://myschoolgist.com/section/postgraduate/,Unknown,,,,,,,,REJECTED,"question, optionA, optionB, optionC, optionD, answer"
https://myschoolgist.com/section/postgraduate/,Unknown,,,,,,,,REJECTED,"question, optionA, optionB, optionC, optionD, answer"
https://myschoolgist.com/section/courses/state-university/,Unknown,,,,,,,,REJECTED,"question, optionA, optionB, optionC, optionD, answer"
https://myschoolgist.com/section/courses/state-university/,Unknown,,,,,,,,REJECTED,"question, optionA, optionB, optionC, optionD, answer"
https://myschoolgist.com/section/courses/state-university/,Unknown,,,,,,,,REJECTED,"question, optionA, optionB, optionC, optionD, answer"
https://myschoolgist.com/section/courses/state-university/,Unknown,,,,,,,,REJECTED,"question, optionA, optionB, optionC, optionD, answer"
https://myschoolgist.com/news/waec-recruitment-scam/,Unknown,"Have you come across the recent WAEC job advert for supervisors and invigilators? Wondering if it's legitimate or just another online scam? How can you differentiate between genuine opportunities and fraudulent schemes? Get the facts about the fake job advertisements linked to the 2024 WASSCE and learn how to protect yourself from these misleading offers. WAEC has confirmed that this advertisement did not originate from the Council and strongly condemns the actions of those behind these deceptive job offers. The statement from WAEC clarifies, "" The Council would like to state categorically that the advert did not emanate from us and thereby disassociates itself from the fake job advert being circulated by unscrupulous individuals whose schemes are to defraud unsuspecting jo","org , is at the individual's own risk. WAEC has made it clear that it is not engaged in any recruitment activities currently and that all legitimate job openings are advertised through reputable channels, including daily newspapers, WAEC Nigeria's official website and official social media platforms. The Council has issued a strong warning against these deceptive practices and urges those involved in such schemes to cease their activities immediately. WAEC's commitment to transparency was reiterated in a disclaimer issued by the Public Affairs Department and signed by Moyosola F. Adesina, Acting Head of Public Affairs, on behalf of the Head of National Office. "" We express gratitude to our esteemed stakeholders for continuously placing trust in us. The Council remains steadfast in its dedication to rendering unparalleled and transparent services to the Nigerian child, "" the statement conclude",Enjoy Low Fees! Call 08033006849 Now! Search MySchoolGist ... Search Tagge,"WASSCE 2026 Result Checker PIN: How School Candidates Can Get It WAEC Result: Meaning of Held or Witheld or Outstanding and Other Terms Meet The Author Olusegun Fapohunda is the founder and editor of MySchoolGist, with over a decade of experience in education publishing. He covers education updates, admission notices, examination news, scholarships, career opportunities and related public information. Connect with him on X (formerly Twitter) .","West African Examinations Council : WAEC Nigeria Share This Post: If this post helped you, share it with others! Use the buttons below to spread the word! WhatsApp X (Twitter) Facebook Suggested Articles West African Examinations Council (WAE",,,REJECTED,answer
https://myschoolgist.com/news/waec-computer-based-exam/,Computer Studies,"That's when registration for the exam begins. Mock Exams: Before the main event, there will be mock exams in February 2024 to help you get comfortable with the new system. Preparing for the Switch To make sure you're not caught off guard, WAEC advises all prospective candidates to sharpen their computer skills. After all, you'll want to be as prepared as possible to tackle the new format. Why This Matters to You As part of a digitally-forward generation, adapting to CBT is not just about taking an exam; it's about equipping yourself for the future. This shift by WAEC underscores the importance of tech-savviness in today's worl",,Enjoy Low Fees! Call 08033006849 Now! Search MySchoolGist ... Search Tagge,"WASSCE 2026 Result Checker PIN: How School Candidates Can Get It WAEC Result: Meaning of Held or Witheld or Outstanding and Other Terms Meet The Author Olusegun Fapohunda is the founder and editor of MySchoolGist, with over a decade of experience in education publishing. He covers education updates, admission notices, examination news, scholarships, career opportunities and related public information. Connect with him on X (formerly Twitter) .","West African Examinations Council : WAEC Nigeria Share This Post: If this post helped you, share it with others! Use the buttons below to spread the word! WhatsApp X (Twitter) Facebook Suggested Articles West African Examinations Council (WAE",,,REJECTED,"optionA, answer"
https://myschoolgist.com/news/waec-offices-nigeria-contacts-address/,Office Practice,Email: oicikorodu@wae,,"033, Festac Town, Lagos State. Tel: 0811891","org.ng. Ojo : Off Olojo Drive, Behind Awori College, Ojo Town, P.M.",,,,REJECTED,"optionA, optionD, answer"
https://myschoolgist.com/news/waec-offices-nigeria-contacts-address/,Office Practice,Email: oicojo@wae,,Enjoy Low Fees! Call 08033006849 Now! Search MySchoolGist ... Search Tagge,"WASSCE 2026 Result Checker PIN: How School Candidates Can Get It WAEC Result: Meaning of Held or Witheld or Outstanding and Other Terms Meet The Author Olusegun Fapohunda is the founder and editor of MySchoolGist, with over a decade of experience in education publishing. He covers education updates, admission notices, examination news, scholarships, career opportunities and related public information. Connect with him on X (formerly Twitter) .","West African Examinations Council : WAEC Nigeria Share This Post: If this post helped you, share it with others! Use the buttons below to spread the word! WhatsApp X (Twitter) Facebook Suggested Articles West African Examinations Council (WAE",,,REJECTED,"optionA, answer"
https://myschoolgist.com/section/nigeria-edu/waec/page/2/,Unknown,MySchoolGist Promotion Enter 200-Level Directly! Gain University Admission via JUPEB/IJM,,Enjoy Low Fees! Call 08033006849 Now! WAEC (Page,,,,,REJECTED,"optionA, optionC, optionD, answer"
https://myschoolgist.com/section/nigeria-edu/waec/page/2/,Unknown,"February 14th, 2023 Coronavirus: West African Examinations Council (WAE",,,"to Release 2020 May/June Exam Results in 45 Days July 29th, 2020 FG Announces Date for Commencement of 2020 WAEC for School Candidates Examinations (May/June) July 12th, 2020 COVI",,,,REJECTED,"optionA, optionB, optionD, answer"
https://myschoolgist.com/section/nigeria-edu/waec/page/2/,Unknown,"Why Nigerian Students Must Write 2020 WASSCE July 8th, 2020 FG Reverses Resumption of Schools, Says no WAEC Exam for Now June 13th, 2020 Rules and Regulations Governing WAEC GCE Nov/Dec October 11th, 2019 West African Examination Council (WAE",,,We Don't Re-Issue Lost WASSCE Certificates Load More Posts Search the MySchoolGist site Search Scholarships & Opportunities KPMG Seyi Bickersteth Scholarship Programme,,,,REJECTED,"optionA, optionB, optionD, answer"
https://myschoolgist.com/section/nigeria-edu/waec/page/2/,Unknown,,,,,,,,REJECTED,"question, optionA, optionB, optionC, optionD, answer"
https://myschoolgist.com/section/nigeria-edu/waec/page/2/,Unknown,,,,,,,,REJECTED,"question, optionA, optionB, optionC, optionD, answer"
https://myschoolgist.com/section/nigeria-edu/waec/page/2/,Unknown,,,,,,,,REJECTED,"question, optionA, optionB, optionC, optionD, answer"
https://myschoolgist.com/section/nigeria-edu/waec/page/2/,Unknown,,,,,,,,REJECTED,"question, optionA, optionB, optionC, optionD, answer"
https://myschoolgist.com/news/proprietor-arrested-for-posting-waec-questions/,Unknown,"In light of this incident, it is critical for all stakeholders in the education sector, including students, teachers, school proprietors and parents, to adhere strictly to examination rules and regulations. Efforts should be focused on encouraging learning and knowledge acquisition, rather than promoting shortcuts and unethical practices. Let's remember that education is not merely about passing exams, but about acquiring knowledge, skills and attitudes that will be beneficial throughout one's life. Upholding the integrity of examinations is a shared responsibility that we all must take seriously. Alternative admission via JUPEB/IJMB programmes (SPONSORE",,Enjoy Low Fees! Call 08033006849 Now! Search MySchoolGist ... Search Tagge,"WASSCE 2026 Result Checker PIN: How School Candidates Can Get It WAEC Result: Meaning of Held or Witheld or Outstanding and Other Terms Meet The Author Olusegun Fapohunda is the founder and editor of MySchoolGist, with over a decade of experience in education publishing. He covers education updates, admission notices, examination news, scholarships, career opportunities and related public information. Connect with him on X (formerly Twitter) .","West African Examinations Council : WAEC Nigeria Share This Post: If this post helped you, share it with others! Use the buttons below to spread the word! WhatsApp X (Twitter) Facebook Suggested Articles West African Examinations Council (WAE",,,REJECTED,"optionA, answer"
https://myschoolgist.com/news/waec-gce-result-statistics/,English Language,44.29% passed 2023,,,,,,,REJECTED,"optionA, optionB, optionC, optionD, answer"
https://myschoolgist.com/news/waec-gce-result-statistics/,English Language,"42.16% passed 2022 This means the overall pass rate increased by 9.35% compared to the previous year. 9.35% Male and Female Performance Results show that female candidates performed better than male candidates. 16,886 male candidates (48.41%) met the credit requirement. 16,886 male candidates (48.41%) 17,992 female candidates (51.58%) met the credit requirement. 17,992 female candidates (51.58%) Results Processing and Pending Cases A total of 62,364 candidates (95.90%) have fully processed results. 62,364 candidates (95.90%) However, 2,669 candidates (4.1%) have pending results due to errors in their submissions. 2,669 candidates (4.1%) Withheld Results for Malpractice WAEC has withheld the results of 2,577 candidates (3.98%) over suspected malpractice. 2,577 candidates (3.98%) Investigations will determine whether these results will be released or cancelled. Special Needs Candidates A total of 157 candidates with special needs had their results fully processed.",,,,,,,REJECTED,"optionA, optionB, optionC, optionD, answer"
https://myschoolgist.com/news/waec-gce-result-statistics/,English Language,candidates This group includes:,,,,,,,REJECTED,"optionA, optionB, optionC, optionD, answer"
https://myschoolgist.com/news/waec-gce-result-statistics/,English Language,visually impaired candidates,,,,,,,REJECTED,"optionA, optionB, optionC, optionD, answer"
https://myschoolgist.com/news/waec-gce-result-statistics/,English Language,hearing impaired candidates,,,,,,,REJECTED,"optionA, optionB, optionC, optionD, answer"
https://myschoolgist.com/news/waec-gce-result-statistics/,English Language,"albino candidates How to Check WAEC GCE Results Candidates can check results online or through SMS. Follow the steps in this WAEC GCE result guide to access results. WAEC GCE result guide Alternative admission via JUPEB/IJMB programmes (SPONSORED) Enter 200-Level Directly! Gain University Admission via JUPEB/IJMB . Enjoy Low Fees! Call 08033006849 Now! Alternative admission via JUPEB/IJMB programmes (SPONSORED) Enter 200-Level Directly! Gain University Admission via JUPEB/IJMB . Enjoy Low Fees! Call 08033006849 Now! Search MySchoolGist ... Search Tagged: West African Examinations Council : WAEC Nigeria Tagged: Share This Post: If this post helped you, share it with others! Use the buttons below to spread the word! Share This Post: WhatsApp X (Twitter) Facebook WhatsApp X (Twitter) Facebook Suggested Articles West African Examinations Council (WAEC) Results: 2026 WASSCE for School Candidates (May/June Exam) Failed 2026 WAEC May/June Exam? Urgent Solution West African Examinations Council (WAEC) Digital Certificate Platform Wish to Upgrade Your 2026 WAEC Result? Read This WAEC GCE Registration 2026 Second Series: Fee, PIN Deadline and CBT Exam Guide [UPDATED] WAEC GCE Registration Closing Date/Deadline 2026 West African Examinations Council (WAEC) WASSCE 2026 Result Checker PIN: How School Candidates Can Get It WAEC Result: Meaning of Held or Witheld or Outstanding and Other Terms Suggested Articles Articles West African Examinations Council (WAEC) Results: 2026 WASSCE for School Candidates (May/June Exam) Failed 2026 WAEC May/June Exam? Urgent Solution West African Examinations Council (WAEC) Digital Certificate Platform Wish to Upgrade Your 2026 WAEC Result? Read This WAEC GCE Registration 2026 Second Series: Fee, PIN Deadline and CBT Exam Guide [UPDATED] WAEC GCE Registration Closing Date/Deadline 2026 West African Examinations Council (WAEC) WASSCE 2026 Result Checker PIN: How School Candidates Can Get It WAEC Result: Meaning of Held or Witheld or Outstanding and Other Terms Previous story Nigeria Liquefied Natural Gas (NLNG) Prize for Literature 2025 Next story National Examinations Council (NECO) GCE Result 2024 Previous story Nigeria Liquefied Natural Gas (NLNG) Prize for Literature 2025 Next story National Examinations Council (NECO) GCE Result 2024 Meet The Author Olusegun Fapohunda is the founder and editor of MySchoolGist, with over a decade of experience in education publishing. He covers education updates, admission notices, examination news, scholarships, career opportunities and related public information. Connect with him on X (formerly Twitter) . Meet The Author Olusegun Fapohunda is the founder and editor of MySchoolGist, with over a decade of experience in education publishing. He covers education updates, admission notices, examination news, scholarships, career opportunities and related public information. Connect with him on X (formerly Twitter) . Home About Disclaimer Privacy Policy Quick Links Education Resources WAEC Past Questions NABTEB Past Questions JAMB Past Questions Post UTME Past Questions Universities Polytechnics Monotechnics Colleges of Education Top Universities Illegal Universities Courses JAMB WAEC NECO Jobs in Nigeria MySchoolGist Web Services is a registered publisher and marketing solutions provider in Nigeria. It publishes Myschoolgist.com, a leading digital publication that covers the latest educational trends, career opportunities and current news. Copyright © 2012 - 2026 MySchoolGist Home About Disclaimer Privacy Policy Quick Links Education Resources WAEC Past Questions NABTEB Past Questions JAMB Past Questions Post UTME Past Questions Universities Polytechnics Monotechnics Colleges of Education Top Universities Illegal Universities Courses JAMB WAEC NECO Jobs in Nigeria Quick Links Education Resources WAEC Past Questions NABTEB Past Questions JAMB Past Questions Post UTME Past Questions Universities Polytechnics Monotechnics Colleges of Education Top Universities Illegal Universities Courses JAMB WAEC NECO Jobs in Nigeria MySchoolGist Web Services is a registered publisher and marketing solutions provider in Nigeria. It publishes Myschoolgist.com, a leading digital publication that covers the latest educational trends, career opportunities and current news. Copyright © 2012 - 2026 MySchoolGist",,,,,,,REJECTED,"optionA, optionB, optionC, optionD, answer"
https://myschoolgist.com/news/rechecking-of-withheld-waec-results/,Unknown,Learn more below. The West African Examinations Council (WAE,,,"has announced that candidates with withheld results from the 2024 West African Senior School Certificate Examination (WASSCE) can begin the re-checking process on Monday, October 14,",,,,REJECTED,"optionA, optionB, optionD, answer"
https://myschoolgist.com/news/rechecking-of-withheld-waec-results/,Unknown,This announcement comes after the conclusion of the 78th Nigeria Examinations Committee (NE,,,"meeting, held on October 9,",,,,REJECTED,"optionA, optionB, optionD, answer"
https://myschoolgist.com/news/rechecking-of-withheld-waec-results/,Unknown,"Re-Checking Process for Withheld WASSCE Results WAEC shared this update via its official X handle, #waecnigeri",The post state,,"ended on October 9,","""ICYMI: The 78th Meeting of the Nigeria Examinations Committee (NE",,,REJECTED,"optionB, answer"
https://myschoolgist.com/news/rechecking-of-withheld-waec-results/,Unknown,,,,,,,,REJECTED,"question, optionA, optionB, optionC, optionD, answer"
https://myschoolgist.com/news/rechecking-of-withheld-waec-results/,Unknown,"The recent NEC meeting, which began earlier in the week, focused on addressing these irregularities and ensuring that the integrity of the examination process is uphel",,Enjoy Low Fees! Call 08033006849 Now! Search MySchoolGist ... Search Tagge,"WASSCE 2026 Result Checker PIN: How School Candidates Can Get It WAEC Result: Meaning of Held or Witheld or Outstanding and Other Terms Meet The Author Olusegun Fapohunda is the founder and editor of MySchoolGist, with over a decade of experience in education publishing. He covers education updates, admission notices, examination news, scholarships, career opportunities and related public information. Connect with him on X (formerly Twitter) .","West African Examinations Council : WAEC Nigeria Share This Post: If this post helped you, share it with others! Use the buttons below to spread the word! WhatsApp X (Twitter) Facebook Suggested Articles West African Examinations Council (WAE",,,REJECTED,"optionA, answer"
https://myschoolgist.com/news/waec-cbt-result/,Computer Studies,CBT centres,,,,,,,REJECTED,"optionA, optionB, optionC, optionD, answer"
https://myschoolgist.com/news/waec-cbt-result/,Computer Studies,"candidates with special needs A comprehensive analysis revealed that 42.07% of candidates achieved credits and above in a minimum of five subjects, with 30.95% securing credits in five subjects including English Language and Mathematics. This reflects a marginal increase in performance, underscoring the potential of CBE in enhancing examination outcomes. 42.07% 30.95% Reduced Examination Malpractices The transition to CBE has notably mitigated examination malpractices, with only 0.80% of candidates' results withheld for related infractions, a significant decrease from the previous year. This positive trend highlights the effectiveness of CBE in upholding integrity and fairness within the examination process. 0.80% Result Accessibility and Digital Certificates Candidates can readily access their results via www.waecdirect.org and obtain digital copies of their certificates through www.waec.org . Additionally, the WAEC Certificate Request Portal (e-Certman) offers an online service for printing hard copies of certificates, further enhancing convenience and accessibility for candidates. www.waecdirect.org www.waec.org Acknowledgements and Future Endeavours WAEC extends its gratitude to various stakeholders, including government bodies, security agencies, educational institutions and ad-hoc personnel, for their invaluable support in facilitating the successful conduct of the CB-WASSCE. This collaborative effort underscores the collective commitment to advancing educational standards and outcomes for candidates across West Africa. As we reflect on the achievements of the CB-WASSCE for Private Candidates, 2024-First Series, it is evident that the adoption of computer-based examinations heralds a new era of efficiency, integrity and inclusivity in academic assessment. The successful implementation of this initiative offers promising prospects for future examinations, aligning with global trends and the evolving needs of learners and educators alike. Congratulations to all successful candidates and best wishes for your continued academic and professional journeys. Alternative admission via JUPEB/IJMB programmes (SPONSORED) Enter 200-Level Directly! Gain University Admission via JUPEB/IJMB . Enjoy Low Fees! Call 08033006849 Now! Alternative admission via JUPEB/IJMB programmes (SPONSORED) Enter 200-Level Directly! Gain University Admission via JUPEB/IJMB . Enjoy Low Fees! Call 08033006849 Now! Search MySchoolGist ... Search Tagged: West African Examinations Council : WAEC Nigeria Tagged: Share This Post: If this post helped you, share it with others! Use the buttons below to spread the word! Share This Post: WhatsApp X (Twitter) Facebook WhatsApp X (Twitter) Facebook Suggested Articles West African Examinations Council (WAEC) Results: 2026 WASSCE for School Candidates (May/June Exam) Failed 2026 WAEC May/June Exam? Urgent Solution West African Examinations Council (WAEC) Digital Certificate Platform Wish to Upgrade Your 2026 WAEC Result? Read This WAEC GCE Registration 2026 Second Series: Fee, PIN Deadline and CBT Exam Guide [UPDATED] WAEC GCE Registration Closing Date/Deadline 2026 West African Examinations Council (WAEC) WASSCE 2026 Result Checker PIN: How School Candidates Can Get It WAEC Result: Meaning of Held or Witheld or Outstanding and Other Terms Suggested Articles Articles West African Examinations Council (WAEC) Results: 2026 WASSCE for School Candidates (May/June Exam) Failed 2026 WAEC May/June Exam? Urgent Solution West African Examinations Council (WAEC) Digital Certificate Platform Wish to Upgrade Your 2026 WAEC Result? Read This WAEC GCE Registration 2026 Second Series: Fee, PIN Deadline and CBT Exam Guide [UPDATED] WAEC GCE Registration Closing Date/Deadline 2026 West African Examinations Council (WAEC) WASSCE 2026 Result Checker PIN: How School Candidates Can Get It WAEC Result: Meaning of Held or Witheld or Outstanding and Other Terms Previous story How to Check Uganda Certificate of Education (UCE) Results Next story Guaranty Trust Bank (GTBank) Entry Level Programme Previous story How to Check Uganda Certificate of Education (UCE) Results Next story Guaranty Trust Bank (GTBank) Entry Level Programme Meet The Author Olusegun Fapohunda is the founder and editor of MySchoolGist, with over a decade of experience in education publishing. He covers education updates, admission notices, examination news, scholarships, career opportunities and related public information. Connect with him on X (formerly Twitter) . Meet The Author Olusegun Fapohunda is the founder and editor of MySchoolGist, with over a decade of experience in education publishing. He covers education updates, admission notices, examination news, scholarships, career opportunities and related public information. Connect with him on X (formerly Twitter) . Home About Disclaimer Privacy Policy Quick Links Education Resources WAEC Past Questions NABTEB Past Questions JAMB Past Questions Post UTME Past Questions Universities Polytechnics Monotechnics Colleges of Education Top Universities Illegal Universities Courses JAMB WAEC NECO Jobs in Nigeria MySchoolGist Web Services is a registered publisher and marketing solutions provider in Nigeria. It publishes Myschoolgist.com, a leading digital publication that covers the latest educational trends, career opportunities and current news. Copyright © 2012 - 2026 MySchoolGist Home About Disclaimer Privacy Policy Quick Links Education Resources WAEC Past Questions NABTEB Past Questions JAMB Past Questions Post UTME Past Questions Universities Polytechnics Monotechnics Colleges of Education Top Universities Illegal Universities Courses JAMB WAEC NECO Jobs in Nigeria Quick Links Education Resources WAEC Past Questions NABTEB Past Questions JAMB Past Questions Post UTME Past Questions Universities Polytechnics Monotechnics Colleges of Education Top Universities Illegal Universities Courses JAMB WAEC NECO Jobs in Nigeria MySchoolGist Web Services is a registered publisher and marketing solutions provider in Nigeria. It publishes Myschoolgist.com, a leading digital publication that covers the latest educational trends, career opportunities and current news. Copyright © 2012 - 2026 MySchoolGist",,,,,,,REJECTED,"optionA, optionB, optionC, optionD, answer"
https://myschoolgist.com/news/waec-meets-on-withheld-wassce-results/,Unknown,"West African Senior School Certificate Examination (WASSCE) for school candidates Purpose Deliberate on malpractice & irregularities Results 262,803 candidates' results withheld due to malpractice Appointment Dr. Amos Josiah Dangut as Head of Nigeria National Office Announcement Results update to be given post-meeting Table of contents WAEC's Communication on the Matter Understanding the Background What Awaits the Withheld Results? Awaiting Further Updates WAEC's Communication on the Matter On Tuesday, WAEC made the announcement of this pivotal meeting through its official digital channel, shedding light on its proactive steps to ensure transparency and uphold examination integrity. Prepare for JAMB, WAEC, NECO, BECE, NCEE and Post UTME Practise CBT Exams on Mobile or PC Prepare for Post UTME, WAEC, NECO, JAMB UTME, Junior WAEC (BECE) and Common Entrance (NCEE) with the MySchoolGist CBT App and Software. Use it on Android, iPhone or Windows to practise past questions anytime. Android App iPhone App Windows 10+ Windows 7 & 8 Need help choosing the right version? Chat with us on WhatsApp . Prepare for JAMB, WAEC, NECO, BECE, NCEE and Post UTME Practise CBT Exams on Mobile or PC Prepare for Post UTME, WAEC, NECO, JAMB UTME, Junior WAEC (BECE) and Common Entrance (NCEE) with the MySchoolGist CBT App and Software. Use it on Android, iPhone or Windows to practise past questions anytime. Post UTME, WAEC, NECO, JAMB UTME, Junior WAEC (BECE) Common Entrance (NCEE) Android App iPhone App Windows 10+ Windows 7 & 8 Need help choosing the right version? Chat with us on WhatsApp . However, this isn't the first significant announcement from WAEC this week. A day prior, the examination body unveiled its newest appointment – Dr. Amos Josiah Dangut , who will now steer the helm as the Head of the Nigeria National Office . Dr. Amos Josiah Dangut Head of the Nigeria National Office Understanding the Background Going back a couple of months, in August, WAEC had released the WASSCE results. Yet, a considerable number of candidates, tallying up to 262,803 , found their results withheld. The underlying reason? Suspected instances of examination malpractice. This action naturally brought about a wave of concern and anticipation among the affected students and their guardians. 262,803 What Awaits the Withheld Results? WAEC has extended reassurances to all concerned candidates. The message is clear: once the NEC wraps up its discussions and reaches a resolution, the candidates will be promptly informed about the outcome of their results. A statement from WAEC underscored the significance of this meeting: ""The 76th Meeting of the Nigeria Examinations Committee (NEC) to consider & decide on the malpractice/irregularity cases arising from the conduct of WASSCE for School Candidates, 2023 begins today."" Awaiting Further Updates As of now, stakeholders eagerly await the conclusion of the NEC meeting. The outcomes will undoubtedly have profound implications on the academic paths of many students. Stay tuned for more detailed insights as they emerge. Alternative admission via JUPEB/IJMB programmes (SPONSORED) Enter 200-Level Directly! Gain University Admission via JUPEB/IJMB . Enjoy Low Fees! Call 08033006849 Now! Alternative admission via JUPEB/IJMB programmes (SPONSORED) Enter 200-Level Directly! Gain University Admission via JUPEB/IJMB . Enjoy Low Fees! Call 08033006849 Now! Search MySchoolGist ... Search Tagged: West African Examinations Council : WAEC Nigeria Tagged: Share This Post: If this post helped you, share it with others! Use the buttons below to spread the word! Share This Post: WhatsApp X (Twitter) Facebook WhatsApp X (Twitter) Facebook Suggested Articles West African Examinations Council (WAEC) Results: 2026 WASSCE for School Candidates (May/June Exam) Failed 2026 WAEC May/June Exam? Urgent Solution West African Examinations Council (WAEC) Digital Certificate Platform Wish to Upgrade Your 2026 WAEC Result? Read This WAEC GCE Registration 2026 Second Series: Fee, PIN Deadline and CBT Exam Guide [UPDATED] WAEC GCE Registration Closing Date/Deadline 2026 West African Examinations Council (WAEC) WASSCE 2026 Result Checker PIN: How School Candidates Can Get It WAEC Result: Meaning of Held or Witheld or Outstanding and Other Terms Suggested Articles Articles West African Examinations Council (WAEC) Results: 2026 WASSCE for School Candidates (May/June Exam) Failed 2026 WAEC May/June Exam? Urgent Solution West African Examinations Council (WAEC) Digital Certificate Platform Wish to Upgrade Your 2026 WAEC Result? Read This WAEC GCE Registration 2026 Second Series: Fee, PIN Deadline and CBT Exam Guide [UPDATED] WAEC GCE Registration Closing Date/Deadline 2026 West African Examinations Council (WAEC) WASSCE 2026 Result Checker PIN: How School Candidates Can Get It WAEC Result: Meaning of Held or Witheld or Outstanding and Other Terms Previous story Moshood Abiola Polytechnic (MAPOLY) ND Part-Time Admission List Next story OAU Diploma in Local Government and Development Studies Previous story Moshood Abiola Polytechnic (MAPOLY) ND Part-Time Admission List Next story OAU Diploma in Local Government and Development Studies Meet The Author Olusegun Fapohunda is the founder and editor of MySchoolGist, with over a decade of experience in education publishing. He covers education updates, admission notices, examination news, scholarships, career opportunities and related public information. Connect with him on X (formerly Twitter) . Meet The Author Olusegun Fapohunda is the founder and editor of MySchoolGist, with over a decade of experience in education publishing. He covers education updates, admission notices, examination news, scholarships, career opportunities and related public information. Connect with him on X (formerly Twitter) . Home About Disclaimer Privacy Policy Quick Links Education Resources WAEC Past Questions NABTEB Past Questions JAMB Past Questions Post UTME Past Questions Universities Polytechnics Monotechnics Colleges of Education Top Universities Illegal Universities Courses JAMB WAEC NECO Jobs in Nigeria MySchoolGist Web Services is a registered publisher and marketing solutions provider in Nigeria. It publishes Myschoolgist.com, a leading digital publication that covers the latest educational trends, career opportunities and current news. Copyright © 2012 - 2026 MySchoolGist Home About Disclaimer Privacy Policy Quick Links Education Resources WAEC Past Questions NABTEB Past Questions JAMB Past Questions Post UTME Past Questions Universities Polytechnics Monotechnics Colleges of Education Top Universities Illegal Universities Courses JAMB WAEC NECO Jobs in Nigeria Quick Links Education Resources WAEC Past Questions NABTEB Past Questions JAMB Past Questions Post UTME Past Questions Universities Polytechnics Monotechnics Colleges of Education Top Universities Illegal Universities Courses JAMB WAEC NECO Jobs in Nigeria MySchoolGist Web Services is a registered publisher and marketing solutions provider in Nigeria. It publishes Myschoolgist.com, a leading digital publication that covers the latest educational trends, career opportunities and current news. Copyright © 2012 - 2026 MySchoolGist",,,,,,,REJECTED,"optionA, optionB, optionC, optionD, answer"
https://myschoolgist.com/news/waec-arrests-officials-aiding-malpractice/,Unknown,"Prepare for JAMB, WAEC, NECO, BECE, NCEE and Post UTME Practise CBT Exams on Mobile or PC Prepare for Post UTME, WAEC, NECO, JAMB UTME, Junior WAEC (BECE) and Common Entrance (NCEE) with the MySchoolGist CBT App and Software. Use it on Android, iPhone or Windows to practise past questions anytime. Android App iPhone App Windows 10+ Windows 7 & 8 Need help choosing the right version? Chat with us on WhatsApp . WAEC's Stan",,Enjoy Low Fees! Call 08033006849 Now! Search MySchoolGist ... Search Tagge,"WASSCE 2026 Result Checker PIN: How School Candidates Can Get It WAEC Result: Meaning of Held or Witheld or Outstanding and Other Terms Meet The Author Olusegun Fapohunda is the founder and editor of MySchoolGist, with over a decade of experience in education publishing. He covers education updates, admission notices, examination news, scholarships, career opportunities and related public information. Connect with him on X (formerly Twitter) .","West African Examinations Council : WAEC Nigeria Share This Post: If this post helped you, share it with others! Use the buttons below to spread the word! WhatsApp X (Twitter) Facebook Suggested Articles West African Examinations Council (WAE",,,REJECTED,"optionA, answer"
https://myschoolgist.com/news/waec-result-checker-may-june-waec-result/,Unknown,"WAEC Result is Out and now available on www.waecdirect.org! See details below. Following the release of the 2024 WAEC May/June result statistic s, the Head of National Office, WAEC, said candidates can check their results online on the council's website with immediate effect. Prepare for JAMB, WAEC, NECO, BECE, NCEE and Post UTME Practise CBT Exams on Mobile or PC Prepare for Post UTME, WAEC, NECO, JAMB UTME, Junior WAEC (BECE) and Common Entrance (NCEE) with the MySchoolGist CBT App and Software. Use it on Android, iPhone or Windows to practise past questions anytime. Android App iPhone App Windows 10+ Windows 7 & 8 Need help choosing the right version? Chat with us on WhatsApp . Prepare for JAMB, WAEC, NECO, BECE, NCEE and Post UTME Practise CBT Exams on Mobile or PC Prepare for Post UTME, WAEC, NECO, JAMB UTME, Junior WAEC (BECE) and Common Entrance (NCEE) with the MySchoolGist CBT App and Software. Use it on Android, iPhone or Windows to practise past questions anytime. Post UTME, WAEC, NECO, JAMB UTME, Junior WAEC (BECE) Common Entrance (NCEE) Android App iPhone App Windows 10+ Windows 7 & 8 Need help choosing the right version? Chat with us on WhatsApp . Candidates that participated in the 2024 West African Examinations Council (WAEC) May/June WASSCE can now check their results. You don't need to purchase any scratch card to check your result. The result checker PIN and Serial Number are contained on the flip side of the candidates' CIVAMPENS Card issued to all candidates by WAEC. How to Check WAEC Result Online | www.waecdirect.org To check your WAEC result online, follow the procedure below: Go to WAEC result checking official portal at www.waecdirect.org www.waecdirect.org Enter your centre number and seat number in the required space. Your registration should look like this: 4310963***. Select the year you sat for the exam i.e. 2024. Select your Examination Type i.e. SCHOOL CANDIDATE RESULT. Finally, enter your scratch card pin and serial number in the required space and then click submit to view your result. To receive your WAEC result via SMS, follow the procedure outlined below: Send SMS in the format below: WAEC*ExamNo*PIN*ExamYear To short-code 32327 (MTN, Airtel & Glo subscribers) WAEC*ExamNo*PIN*ExamYear 32327 For example -: WAEC*4250101001*123456789012*2024 WAEC*4250101001*123456789012*2024 Note: Ensure you adhere strictly to the format above. There should be no space in the message. Note: Wait for your result to be delivered to your phone via SMS. (SMS Cost N30 Only) (SMS Cost N30 Only) Check: Wish to Upgrade Your 2024 WAEC Result? Read This Failed 2024 WAEC May/June Exam? Urgent Solution Alternative admission via JUPEB/IJMB programmes (SPONSORED) Enter 200-Level Directly! Gain University Admission via JUPEB/IJMB . Enjoy Low Fees! Call 08033006849 Now! Alternative admission via JUPEB/IJMB programmes (SPONSORED) Enter 200-Level Directly! Gain University Admission via JUPEB/IJMB . Enjoy Low Fees! Call 08033006849 Now! Search MySchoolGist ... Search Tagged: West African Examinations Council : WAEC Nigeria Tagged: Share This Post: If this post helped you, share it with others! Use the buttons below to spread the word! Share This Post: WhatsApp X (Twitter) Facebook WhatsApp X (Twitter) Facebook Suggested Articles West African Examinations Council (WAEC) Results: 2026 WASSCE for School Candidates (May/June Exam) Failed 2026 WAEC May/June Exam? Urgent Solution West African Examinations Council (WAEC) Digital Certificate Platform Wish to Upgrade Your 2026 WAEC Result? Read This WAEC GCE Registration 2026 Second Series: Fee, PIN Deadline and CBT Exam Guide [UPDATED] WAEC GCE Registration Closing Date/Deadline 2026 West African Examinations Council (WAEC) WASSCE 2026 Result Checker PIN: How School Candidates Can Get It WAEC Result: Meaning of Held or Witheld or Outstanding and Other Terms Suggested Articles Articles West African Examinations Council (WAEC) Results: 2026 WASSCE for School Candidates (May/June Exam) Failed 2026 WAEC May/June Exam? Urgent Solution West African Examinations Council (WAEC) Digital Certificate Platform Wish to Upgrade Your 2026 WAEC Result? Read This WAEC GCE Registration 2026 Second Series: Fee, PIN Deadline and CBT Exam Guide [UPDATED] WAEC GCE Registration Closing Date/Deadline 2026 West African Examinations Council (WAEC) WASSCE 2026 Result Checker PIN: How School Candidates Can Get It WAEC Result: Meaning of Held or Witheld or Outstanding and Other Terms Previous story UNIMED Pre-Degree Admission Form Next story Augustine University Post UTME Screening Commences Previous story UNIMED Pre-Degree Admission Form Next story Augustine University Post UTME Screening Commences Meet The Author Olusegun Fapohunda is the founder and editor of MySchoolGist, with over a decade of experience in education publishing. He covers education updates, admission notices, examination news, scholarships, career opportunities and related public information. Connect with him on X (formerly Twitter) . Meet The Author Olusegun Fapohunda is the founder and editor of MySchoolGist, with over a decade of experience in education publishing. He covers education updates, admission notices, examination news, scholarships, career opportunities and related public information. Connect with him on X (formerly Twitter) . Home About Disclaimer Privacy Policy Quick Links Education Resources WAEC Past Questions NABTEB Past Questions JAMB Past Questions Post UTME Past Questions Universities Polytechnics Monotechnics Colleges of Education Top Universities Illegal Universities Courses JAMB WAEC NECO Jobs in Nigeria MySchoolGist Web Services is a registered publisher and marketing solutions provider in Nigeria. It publishes Myschoolgist.com, a leading digital publication that covers the latest educational trends, career opportunities and current news. Copyright © 2012 - 2026 MySchoolGist Home About Disclaimer Privacy Policy Quick Links Education Resources WAEC Past Questions NABTEB Past Questions JAMB Past Questions Post UTME Past Questions Universities Polytechnics Monotechnics Colleges of Education Top Universities Illegal Universities Courses JAMB WAEC NECO Jobs in Nigeria Quick Links Education Resources WAEC Past Questions NABTEB Past Questions JAMB Past Questions Post UTME Past Questions Universities Polytechnics Monotechnics Colleges of Education Top Universities Illegal Universities Courses JAMB WAEC NECO Jobs in Nigeria MySchoolGist Web Services is a registered publisher and marketing solutions provider in Nigeria. It publishes Myschoolgist.com, a leading digital publication that covers the latest educational trends, career opportunities and current news. Copyright © 2012 - 2026 MySchoolGist",,,,,,,REJECTED,"optionA, optionB, optionC, optionD, answer"
https://myschoolgist.com/news/waec-disclaimer/,Unknown,"Hussey Street, Yaba, Lagos, Nigeria Disclaimer WAEC has not endorsed Abia State as the top WASSCE performer. False Info Media claims about Abia's top performance are incorrect. No Rankings WAEC does not rank states based on WASSCE performance. Official Stance Media should avoid sharing misleading information. Underlying Motive Some are trying to pull WAEC into political debates. Notice WAEC hasn't declared any state as 'best candidate' for 2023. Public Plea The general public should be wary of misleading reports. Statement Date 12th October, 2023 Table of contents Disclaimer: WAEC Does Not Rank States by Performance Debunking the Misconception Misinformation: A Cause for Concern An Unsettled Matter A Plea to the Public Disclaimer: WAEC Does Not Rank States by Performance Reports have surfaced on social media platforms claiming that Abia State has been distinguished as the top-performing State in the WASSCE for School Candidates, 2023 . This assertion has attracted considerable attention, particularly from the student community eager to see how their respective states performed. Abia State WASSCE for School Candidates, 2023 Prepare for JAMB, WAEC, NECO, BECE, NCEE and Post UTME Practise CBT Exams on Mobile or PC Prepare for Post UTME, WAEC, NECO, JAMB UTME, Junior WAEC (BECE) and Common Entrance (NCEE) with the MySchoolGist CBT App and Software. Use it on Android, iPhone or Windows to practise past questions anytime. Android App iPhone App Windows 10+ Windows 7 & 8 Need help choosing the right version? Chat with us on WhatsApp . Prepare for JAMB, WAEC, NECO, BECE, NCEE and Post UTME Practise CBT Exams on Mobile or PC Prepare for Post UTME, WAEC, NECO, JAMB UTME, Junior WAEC (BECE) and Common Entrance (NCEE) with the MySchoolGist CBT App and Software. Use it on Android, iPhone or Windows to practise past questions anytime. Post UTME, WAEC, NECO, JAMB UTME, Junior WAEC (BECE) Common Entrance (NCEE) Android App iPhone App Windows 10+ Windows 7 & 8 Need help choosing the right version? Chat with us on WhatsApp . Debunking the Misconception WAEC has emphatically stated that such claims are wholly inaccurate . The council, in its longstanding tradition of maintaining transparency and credibility, has always refrained from ranking states based on examination performances. It is imperative to underscore the fact that WAEC does not rank the performance of States in its examinations. This policy has been a consistent stance of the council. wholly inaccurate It is imperative to underscore the fact that WAEC does not rank the performance of States in its examinations. Misinformation: A Cause for Concern The rise of digital platforms has undeniably amplified the speed at which information is disseminated. However, it has also paved the way for mischievous platforms to spread inaccurate or politically motivated news. These entities aim to cause disputes, often for political gain, by drawing reputable bodies like WAEC into controversies. Their intent, as speculated, appears to drag the council into the political limelight, tarnishing its esteemed reputation. The overarching objective seems to be to sow discord among states vying for academic prestige. mischievous platforms An Unsettled Matter While the council has quashed rumours about state rankings, they also highlighted that they haven't yet decided on the best candidate(s) for WASSCE for School Candidates, 2023 . Therefore, any reports or claims alluding to such results should be treated with scepticism. WASSCE for School Candidates, 2023 A Plea to the Public WAEC fervently urges the general public, especially students and educators, to exercise caution. Only trust information emanating from official sources. Misinformation can lead to unnecessary confusion and it's crucial to rely on authoritative and verified channels for accurate updates. WAEC authoritative and verified channels This clarification was issued on 12th October 2023 by the Public Affairs Department of WAEC, with the Acting Head of Public Affairs, Moyosola Adesina , affixing her signature for further validation. 12th October 2023 Public Affairs Department Moyosola Adesina Alternative admission via JUPEB/IJMB programmes (SPONSORED) Enter 200-Level Directly! Gain University Admission via JUPEB/IJMB . Enjoy Low Fees! Call 08033006849 Now! Alternative admission via JUPEB/IJMB programmes (SPONSORED) Enter 200-Level Directly! Gain University Admission via JUPEB/IJMB . Enjoy Low Fees! Call 08033006849 Now! Search MySchoolGist ... Search Tagged: West African Examinations Council : WAEC Nigeria Tagged: Share This Post: If this post helped you, share it with others! Use the buttons below to spread the word! Share This Post: WhatsApp X (Twitter) Facebook WhatsApp X (Twitter) Facebook Suggested Articles West African Examinations Council (WAEC) Results: 2026 WASSCE for School Candidates (May/June Exam) Failed 2026 WAEC May/June Exam? Urgent Solution West African Examinations Council (WAEC) Digital Certificate Platform Wish to Upgrade Your 2026 WAEC Result? Read This WAEC GCE Registration 2026 Second Series: Fee, PIN Deadline and CBT Exam Guide [UPDATED] WAEC GCE Registration Closing Date/Deadline 2026 West African Examinations Council (WAEC) WASSCE 2026 Result Checker PIN: How School Candidates Can Get It WAEC Result: Meaning of Held or Witheld or Outstanding and Other Terms Suggested Articles Articles West African Examinations Council (WAEC) Results: 2026 WASSCE for School Candidates (May/June Exam) Failed 2026 WAEC May/June Exam? Urgent Solution West African Examinations Council (WAEC) Digital Certificate Platform Wish to Upgrade Your 2026 WAEC Result? Read This WAEC GCE Registration 2026 Second Series: Fee, PIN Deadline and CBT Exam Guide [UPDATED] WAEC GCE Registration Closing Date/Deadline 2026 West African Examinations Council (WAEC) WASSCE 2026 Result Checker PIN: How School Candidates Can Get It WAEC Result: Meaning of Held or Witheld or Outstanding and Other Terms Previous story NOHIL Federal College of Orthopaedic Technology HND Admission Form Next story Borno State College of Health Technology Maiduguri Admission List Previous story NOHIL Federal College of Orthopaedic Technology HND Admission Form Next story Borno State College of Health Technology Maiduguri Admission List Meet The Author Olusegun Fapohunda is the founder and editor of MySchoolGist, with over a decade of experience in education publishing. He covers education updates, admission notices, examination news, scholarships, career opportunities and related public information. Connect with him on X (formerly Twitter) . Meet The Author Olusegun Fapohunda is the founder and editor of MySchoolGist, with over a decade of experience in education publishing. He covers education updates, admission notices, examination news, scholarships, career opportunities and related public information. Connect with him on X (formerly Twitter) . Home About Disclaimer Privacy Policy Quick Links Education Resources WAEC Past Questions NABTEB Past Questions JAMB Past Questions Post UTME Past Questions Universities Polytechnics Monotechnics Colleges of Education Top Universities Illegal Universities Courses JAMB WAEC NECO Jobs in Nigeria MySchoolGist Web Services is a registered publisher and marketing solutions provider in Nigeria. It publishes Myschoolgist.com, a leading digital publication that covers the latest educational trends, career opportunities and current news. Copyright © 2012 - 2026 MySchoolGist Home About Disclaimer Privacy Policy Quick Links Education Resources WAEC Past Questions NABTEB Past Questions JAMB Past Questions Post UTME Past Questions Universities Polytechnics Monotechnics Colleges of Education Top Universities Illegal Universities Courses JAMB WAEC NECO Jobs in Nigeria Quick Links Education Resources WAEC Past Questions NABTEB Past Questions JAMB Past Questions Post UTME Past Questions Universities Polytechnics Monotechnics Colleges of Education Top Universities Illegal Universities Courses JAMB WAEC NECO Jobs in Nigeria MySchoolGist Web Services is a registered publisher and marketing solutions provider in Nigeria. It publishes Myschoolgist.com, a leading digital publication that covers the latest educational trends, career opportunities and current news. Copyright © 2012 - 2026 MySchoolGist",,,,,,,REJECTED,"optionA, optionB, optionC, optionD, answer"
https://myschoolgist.com/news/waec-extends-registration-deadline/,Unknown,"What does this mean for your school and how can you ensure a smooth and timely registration? In an important update that will impact numerous schools and students, the West African Examinations Council (WAE",,,"has officially announced an extension to the registration period for the WASSCE for School Candidates, scheduled for May/June",,,,REJECTED,"optionA, optionB, optionD, answer"
https://myschoolgist.com/news/waec-extends-registration-deadline/,Unknown,,,,,,,,REJECTED,"question, optionA, optionB, optionC, optionD, answer"
https://myschoolgist.com/news/waec-extends-registration-deadline/,Unknown,Organisation West African Examinations Council (WAE,,,"Original Deadline Prior to Extension New Deadline 12th March 2024 Online Registration Mandatory Completion Before Deadline Extension Notice Official Announcement by WAEC Schools Alerted Information Disseminated to Schools Preparation Advice Urging Timely Completion of Registration Extended Deadline for WASSCE School Candidate Registration New Registration Deadline Announced Extended Date: The WAEC management has confirmed that the registration period for the WASSCE May/June 2024 exam has been extended to Tuesday, 12th March",,,,REJECTED,"optionA, optionB, optionD, answer"
https://myschoolgist.com/news/waec-extends-registration-deadline/,Unknown,,,,,,,,REJECTED,"question, optionA, optionB, optionC, optionD, answer"
https://myschoolgist.com/news/waec-extends-registration-deadline/,Unknown,"What This Means for Schools and Students Opportunity for Comprehensive Registration Additional Time: This extension provides schools with the necessary additional time to ensure that all eligible candidates are duly registered for the exam. Avoiding Last-Minute Rush: Schools are advised to take advantage of this extended period to avoid the pitfalls of last-minute registrations, which can often lead to errors and omissions. Ensuring Compliance with WAEC Guidelines Adhering to Deadlines: It is crucial for schools to adhere to this new deadline to ensure their students' eligibility for the WASSCE May/June 2024 exam. Meeting Registration Requirements: Schools should ensure that all registration requirements are met, including the submission of accurate candidate information and the completion of all necessary documentation. Conclusion: Maximizing the Extended Registration Period The announcement of this extension by the WAEC is a significant opportunity for schools to thoroughly prepare and register their students for the WASSCE May/June 2024 exam. By ensuring compliance with the new deadline and taking proactive steps to complete the registration process efficiently, schools can guarantee that their students are well-prepared and eligible to sit for this critical examination. Remember, timely and accurate registration is key to a smooth and successful examination experience for all candidates. Prepare for JAMB, WAEC, NECO, BECE, NCEE and Post UTME Practise CBT Exams on Mobile or PC Prepare for Post UTME, WAEC, NECO, JAMB UTME, Junior WAEC (BECE) and Common Entrance (NCEE) with the MySchoolGist CBT App and Software. Use it on Android, iPhone or Windows to practise past questions anytime. Android App iPhone App Windows 10+ Windows 7 & 8 Need help choosing the right version? Chat with us on WhatsApp . Alternative admission via JUPEB/IJMB programmes (SPONSORE",,Enjoy Low Fees! Call 08033006849 Now! Search MySchoolGist ... Search Tagge,"WASSCE 2026 Result Checker PIN: How School Candidates Can Get It WAEC Result: Meaning of Held or Witheld or Outstanding and Other Terms Meet The Author Olusegun Fapohunda is the founder and editor of MySchoolGist, with over a decade of experience in education publishing. He covers education updates, admission notices, examination news, scholarships, career opportunities and related public information. Connect with him on X (formerly Twitter) .","West African Examinations Council : WAEC Nigeria Share This Post: If this post helped you, share it with others! Use the buttons below to spread the word! WhatsApp X (Twitter) Facebook Suggested Articles West African Examinations Council (WAE",,,REJECTED,"optionA, answer"
https://myschoolgist.com/news/waec-gce-mock/,Unknown,"Candidates must take note of these dates to ensure they are ready for the test. Access the Mock Examination Portal Access : Visit the WAEC Mock Examination Portal using a mobile device or computer. Second Attempt : Candidates who encounter issues during their first attempt can make another attempt to access the test. Information for Registered Candidates Login Details : WAEC will send login information to candidates via email and phone after the registration process ends. Tutorial Videos : Instructional videos explaining how to navigate the portal will be available on WAEC's official social media pages. Key Resources for Preparation To improve readiness for the examination, candidates are encouraged to use the following resources: WAEC GCE Timetable How to Obtain WAEC GCE Form WAEC Sample Questions and Scheme WAEC Syllabus Why This Mock Examination Matters This free mock test is a chance to experience the CBT format before the main exam. It helps build confidence, provides insights into the test structure and highlights areas needing improvement. Prepare Thoroughly Use the resources provided, practise using the portal and ensure readiness for the main C",,Enjoy Low Fees! Call 08033006849 Now! Search MySchoolGist ... Search Tagge,"Results: 2026 WASSCE for School Candidates (May/June Exam) Failed 2026 WAEC May/June Exam? Urgent Solution Meet The Author Olusegun Fapohunda is the founder and editor of MySchoolGist, with over a decade of experience in education publishing. He covers education updates, admission notices, examination news, scholarships, career opportunities and related public information. Connect with him on X (formerly Twitter) .","WAEC GCE Registration Portal Share This Post: If this post helped you, share it with others! Use the buttons below to spread the word! WhatsApp X (Twitter) Facebook Suggested Articles WAEC GCE Registration Closing Date/Deadline 2026 Price of WAEC GCE Scratch Cards & Selling Points WAEC GCE 'Walk-in Candidates' Registration Process 2026 WAEC GCE Registration Form Template 2026 WAEC GCE Registration 2026 Second Series: Fee, PIN Deadline and CBT Exam Guide [UPDATED] West African Examinations Council (WAE",,,REJECTED,"optionA, answer"
https://myschoolgist.com/news/venite-nursing-accreditation-189124/,Unknown,,,,,,,,REJECTED,"question, optionA, optionB, optionC, optionD, answer"
https://myschoolgist.com/news/venite-nursing-accreditation-189124/,Unknown,,,,,,,,REJECTED,"question, optionA, optionB, optionC, optionD, answer"
https://myschoolgist.com/news/venite-nursing-accreditation-189124/,Unknown,,,,,,,,REJECTED,"question, optionA, optionB, optionC, optionD, answer"
https://myschoolgist.com/news/venite-nursing-accreditation-189124/,Unknown,What Does the NUC Approval Mean for the Nursing Programme? The full accreditation status authorises Venite University to continue offering its Bachelor of Nursing Science programme. The programme is under the College of Medicine and Allied Health Sciences and the approval supports the university's provision of nursing education in Nigeri,"The five-year status also confirms the outcome of the assessment conducted by the commission. How Did the Vice-Chancellor Respond? The Vice-Chancellor of Venite University, Professor Charity Aremu, described the accreditation as evidence of the university's commitment to academic standards, teaching facilities and a learning environment that prepares competent healthcare professionals. She stated that the university remains committed to quality academic delivery. Professor Aremu also thanked the National Universities Commission for the confidence placed in the university and acknowledged the joint effort that supported the accreditation outcome. Who Was Recognised for the Accreditation Success? Professor Aremu commended the university units, officers and governing body whose work contributed to the successful accreditation exercise. Those recognised include",,,When Was the Nursing Science Programme Assessed? The National Universities Commission conducted the accreditation exercise in May,,,REJECTED,"optionB, optionC, answer"
https://myschoolgist.com/news/venite-nursing-accreditation-189124/,Unknown,,,,,,,,REJECTED,"question, optionA, optionB, optionC, optionD, answer"
https://myschoolgist.com/news/venite-nursing-accreditation-189124/,Unknown,The accreditation will remain valid for five years. Alternative admission via JUPEB/IJMB programmes (SPONSORE,"O'Level Result Upload for 2026/2027 Admission Candidates Federal University of Health Sciences, Otukpo (FUHSO) Remedial Admission Form for 2026/2027 Academic Session",Enjoy Low Fees! Call 08033006849 Now! Search MySchoolGist ... Search Tagge,,"Upload O'Level Result on JAMB CAPS Federal University of Technology, Ikot Abasi (FUTI",,,REJECTED,"optionC, answer"
https://myschoolgist.com/keyword/www-nuc-edu-ng/,Unknown,"… Peter University Gets NUC Approval for 11 New Programmes Last Modified on July 19th, 2026 Peter University, Achina/Onneh, has received approval from the National Universities Commission to begin admitting students into 11 academic programmes. The approval followed a successful resource verification exercise conducted by NUC, during which the commission assessed the academic and physical resources provided for the courses. Admission into the newly approved programmes … Federal University of Health Sciences and Technology, Tsafe (FUHSATT) Gets NUC Approval for 18 Undergraduate Programmes Last Modified on July 19th, 2026 The Federal University of Health Sciences and Technology, Tsafe has received approval from the National Universities Commission to begin 18 full-time undergraduate programmes from the 2026/2027 academic session. The approval covers courses in health sciences, allied health and technology. NUC issued the decision after a panel of experts completed a … Wellspring University Gets NUC Approval for Five New Undergraduate Programmes Last Modified on July 6th, 2026 Wellspring University, Benin City has received official approval from the National Universities Commission to establish five new undergraduate programmes. The newly approved programmes will take effect from the 2026/2027 academic session and the approval marks a major academic milestone for the university. What has NUC approved for Wellspring University? The … Enugu State University of Science and Technology (ESUT) Receives NUC Approval for Five New Full-Time Undergraduate Programmes Last Modified on July 3rd, 2026 Enugu State University of Science and Technology, ESUT, has received approval from the National Universities Commission, NUC, to start five new full-time undergraduate programmes from the 2026/2027 academic session. The approval covers",has announced that 14 newly established academic programmes are now available on the JAMB Central Admission Processing System (CAPS) for the 2026/2027 admission exercise. The programmes have received resource verification from the National Universities Commission (NU,has received approval from the National Universities Commission (NU,"to begin six new undergraduate programmes. All six programmes will be offered on a full-time basis from the 2026/2027 academic session. Which New FUNAAB Programmes Have Been Approved? The NUC has approved the following … North-Eastern University Programmes: NUC Approval and 2026/2027 Course List Last Modified on June 22nd, 2026 North-Eastern University, Gombe, has received approval from the National Universities Commission for new full-time undergraduate and professional programmes, effective from the 2026/2027 academic session. The approval covers programmes in technology, information systems and health sciences. What Has NUC Approved for North-Eastern University? NUC has approved the establishment of new full-time … Lens University Programmes: NUC Approval, Course List and 2026/2027 Start Last Modified on June 22nd, 2026 Lens University, Ilemona, has received approval from the National Universities Commission for additional full-time academic programmes, with effect from the 2026/2027 academic session. The approval followed the resource inspection carried out by the NUC team on Saturday, 9 May",,,,REJECTED,"optionD, answer"
https://myschoolgist.com/keyword/www-nuc-edu-ng/,Unknown,"What Has NUC Approved for Lens University? NUC has approved … Redeemer's University Gets NUC Approval for MBBS and New Programmes Last Modified on June 22nd, 2026 Redeemer's University has received approval from the National Universities Commission to commence Bachelor of Medicine and Surgery, MBBS and other full-time academic programmes from the 2026/2027 academic session. The approval followed a resource verification exercise conducted by NUC on the University campus. What Has NUC Approved for Redeemer's University? NUC … Bamidele Olumilua University of Education, Science and Technology, Ikere-Ekiti (BOUESTI) Postgraduate Programmes Approved by NUC Last Modified on June 22nd, 2026 Bamidele Olumilua University of Education, Science and Technology, Ikere-Ekiti, has received approval from the National Universities Commission for 33 postgraduate programmes, with effect from the 2026/2027 academic session. The approval covers Postgraduate Diploma, Master's, Doctor of Philosophy and Master of Public Administration programmes across several academic fields. What Has BOUESTI … NUC Approves 10 New Postgraduate Programmes at Nigeria Police Academy Last Modified on June 22nd, 2026 The National Universities Commission has approved 10 new postgraduate programmes at the Nigeria Police Academy, Wudil and the approved courses will be run on a full-time basis. The approval is a new academic opening for candidates who are seeking postgraduate study in security, policing, law, science, management and related fields. … List of Illegal Universities in Nigeria by NUC 2026 Last Modified on June 21st, 2026 List of illegal degree awarding universities operating in Nigeria, by National Universities Commission (NU","NUC Accreditation: 19 Programmes Get Full Approval After 2025 Review Last Modified on May 14th, 2026 Federal University Dutsin-Ma has secured full accreditation for 19 academic programmes after the National Universities Commission accreditation exercise held in October and November",,"The result gives the university full accreditation for the listed courses. Programmes That Received Full NUC Accreditation The official communication, signed by the Executive Secretary of … Federal University Dutsin-Ma (FUDM",,,,REJECTED,"optionB, optionD, answer"
https://myschoolgist.com/keyword/www-nuc-edu-ng/,Unknown,,,,,,,,REJECTED,"question, optionA, optionB, optionC, optionD, answer"
https://myschoolgist.com/keyword/www-nuc-edu-ng/,Unknown,,,,,,,,REJECTED,"question, optionA, optionB, optionC, optionD, answer"
https://myschoolgist.com/keyword/www-nuc-edu-ng/,Unknown,"NUC Accreditation Visit to AE-FUNAI The National Universities Commission visited AE-FUNAI for the accreditation exercise under the Education … Fountain University NUC Accreditation: Full Approval for All Programmes Last Modified on May 7th, 2026 Fountain University, Osogbo, has secured full accreditation for all its academic programmes from the National Universities Commission. The approval marks a major step for the university, which now has over 39 fully accredited programmes, with several of them also carrying relevant professional recognitions. Fountain University Gets Full NUC Accreditation The … Federal University of Health Sciences, Il","Orangun, has received full accreditation from the National Universities Commission for nine undergraduate programmes. FUHSI recorded a 100% pass rate for the programmes due for review. For students, parents, staff and applicants watching the university's course status, this update gives a clear list of … Ajayi Crowther University (ACU) NUC Accreditation: Programmes Get Full Approval, Three New Courses Cleared Last Modified on May 1st, 2026 Ajayi Crowther University, Oyo State, has received full accreditation from the National Universities Commission for several postgraduate and undergraduate programmes. The NUC also approved three new full-time undergraduate programmes for the 2025/2026 academic session. For students, parents and applicants checking ACU course status, the update covers master's programmes, Education courses, … Load More Posts Search the MySchoolGist site Search Recent Posts Lagos State University (LASU) Admission List for 2026/2027 Academic Session | Merit & Supplementary [UPDATED] Ignatius Ajuru University Of Education (IAUE) Admission List for 2026/2027 Academic Session | 1st Batch Ignatius Ajuru University Of Education (IAUE) Acceptance Fee, Clearance & Registration Procedures for 2026/2027 Newly Admitted Candidates Federal Polytechnic, Ukana Post UTME Form for 2026/2027 ND Admission Federal Polytechnic, Ukana HND Admission Form for 2026/2027 Academic Session Scholarships & Opportunities KPMG Seyi Bickersteth Scholarship Programme",,,,,,REJECTED,"optionB, optionC, optionD, answer"
https://myschoolgist.com/keyword/www-nuc-edu-ng/,Unknown,,,,,,,,REJECTED,"question, optionA, optionB, optionC, optionD, answer"
https://myschoolgist.com/keyword/www-nuc-edu-ng/,Unknown,,,,,,,,REJECTED,"question, optionA, optionB, optionC, optionD, answer"
https://myschoolgist.com/keyword/www-nuc-edu-ng/,Unknown,,,,,,,,REJECTED,"question, optionA, optionB, optionC, optionD, answer"
https://myschoolgist.com/keyword/www-nuc-edu-ng/,Unknown,,,,,,,,REJECTED,"question, optionA, optionB, optionC, optionD, answer"
https://myschoolgist.com/section/universities-nigeria/,Unknown,,,,,,,,REJECTED,"question, optionA, optionB, optionC, optionD, answer"
https://myschoolgist.com/section/universities-nigeria/,Unknown,,,,,,,,REJECTED,"question, optionA, optionB, optionC, optionD, answer"
https://myschoolgist.com/section/universities-nigeria/,Unknown,,,,,,,,REJECTED,"question, optionA, optionB, optionC, optionD, answer"
https://myschoolgist.com/section/universities-nigeria/,Unknown,,,,,,,,REJECTED,"question, optionA, optionB, optionC, optionD, answer"
https://myschoolgist.com/news/kwasu-new-programmes-approved-189252/,Unknown,undergraduate programmes,,,,,,,REJECTED,"optionA, optionB, optionC, optionD, answer"
https://myschoolgist.com/news/kwasu-new-programmes-approved-189252/,Unknown,"postgraduate programmes All the programmes have been approved for full-time take-off from the 2026/2027 academic session. Which Undergraduate Programmes Were Approved? The 14 approved undergraduate programmes are: These programmes will be available for full-time take-off from the approved academic session. Which Health-Related Programmes Were Approved? The undergraduate list contains health-related courses, including: The approval confirms their full-time take-off from the 2026/2027 academic session. Which Engineering Programmes Were Approved? Three Bachelor of Engineering programmes appear on the approved undergraduate list: Which Education Programmes Were Approved? The approved education programmes are: Which Environmental and Management Programmes Were Approved? The approved list includes programmes connected with the built environment and management fields: Which Postgraduate Programmes Were Approved? The announcement states that 10 programmes were approved at postgraduate level. The notice groups the postgraduate approvals as follows: M.A. and Ph.D. Fine and Applied Arts M.A. and Ph.D. Performing Arts M.A. Linguistics PGD M.Tech and Ph.D. Food Science and Technology Ph.D. Hospitality and Tourism Management Ph.D. Public Administration Ph.D. Mass Communication The announcement does not provide separate entry conditions or study periods for the postgraduate awards. Who Is the KWASU Vice-Chancellor Named in the Approval? The NUC approval letter was addressed to Professor Shaykh-Luqman Jimoh, Vice-Chancellor of Kwara State University, Malete. He expressed excitement about the approval and congratulated members of staff who worked on the resource verification exercise conducted by the regulatory agency. What Did the Vice-Chancellor Say About the Approval? Professor Shaykh-Luqman Jimoh praised the staff members whose work supported the success of the NUC resource verification exercise. He said KWASU would continue to sustain its record in teaching and research. Community development would also remain part of the university's work. The Vice-Chancellor stated that the university would continue producing human capital resources needed to support global development. What Does the Approval Mean for the 2026/2027 Session? The approval permits the listed programmes to take off on a full-time basis from the 2026/2027 academic session. This announcement confirms the academic approval. It does not provide application dates, admission requirements, school fees or registration procedures for prospective applicants. Has KWASU Announced Admission Forms for the New Programmes? The supplied announcement contains no admission form date or application procedure for the newly approved programmes. It also does not state the required UTME scores, O'Level subjects or postgraduate entry qualifications. Does the Approval Cover Part-Time Study? The NUC approval stated in the announcement is for full-time take-off. No part-time approval is mentioned. Alternative admission via JUPEB/IJMB programmes (SPONSORED) Enter 200-Level Directly! Gain University Admission via JUPEB/IJMB . Enjoy Low Fees! Call 08033006849 Now! Alternative admission via JUPEB/IJMB programmes (SPONSORED) Enter 200-Level Directly! Gain University Admission via JUPEB/IJMB . Enjoy Low Fees! Call 08033006849 Now! Search MySchoolGist ... Search Tagged: Kwara State University : KWASU , National Universities Commission : NUC Tagged: Share This Post: If this post helped you, share it with others! Use the buttons below to spread the word! Share This Post: WhatsApp X (Twitter) Facebook WhatsApp X (Twitter) Facebook Suggested Articles Kwara State University (KWASU) Admission List for 2026/2027 Academic Session Kaduna State University (KASU) Distance Learning MBA Gets NUC Approval Venite University Nursing Science Programme Gets Five-Year Full NUC Accreditation Peter University Gets NUC Approval for 11 New Programmes Ignatius Ajuru University Of Education (IAUE) Acceptance Fee, Clearance & Registration Procedures for 2026/2027 Newly Admitted Candidates Usmanu Danfodiyo University, Sokoto (UDUSOK) 2026/2027 Admission Process Has Started: Upload O'Level Result on JAMB CAPS Federal University of Technology, Ikot Abasi (FUTIA) O'Level Result Upload for 2026/2027 Admission Candidates Federal University of Health Sciences, Otukpo (FUHSO) Remedial Admission Form for 2026/2027 Academic Session Suggested Articles Articles Kwara State University (KWASU) Admission List for 2026/2027 Academic Session Kaduna State University (KASU) Distance Learning MBA Gets NUC Approval Venite University Nursing Science Programme Gets Five-Year Full NUC Accreditation Peter University Gets NUC Approval for 11 New Programmes Ignatius Ajuru University Of Education (IAUE) Acceptance Fee, Clearance & Registration Procedures for 2026/2027 Newly Admitted Candidates Usmanu Danfodiyo University, Sokoto (UDUSOK) 2026/2027 Admission Process Has Started: Upload O'Level Result on JAMB CAPS Federal University of Technology, Ikot Abasi (FUTIA) O'Level Result Upload for 2026/2027 Admission Candidates Federal University of Health Sciences, Otukpo (FUHSO) Remedial Admission Form for 2026/2027 Academic Session Previous story National Ear Care Centre (NECC) Kaduna Diploma in Audiology Admission Form for 2026/2027 Academic Session Next story Nigeria Maritime University (NMU) Postgraduate Admission Form for 2026/2027 Academic Session Previous story National Ear Care Centre (NECC) Kaduna Diploma in Audiology Admission Form for 2026/2027 Academic Session Next story Nigeria Maritime University (NMU) Postgraduate Admission Form for 2026/2027 Academic Session Home About Disclaimer Privacy Policy Quick Links Education Resources WAEC Past Questions NABTEB Past Questions JAMB Past Questions Post UTME Past Questions Universities Polytechnics Monotechnics Colleges of Education Top Universities Illegal Universities Courses JAMB WAEC NECO Jobs in Nigeria MySchoolGist Web Services is a registered publisher and marketing solutions provider in Nigeria. It publishes Myschoolgist.com, a leading digital publication that covers the latest educational trends, career opportunities and current news. Copyright © 2012 - 2026 MySchoolGist Home About Disclaimer Privacy Policy Quick Links Education Resources WAEC Past Questions NABTEB Past Questions JAMB Past Questions Post UTME Past Questions Universities Polytechnics Monotechnics Colleges of Education Top Universities Illegal Universities Courses JAMB WAEC NECO Jobs in Nigeria Quick Links Education Resources WAEC Past Questions NABTEB Past Questions JAMB Past Questions Post UTME Past Questions Universities Polytechnics Monotechnics Colleges of Education Top Universities Illegal Universities Courses JAMB WAEC NECO Jobs in Nigeria MySchoolGist Web Services is a registered publisher and marketing solutions provider in Nigeria. It publishes Myschoolgist.com, a leading digital publication that covers the latest educational trends, career opportunities and current news. Copyright © 2012 - 2026 MySchoolGist",,Sc. Architecture Sc. Quantity Surveying Sc. Surveying and Geoinformatics NSc. Nursing Science Ed. Educational Technology Ed. Guidance and Counselling Ed. Health Education Ed. Entrepreneurship Education Sc. Insurance and Risk Management Ed. Technology Education Community Health Science Eng. Computer Engineering Eng. Industrial and Production Engineering Eng. Biomedical Engineering NSc. Nursing Science Ed. Health Education Community Health Science Eng. Biomedical Engineering Eng. Computer Engineering Eng. Industrial and Production Engineering Eng. Biomedical Engineering Ed. Educational Technology Ed. Guidance and Counselling Ed. Health Education Ed. Entrepreneurship Education Ed. Technology Education Sc. Architecture Sc. Quantity Surveying Sc. Surveying and Geoinformatics Sc. Insurance and Risk Management,,,,,REJECTED,"optionA, optionC, optionD, answer"
https://myschoolgist.com/news/happy-fathers-day-messages/,Unknown,"Make your dad feel special with heartfelt words. Discover tips on crafting unique greetings and find the right message to show your appreciation. Father's Day 2026 is here and it's the perfect time to show your dad how much he means to you. This special day is dedicated to celebrating and honouring fathers and father figures who have played a significant role in our lives. Whether your dad is a superhero, a mentor or your best friend, expressing your love and appreciation through heartfelt messages, wishes and quotes can make his day truly memorable. Heartfelt Messages for Father's Day Prepare for JAMB, WAEC, NECO, BECE, NCEE and Post UTME Practise CBT Exams on Mobile or PC Prepare for Post UTME, WAEC, NECO, JAMB UTME, Junior WAEC (BECE) and Common Entrance (NCEE) with the MySchoolGist CBT App and Software. Use it on Android, iPhone or Windows to practise past questions anytime. Android App iPhone App Windows 10+ Windows 7 & 8 Need help choosing the right version? Chat with us on WhatsApp . Dad, your love has been my guiding light. Happy Father's Day! Happy Father's Day, Da","Clark ""When a father gives to his son, both laugh; when a son gives to his father, both cry."" — William Shakespeare ""A father is someone who carries pictures where his money used to be."" — Unknown ""My father gave me the greatest gift anyone could give another person: he believed in me."" — Jim Valvano ""It is easier for a father to have children than for children to have a real father."" — Pope John XXIII ""The older I get, the smarter my father seems to get."" — Tim Russert ""Every son quotes his father, in words and in deeds."" — Terri Guillemets ""A father's love is forever imprinted on his child's heart."" — Jennifer Williamson ""A father's love is a quiet, enduring, unshakeable love."" — Bruce Springsteen ""A truly rich man is one whose children run into his arms when his hands are empty."" — Unknown ""Fatherhood is the best thing that could happen to me and I'm just glad I can share my voice."" — Dwyane Wade ""The greatest thing a father can do for his children is to love their mother."" — Theodore Hesburgh ""A man knows when he is growing old because he begins to look like his father."" — Gabriel Garcia Marquez ""A father is a child's first hero."" — Unknown ""Da","Enjoy Low Fees! Call 08033006849 Now! Search MySchoolGist ... Search Share This Post: If this post helped you, share it with others! Use the buttons below to spread the word! WhatsApp X (Twitter) Facebook Suggested Articles Happy New Month Messages and SMS: Prayers, Wishes, Quotes and Romantic Texts Collections of Heartfelt Happy Birthday Messages Inspirational Easter Wishes, Quotes and Religious Messages / SMS for Everyone Happy New Year SMS, Messages, Quotes, Wishes, Greetings Inspirational New Month Quotes And Prayers Best 'Happy Thanksgiving' Messages, Wishes and Greetings Meet The Author Olusegun Fapohunda is the founder and editor of MySchoolGist, with over a decade of experience in education publishing. He covers education updates, admission notices, examination news, scholarships, career opportunities and related public information. Connect with him on X (formerly Twitter) .","Happy Father's Day! Happy Father's Day, Dad! You're not old, you're vintage. Dad, you're proof that not all superheroes wear capes. Happy Father's Day! To the man who can fall asleep anywhere… Happy Father's Day! Happy Father's Day to the man who taught me how to shave and how not to dance! Dad, thanks for always letting me win… even when you weren't trying. Happy Father's Day! Happy Father's Day to the grill master! Dad, thanks for being my personal ATM. Happy Father's Day! Happy Father's Day! You were right – about everything. Dad, thanks for the endless 'dadvice'. Happy Father's Day! To the man who never asks for directions… Happy Father's Day! Happy Father's Day! Remember, it's not a dad bod, it's a father figure. Dad, you're one of my favourite parents. Happy Father's Day! Happy Father's Day! Let's hope Mum doesn't find out about all the times you said yes. Dad, thanks for not embarrassing me too much. Happy Father's Day! Happy Father's Day to the man who always knows where everything is… except his keys. Dad, thanks for teaching me the important stuff, like how to change the TV channels. Happy Father's Day to the man with all the dad jokes! Dad, you're a legend… in your own min",Enter 200-Level Directly! Gain University Admission via JUPEB/IJM,,,REJECTED,answer
https://myschoolgist.com/news/kasu-distance-learning-gets-nuc-approval-189254/,Unknown,,,,,,,,REJECTED,"question, optionA, optionB, optionC, optionD, answer"
https://myschoolgist.com/news/kasu-distance-learning-gets-nuc-approval-189254/,Unknown,,,,,,,,REJECTED,"question, optionA, optionB, optionC, optionD, answer"
https://myschoolgist.com/news/kasu-distance-learning-gets-nuc-approval-189254/,Unknown,,,,,,,,REJECTED,"question, optionA, optionB, optionC, optionD, answer"
https://myschoolgist.com/news/kasu-distance-learning-gets-nuc-approval-189254/,Unknown,"The panel assessed the proposed Distance Learning Institute before the Commission granted approval. What Conditions Did the NUC Give KASU? The Commission directed Kaduna State University to comply fully with all guidelines governing distance learning programmes at Nigerian universities. KASU will also be required to carry out the recommendations contained in the panel's Technical Report. Will the Distance Learning Institute Be Reviewed? Yes. The NUC will conduct a Post-Validation Assessment Exercise after one year of operation. The exercise will form part of the Commission's review of the approved distance learning arrangement. Can KASU Add More Distance Learning Programmes? Any added programme will require a separate assessment and approval from the National Universities Commission. Approval for the MBA does not extend automatically to another course. Each proposed programme will be reviewed on its own. Has Admission Into the MBA Programme Started? The supplied announcement confirms approval to begin academic activities, but it does not state that the admission form is available. No application date, closing date, form fee or admission portal has been provide","O'Level Result Upload for 2026/2027 Admission Candidates Federal University of Health Sciences, Otukpo (FUHSO) Remedial Admission Form for 2026/2027 Academic Session",Enjoy Low Fees! Call 08033006849 Now! Search MySchoolGist ... Search Tagge,,"Upload O'Level Result on JAMB CAPS Federal University of Technology, Ikot Abasi (FUTI",,,REJECTED,"optionC, answer"
https://myschoolgist.com/ng/jamb-utme-cbt-practice-software/,Unknown,,,,,,,,REJECTED,"question, optionA, optionB, optionC, optionD, answer"
https://myschoolgist.com/ng/jamb-utme-cbt-practice-software/,Unknown,,,,,,,,REJECTED,"question, optionA, optionB, optionC, optionD, answer"
https://myschoolgist.com/ng/jamb-utme-cbt-practice-software/,Unknown,"A 12-digit activation code will be sent. Enter the code inside the software, then click ""Activate"". The name and product key should be checked before they are sent, as both details will be needed for the activation code. What Have Users Said About the Software? Users have shared the following comments: ""I use it in my cafe in Lagos. It works well on all 50 computers."" Joel, Lagos ""It teaches in a way that makes sense to me."" Abayomi, Abeokuta ""They reply fast, they also render good service."" Becky, Lagos ""The customer service was very professional and helpful."" Kikelomo, Osun The comments describe practical use across many cafe computers and clear explanations for individual learners. They also refer to responsive customer service. Is Literature Revision Included? Literature can be difficult when a set text feels long or its meaning is unclear during the first reading. The software includes summaries, notes and practice questions that will help candidates revise key parts of their texts. MySchoolGist also provides study material such as The Lekki Headmaster questions and answers . Focused notes can help candidates return to major characters and themes, then revisit key events that need more attention. What Weekly Study Plan Can a Candidate Follow? A steady plan can keep reading and timed testing within the same week, with separate periods for reviewing mistakes. The following schedule is one practical example. Monday Use Study Mode for two subjects, with 30 to 40 questions complete",,,,"Is the ₦3,000 Payment Monthly? No. The ₦3,000 fee is a one-time payment for lifetime access. How Can Candidates Download the Software? Candidates who are ready to practise can download the MySchoolGist JAMB CBT Practice Software, install the free version and test the available features before activating full access. Regular practice is the central aim. The software is a study resource for candidates who want to become familiar with the CBT screen and learn from mistakes while managing their time before the 2026 UTME. Download MySchoolGist JAMB CBT Practice Software Search MySchoolGist ... Search",D,,REJECTED,"optionA, optionB, optionC"
https://myschoolgist.com/job/plasu-registrar-vacancy-188019/,Unknown,,,,,,,,REJECTED,"question, optionA, optionB, optionC, optionD, answer"
https://myschoolgist.com/job/plasu-registrar-vacancy-188019/,Unknown,"Requirements, Duties & Application Guide By Olusegun Fapohunda June 15, 2026 Time to Rea",,Enjoy Low Fees! Call 08033006849 Now! RECOMMENDE,,"Plateau State University : PLASU Share This Post: If this post helped you, share it with others! Use the buttons below to spread the word! WhatsApp X (Twitter) Facebook Suggested Articles Plateau State University (PLASU) Post UTME/Direct Entry Screening Form for 2026/2027 Undergraduate Admission Plateau State University (PLASU) Recruitment",,,REJECTED,"optionA, optionC, answer"
https://myschoolgist.com/job/plasu-registrar-vacancy-188019/,Unknown,,,,,,,,REJECTED,"question, optionA, optionB, optionC, optionD, answer"
https://myschoolgist.com/job/plasu-registrar-vacancy-188019/,Unknown,,,,,,,,REJECTED,"question, optionA, optionB, optionC, optionD, answer"
https://myschoolgist.com/news/venite-university-job-recruitment/,Unknown,,,,,,,,REJECTED,"question, optionA, optionB, optionC, optionD, answer"
https://myschoolgist.com/news/venite-university-job-recruitment/,Unknown,"Academic and Technical Positions Open By Olusegun Fapohunda July 19, 2026 Time to Rea",,,,"6 min • 1,184 words Academic and technical professionals reviewing career opportunities at Venite University, Iloro Ekiti. At a glance Venite University has opened applications for full-time and part-time academic and technical vacancies. Vacancies cover three colleges and several programmes. Academic roles range from Graduate Assistant to Professor. Technical posts include laboratory and technologist positions. Applications are due by 11 August",,,REJECTED,"optionA, optionB, optionC, answer"
https://myschoolgist.com/news/venite-university-job-recruitment/,Unknown,,,,,,,,REJECTED,"question, optionA, optionB, optionC, optionD, answer"
https://myschoolgist.com/news/venite-university-job-recruitment/,Unknown,Only shortlisted candidates will be contacte,,,,"What Should the Application Letter Contain? The application letter must be addressed to the Registrar. It should state: The position being sought The department being selected These details should correspond with the information entered through the career portal. What Should Be Included in the Curriculum Vitae? The notice requires a Curriculum Vitae as part of the single PDF submission. Applicants should ensure that the CV supports the position selected and corresponds with the uploaded academic, professional and experience records. Are Publications Required From Every Applicant? Evidence of publications will be required where applicable. Academic candidates whose selected ranks require publication records should include the relevant evidence in the PDF file. The notice does not state that every technical applicant must provide publications. How Many Referees Are Required? Each applicant must provide the names and addresses of three referees. The referee information should be included among the documents combined into the single PDF file. Can Documents Be Uploaded Separately? The application notice requires one PDF document containing all specified materials. Applicants should therefore combine the application letter, CV, certificates, publication evidence, professional records and referee details into a single file before uploading it. What Is the Salary for the Positions? Venite University states that the remuneration package is highly competitive and will apply within the Nigerian university system. The notice does not provide individual salary amounts for the listed ranks or technical positions. When Is the Application Deadline? The application deadline is 11 August",,,REJECTED,"optionA, optionB, optionC, answer"
https://myschoolgist.com/news/venite-university-job-recruitment/,Unknown,Applications must be submitted within four weeks of the publication date through the Venite University career portal. Candidates should complete the upload before the deadline. Will Every Applicant Be Contacted? Only shortlisted candidates will be contacte,,,,All documents are combined into one PDF. The application will be submitted by 11 August,,,REJECTED,"optionA, optionB, optionC, answer"
https://myschoolgist.com/news/venite-university-job-recruitment/,Unknown,A final review should be completed before the file is uploade,,Enjoy Low Fees! Call 08033006849 Now! RECOMMENDE,,"Venite University Share This Post: If this post helped you, share it with others! Use the buttons below to spread the word! WhatsApp X (Twitter) Facebook Suggested Articles Venite University Nursing Science Programme Gets Five-Year Full NUC Accreditation Venite University College of Law Vacancies: Academic Positions and How to Apply Venite University Post UTME/Direct Entry Form for 2026/2027 Undergraduate Admission Venite University NUC Accreditation",,,REJECTED,"optionA, optionC, answer"
https://myschoolgist.com/news/venite-university-job-recruitment/,Unknown,,,,,,,,REJECTED,"question, optionA, optionB, optionC, optionD, answer"
https://myschoolgist.com/news/venite-university-job-recruitment/,Unknown,,,,,,,,REJECTED,"question, optionA, optionB, optionC, optionD, answer"
https://myschoolgist.com/news/venite-university-job-recruitment/,Unknown,,,,,,,,REJECTED,"question, optionA, optionB, optionC, optionD, answer"
https://myschoolgist.com/job/nictm-job-vacancies-188372/,Unknown,,,,,,,,REJECTED,"question, optionA, optionB, optionC, optionD, answer"
https://myschoolgist.com/job/nictm-job-vacancies-188372/,Unknown,,,,,,,,REJECTED,"question, optionA, optionB, optionC, optionD, answer"
https://myschoolgist.com/job/uniniger-job-recruitment-188605/,Unknown,,,,,,,,REJECTED,"question, optionA, optionB, optionC, optionD, answer"
https://myschoolgist.com/job/uniniger-job-recruitment-188605/,Unknown,"Academic and Technologist Vacancies, Requirements By Olusegun Fapohunda July 3, 2026 Time to Rea","curricular activities Addresses of three referees Applicants should arrange the documents carefully, since the university has requested the details in strict order. Where Should Applications Be Submitted? Applications, referee reports and NYSC certificate or exemption should be submitted under confidential cover marked with the post desired, such as ""Professor"". The application should be addressed and submitted to the Registrar. An electronic copy of the application should also be sent to registrar@uniniger.edu.ng. What Is the Deadline for UNINIGER Job Recruitment? Applications must reach the Registrar not later than two weeks from the date of the advertisement, 16 July",S,degree in a relevant field from a recognised university and they must be registered members of a reputable professional body. Applicants must also be undergoing a Ph.,"The Curriculum Vitae should contain the following details in strict order: Full name, with surname first Post desired Date and place of birth Permanent home address Contact address Phone number and email address Sex Local government and state of origin Age Nationality Marital status Number and ages of children, if any Educational bodies attended, with dates Academic and professional qualifications obtained, with dates Working experience List of publications, if any, with relevant details Evidence of community services Present employer Status and salary Extr",,,REJECTED,answer
https://myschoolgist.com/job/uniniger-job-recruitment-188605/,Unknown,Applications received after 3:00 p.m. on the last day will not be accepte,,Enjoy Low Fees! Call 08033006849 Now! RECOMMENDE,,"University on the Niger (UNINIGER) Share This Post: If this post helped you, share it with others! Use the buttons below to spread the word! WhatsApp X (Twitter) Facebook Suggested Articles University on the Niger (UNINIGER) Jobs: Vacancies for Medical Officer, Pharmacist and Laboratory Scientist University on the Niger (UNINIGER) School Fees Schedule for 2026/2027 Academic Session University on the Niger (UNINIGER) Post UTME Form for 2026/2027 Undergraduate Admission University on the Niger (UNINIGER) Accredited Courses: Full NUC Accreditation List After 2025 Exercise Akwa Ibom State University (AKSU) Academic Staff Vacancies: Requirements, Salaries and Application McPherson University Job Vacancies",,,REJECTED,"optionA, optionC, answer"
https://myschoolgist.com/job/uniniger-job-recruitment-188605/,Unknown,,,,,,,,REJECTED,"question, optionA, optionB, optionC, optionD, answer"
https://myschoolgist.com/news/fceiwo-librarian-vacancy-188328/,Unknown,,,,,,,,REJECTED,"question, optionA, optionB, optionC, optionD, answer"
https://myschoolgist.com/news/fceiwo-librarian-vacancy-188328/,Unknown,,,,,,,,REJECTED,"question, optionA, optionB, optionC, optionD, answer"
https://myschoolgist.com/news/fceiwo-librarian-vacancy-188328/,Unknown,,,,,,,,REJECTED,"question, optionA, optionB, optionC, optionD, answer"
https://myschoolgist.com/news/fceiwo-librarian-vacancy-188328/,Unknown,,,,,,,,REJECTED,"question, optionA, optionB, optionC, optionD, answer"
https://myschoolgist.com/job/azman-university-jobs-188365/,Unknown,,,,,,,,REJECTED,"question, optionA, optionB, optionC, optionD, answer"
https://myschoolgist.com/job/azman-university-jobs-188365/,Unknown,,,,,,,,REJECTED,"question, optionA, optionB, optionC, optionD, answer"
https://myschoolgist.com/job/azman-university-jobs-188365/,Unknown,,,,,,,,REJECTED,"question, optionA, optionB, optionC, optionD, answer"
https://myschoolgist.com/job/azman-university-jobs-188365/,Unknown,,,,,,,,REJECTED,"question, optionA, optionB, optionC, optionD, answer"
https://myschoolgist.com/news/frsc-job-recruitment-188324/,Unknown,,,,,,,,REJECTED,"question, optionA, optionB, optionC, optionD, answer"
https://myschoolgist.com/news/frsc-job-recruitment-188324/,Unknown,"Cadres, Requirements, Portal & Free Application Guide By Olusegun Fapohunda July 6, 2026 Time to Rea","Prepare for JAMB, WAEC, NECO, BECE, NCEE and Post UTME Practise CBT Exams on Mobile or PC Prepare for Post UTME, WAEC, NECO, JAMB UTME, Junior WAEC (BECE) and Common Entrance (NCEE) with the MySchoolGist CBT App and Software. Use it on Android, iPhone or Windows to practise past questions anytime. Android App iPhone App Windows 10+ Windows 7 & 8 Need help choosing the right version? Chat with us on WhatsApp . Who Is The FRSC Recruitment 2026 For? The recruitment is for young, qualified Nigerians who want appointment into the Federal Road Safety Corps under the listed categories. Applicants will be considered under three main categories: Officer Cadre Marshal Inspectorate Cadre Road Marshal Assistant Cadre Each category has its own qualification, age limit and rank level, so applicants are expected to choose the cadre that matches their certificate and professional status. What Cadres Are Available In The FRSC Recruitment 2026? First Category: Officer Cadre The Officer Cadre is for applicants with university degrees, professional degrees, HND or related qualifications, depending on the specific rank. Superintendent Route Commander (SR","Trade Test certificate and/or other relevant professional certificates. The appropriate class of valid Driver's Licence, for drivers and motorcycle riders. Physical and mental fitness. Articulated and tow truck drivers must be between 26 and 40 years of age. What Are The General Requirements For FRSC Recruitment 2026? All applicants must meet the general requirements stated for the recruitment exercise. Applicants must: Be Nigerian by birth. Be computer literate. Possess a valid National Driver's Licence, which will be an added advantage for all cadres. Declare and present all certificates and qualifications at the point of recruitment, since undeclared qualifications will not be accepted for future career progression in the Corps. Be medically fit and present a certificate of Medical Fitness issued by an approved government hospital. Be single. Have a minimum height of 1.65 metres for males and 1.58 metres for females. Possess current practising licences where applicable for Medical and allied professional disciplines. Have been called to the Nigerian Bar, for lawyers. Be of good character, free from financial indebtedness and must not have been convicted of any criminal offence. Have no tattoos on any part of his/her body. Use his/her personal email address and phone number during application. Avoid applying if pregnant. These requirements apply across the exercise, while each cadre still keeps its own academic and age conditions. How Will Applicants Apply For FRSC Recruitment 2026? Applications must be submitted online through the FRSC recruitment portal . Applicants should use their personal email address and phone number while submitting the online application, since the notice requires personal contact details. Shortlisted candidates will be required to present printed copies of their application forms during the screening exercise. When Will FRSC Recruitment 2026 Application Close? Applications must be submitted online within four weeks, with effect from Friday, 3 July",", CONPASS 08 Applicants for Assistant Route Commander must possess","Shortlisted candidates will present printed forms. No applicant is to pay any fee. Read on for cadres, qualifications, portal details and screening requirements. The Federal Road Safety Commission (FRS",,,REJECTED,answer
https://myschoolgist.com/news/frsc-job-recruitment-188324/,Unknown,,,,,,,,REJECTED,"question, optionA, optionB, optionC, optionD, answer"
https://myschoolgist.com/news/frsc-job-recruitment-188324/,Unknown,Alternative admission via JUPEB/IJMB programmes (SPONSORE,,Enjoy Low Fees! Call 08033006849 Now! RECOMMENDE,,"Browse a wide range of job openings and find your perfect career opportunity here . Search MySchoolGist ... Search Share This Post: If this post helped you, share it with others! Use the buttons below to spread the word! WhatsApp X (Twitter) Facebook Suggested Articles Akwa Ibom State University (AKSU) Academic Staff Vacancies: Requirements, Salaries and Application McPherson University Job Vacancies",,,REJECTED,"optionA, optionC, answer"
https://myschoolgist.com/news/frsc-job-recruitment-188324/,Unknown,,,,,,,,REJECTED,"question, optionA, optionB, optionC, optionD, answer"
https://myschoolgist.com/news/frsc-job-recruitment-188324/,Unknown,,,,,,,,REJECTED,"question, optionA, optionB, optionC, optionD, answer"
https://myschoolgist.com/news/frsc-job-recruitment-188324/,Unknown,,,,,,,,REJECTED,"question, optionA, optionB, optionC, optionD, answer"
https://myschoolgist.com/news/frsc-job-recruitment-188324/,Unknown,,,,,,,,REJECTED,"question, optionA, optionB, optionC, optionD, answer"
https://myschoolgist.com/job/famsas-job-vacancy-188511/,Unknown,,,,,,,,REJECTED,"question, optionA, optionB, optionC, optionD, answer"
https://myschoolgist.com/job/famsas-job-vacancy-188511/,Unknown,"Available Posts, Requirements And How To Apply By Olusegun Fapohunda July 1, 2026 Time to Rea",,,,"3 min • 482 words At a glance FAMSAS College job vacancy has been announced for full-time roles in Keffi. Applications are open to suitably qualified professionals Teaching, clinical and office roles are listed A CV and relevant certificates are required Valid licence is required for professional posts Deadline is 14 July 2026 Read on for available posts, requirements and application steps. FAMSAS College of Health Science and Technology, Keffi, has announced full-time job vacancies for suitably qualified professionals. The management of the College invites applications from candidates who meet the stated academic, professional and work-related requirements and all applications must be received on or before 14 July",,,REJECTED,"optionA, optionB, optionC, answer"
https://myschoolgist.com/job/famsas-job-vacancy-188511/,Unknown,"Prepare for JAMB, WAEC, NECO, BECE, NCEE and Post UTME Practise CBT Exams on Mobile or PC Prepare for Post UTME, WAEC, NECO, JAMB UTME, Junior WAEC (BECE) and Common Entrance (NCEE) with the MySchoolGist CBT App and Software. Use it on Android, iPhone or Windows to practise past questions anytime. Android App iPhone App Windows 10+ Windows 7 & 8 Need help choosing the right version? Chat with us on WhatsApp . What job vacancies are available at FAMSAS College? FAMSAS College of Health Science and Technology, Keffi, needs applicants for teaching, clinical, public relations and office roles. The available positions are: Community Health Officer, CHO, Tutor Pharmacist Tutor Bachelor of Medical Laboratory Science, BMLS, Tutor Dental Therapist / Dental Technologist Medical Laboratory Technician Pharmacy Technician Public Relations Officer, PRO Secretary Who can apply for the FAMSAS College job vacancies? Applicants should have relevant academic qualifications in their respective fields from recognised schools, with a minimum of a good grade or class. For professional positions, candidates should also have current registration and a valid practising licence from the appropriate professional regulatory council or boar",,,,"What teaching experience is required? Applicants should provide evidence of teaching experience in a College or School of Health. Candidates who can show clear ability to teach, mentor and assess students may also be considered, where the role requires teaching duties. What general skills are required? Applicants should have good communication skills, high ethical standards and basic ICT skills. These ICT skills are expected to support teaching, record keeping and office duties, depending on the post being applied for. What documents should applicants submit? Applicants should prepare the required documents before sending or submitting their applications. The application package should include: A formal application letter addressed to the Registrar A detailed Curriculum Vitae, CV Photocopies of academic certificates Photocopies of professional certificates, where applicable Evidence of registration and current practising licence, where applicable A valid means of identification How should candidates apply? Applicants may send their application by email or submit hard copies at the Registrar's Office. Email submission should be sent to famsascollege.edu@gmail.com. Hard copy submission should be made to the Registrar's Office, FAMSAS College of Health Science and Technology, Keffi, Old Nasarawa Road, Keffi, Nasarawa State. What is the application deadline? All applications must be received on or before 14 July",,,REJECTED,"optionA, optionB, optionC, answer"
https://myschoolgist.com/job/famsas-job-vacancy-188511/,Unknown,"The notice states that the deadline is two weeks from the date of publication, so applicants should use the stated closing date as the final date for submission. What should applicants check before submission? Applicants should ensure that the chosen role matches their qualification, licence status and work experience. A candidate applying as a Pharmacist Tutor, for example, should attach relevant academic and professional documents, with current registration and valid practising licence where applicable. Where should enquiries and applications be directed? Applications should be submitted to the Office of the Registrar, FAMSAS College of Health Science and Technology, Old Nasarawa Road, Keffi, Nasarawa State. Applications may also be sent through the email address stated in the vacancy notice: famsascollege.edu@gmail.com. Alternative admission via JUPEB/IJMB programmes (SPONSORE",,Enjoy Low Fees! Call 08033006849 Now! RECOMMENDE,,"FAMSAS College of Science and Technology Share This Post: If this post helped you, share it with others! Use the buttons below to spread the word! WhatsApp X (Twitter) Facebook Suggested Articles FAMSAS College of Health Science and Technology Entrance Examination for 2026/2027 Admission Exercise | Batch B FAMSAS College of Health Sciences and Technology Admission List for 2026/2027 Academic Session | 1st Batch FAMSAS College of Health Science and Technology Cut-Off Mark for 2026/2027 Admission Exercise FAMSAS College of Health Science and Technology Admission Form 2026/",,,REJECTED,"optionA, optionC, answer"
https://myschoolgist.com/job/famsas-job-vacancy-188511/,Unknown,,,,,,,,REJECTED,"question, optionA, optionB, optionC, optionD, answer"
https://myschoolgist.com/job/famsas-job-vacancy-188511/,Unknown,,,,,,,,REJECTED,"question, optionA, optionB, optionC, optionD, answer"
https://myschoolgist.com/job/deloitte-cyber-programme-188991/,Unknown,,,,,,,,REJECTED,"question, optionA, optionB, optionC, optionD, answer"
https://myschoolgist.com/job/deloitte-cyber-programme-188991/,Unknown,"Eligibility, Benefits and Application Guide By Olusegun Fapohunda July 14, 2026 Time to Rea",,,,Five O'level credits must be from one sitting. Cyber security certificates have been an added advantage. Applications have been due by 17 July,,,REJECTED,"optionA, optionB, optionC, answer"
https://myschoolgist.com/job/deloitte-cyber-programme-188991/,Unknown,,,,,,,,REJECTED,"question, optionA, optionB, optionC, optionD, answer"
https://myschoolgist.com/job/deloitte-cyber-programme-188991/,Unknown,"Prepare for JAMB, WAEC, NECO, BECE, NCEE and Post UTME Practise CBT Exams on Mobile or PC Prepare for Post UTME, WAEC, NECO, JAMB UTME, Junior WAEC (BECE) and Common Entrance (NCEE) with the MySchoolGist CBT App and Software. Use it on Android, iPhone or Windows to practise past questions anytime. Android App iPhone App Windows 10+ Windows 7 & 8 Need help choosing the right version? Chat with us on WhatsApp . What is the Deloitte Cyber Security Programme? The Deloitte Academy Cyber Security Programme is a skills training course created to develop graduates who can respond to present and future challenges within cyber security and information technology. The programme will run for 12 months. Participants will gain technical knowledge that may support future work on cyber security assignments and related information technology roles. The programme is a training scheme; employment is outside its stated scope. Is the Deloitte Cyber Security Programme a job? The programme is a skills development course rather than an employment scheme. Participation does not amount to a job offer from Deloitte. Candidates who record exceptional performance after completing the programme may be considered for an internship placement. Participants may also be placed within Deloitte's pool of cyber security professionals for projects. Neither benefit has been presented as automatic employment. How long will the programme last? The Deloitte Cyber Security Programme will last for 12 months. The supplied notice does not provide the training start date, daily schedule or delivery format. Who can apply for the Deloitte Cyber Academy? The programme is open to young Nigerian graduates who meet the academic, age and technical conditions. An applicant must: Hold a degree in Computer Science, Engineering or a related discipline Have at least a second class upper or upper credit Be 28 years old or younger when applying Have five WASSCE or NECO credits from one sitting Include English Language and Mathematics among the five credits Understand basic information technology systems Be able to learn new ideas independently Be proficient in the use of MS Office tools Cyber security certification and knowledge of selected security areas will strengthen an application. Which university courses are accepted? Applicants must hold a bachelor's degree, such as a",", in any of the following areas: Computer Science Engineering A related discipline The programme notice does not provide a complete list of courses that will be treated as related disciplines. Applicants should ensure that the course entered on the form matches the title on the degree recor",,or,"Will participants receive a salary or allowance? The supplied notice does not state whether participants will receive a salary, stipend or training allowance. Applicants should rely on information published through the official programme page for any later payment details. Is there an application fee? No application fee has been stated in the supplied programme information. Candidates should complete the process only through the official application page provided by Deloitte. Which documents will be required? The announcement lists the academic and technical qualifications but does not provide a separate document checklist. Applicants should ensure that all information entered through the application page is accurate and corresponds with their academic records. How can eligible graduates apply? Applications will be submitted through the official Deloitte Cyber Academy application page . The process may be approached as follows. Step",,,REJECTED,"optionB, answer"
https://myschoolgist.com/job/deloitte-cyber-programme-188991/,Unknown,,,,,,,,REJECTED,"question, optionA, optionB, optionC, optionD, answer"
https://myschoolgist.com/job/deloitte-cyber-programme-188991/,Unknown,,,,,,,,REJECTED,"question, optionA, optionB, optionC, optionD, answer"
https://myschoolgist.com/job/deloitte-cyber-programme-188991/,Unknown,,,,,,,,REJECTED,"question, optionA, optionB, optionC, optionD, answer"
https://myschoolgist.com/job/deloitte-cyber-programme-188991/,Unknown,"Review the technical requirements The applicant should assess existing knowledge of operating systems, networks, applications, databases and MS Office tools. Any cyber security certification or experience in the listed security areas should be entered accurately where requeste",,,,Step,,,REJECTED,"optionA, optionB, optionC, answer"
https://myschoolgist.com/job/deloitte-cyber-programme-188991/,Unknown,,,,,,,,REJECTED,"question, optionA, optionB, optionC, optionD, answer"
https://myschoolgist.com/job/deloitte-cyber-programme-188991/,Unknown,,,,,,,,REJECTED,"question, optionA, optionB, optionC, optionD, answer"
https://myschoolgist.com/job/deloitte-cyber-programme-188991/,Unknown,,,,,,,,REJECTED,"question, optionA, optionB, optionC, optionD, answer"
https://myschoolgist.com/job/deloitte-cyber-programme-188991/,Unknown,Candidates should complete the online form before the closing date. No extension has been state,,Enjoy Low Fees! Call 08033006849 Now! RECOMMENDE,,"Browse a wide range of job openings and find your perfect career opportunity here . Search MySchoolGist ... Search Share This Post: If this post helped you, share it with others! Use the buttons below to spread the word! WhatsApp X (Twitter) Facebook Suggested Articles Akwa Ibom State University (AKSU) Academic Staff Vacancies: Requirements, Salaries and Application McPherson University Job Vacancies",,,REJECTED,"optionA, optionC, answer"
https://myschoolgist.com/job/deloitte-cyber-programme-188991/,Unknown,,,,,,,,REJECTED,"question, optionA, optionB, optionC, optionD, answer"
https://myschoolgist.com/job/deloitte-cyber-programme-188991/,Unknown,,,,,,,,REJECTED,"question, optionA, optionB, optionC, optionD, answer"
https://myschoolgist.com/job/deloitte-cyber-programme-188991/,Unknown,"Graduate Requirements, Benefits and Application Link Federal Road Safety Commission (FRS",,,Job Recruitment,,,,REJECTED,"optionA, optionB, optionD, answer"
https://myschoolgist.com/job/deloitte-cyber-programme-188991/,Unknown,,,,,,,,REJECTED,"question, optionA, optionB, optionC, optionD, answer"
https://myschoolgist.com/job/naf-successful-list-185716/,Unknown,"Each selected candidate is expected to arrive with the originals and photocopies of the credentials listed by the Nigerian Air Force, together with every personal item stated in the joining instructions. Has the NAF BMTC 46/2025 successful candidates list been released? Yes. The Nigerian Air Force has released the BMTC 46/2025 successful candidates list through its official recruitment portal. Prepare for JAMB, WAEC, NECO, BECE, NCEE and Post UTME Practise CBT Exams on Mobile or PC Prepare for Post UTME, WAEC, NECO, JAMB UTME, Junior WAEC (BECE) and Common Entrance (NCEE) with the MySchoolGist CBT App and Software. Use it on Android, iPhone or Windows to practise past questions anytime. Android App iPhone App Windows 10+ Windows 7 & 8 Need help choosing the right version? Chat with us on WhatsApp . Candidates whose names appear on the published list were successful at the selection interview and are to report for training in Kadun","Training will commence after reporting. Candidates should review every joining instruction on the recruitment portal before leaving for Kaduna, since failure to present the stated documents will lead to rejection at the training centre. Why is the exercise called BMTC 46/2025 when reporting is in 2026? The recruitment exercise is identified as Basic Military Training Course 46/2025, while the reporting date for successful candidates is Sunday, 19 July",,,,,,REJECTED,"optionB, optionC, optionD, answer"
https://myschoolgist.com/job/naf-successful-list-185716/,Unknown,Candidates should use both details exactly as published when checking the result and preparing for resumption. Which credentials must successful candidates present? Each selected candidate must bring the originals and photocopies of the required credentials. A candidate who fails to present the stated documents will not be accepte,,,,"Candidates should compare their packed items with the joining instructions on the recruitment portal before reporting. What status will candidates hold after resumption? Successful candidates will become trainees, also described as recruits, once they resume at the training centre. They will not hold employee status in the Nigerian Air Force during training. Their trainee status will remain until they complete the training successfully. Should candidates on the reserve list report for training? No. Candidates on the reserve list have not been selected for the current training intake and must not report with the selected candidates. Reserve-list candidates may be invited to join the training if the need arises. Until such an invitation is issued, they are to remain away from the reporting venue. Is any recruitment fee required? No fee or charge is required from any candidate. Nigerian Air Force recruitment is a free selection process for all aspiring candidates. Successful candidates and members of the public should avoid paying individuals or groups who claim that they can secure recruitment or enlistment. The Nigerian Air Force has stated that no candidate is to make any payment to any person. How can candidates check the list and prepare for reporting? Candidates may follow this sequence: Visit the official Nigerian Air Force Recruitment Portal. Check the published BMTC 46/2025 successful candidates list. Confirm that the candidate's name appears on the selected list rather than the reserve list. Read the full joining instructions provided on the portal. Arrange the original credentials, photocopies and required personal items before reporting on 19 July",,,REJECTED,"optionA, optionB, optionC, answer"
https://myschoolgist.com/job/naf-successful-list-185716/,Unknown,Candidates should rely on the official portal for the published list and full joining instructions. How can candidates contact the Nigerian Air Force? Enquiries may be sent to careers@airforce.mil.ng. Candidates may also call the following GSM lines: 07030562381 07052683575 Frequently asked questions What happens if a candidate reports without the original credentials? The candidate will not be accepte,,Enjoy Low Fees! Call 08033006849 Now! RECOMMENDE,,"Nigerian Air Force : NAF Share This Post: If this post helped you, share it with others! Use the buttons below to spread the word! WhatsApp X (Twitter) Facebook Suggested Articles Nigerian Air Force (NAF) DSSC 34/2025 Successful Candidates List Released, Training Starts 18 April 2026 Nigerian Air Force (NAF) Invites Shortlisted Candidates for DSSC 34 Enlistment Interview in Kaduna Nigerian Air Force (NAF) DSSC 34/2025 Aptitude Test Update Nigerian Air Force (NAF) Recruitment Exercise Application Form 2025 Akwa Ibom State University (AKSU) Academic Staff Vacancies: Requirements, Salaries and Application McPherson University Job Vacancies",,,REJECTED,"optionA, optionC, answer"
https://myschoolgist.com/job/naf-successful-list-185716/,Unknown,,,,,,,,REJECTED,"question, optionA, optionB, optionC, optionD, answer"
https://myschoolgist.com/job/cdcfib-recruitment-physical-screening-verification-187933/,Unknown,Login is by Application Number. Shortlisted applicants are to upload credentials. Date and venue choice will be made on the portal. The recruitment is free; payment claims are frau,,,,"Continue reading for CDCFIB recruitment status check, screening and document verification details. The Civil Defence, Correctional, Fire and Immigration Services Board has announced the next stage of the 2024/2025 Recruitment Exercise. The next stage is physical screening and document verification. Prepare for JAMB, WAEC, NECO, BECE, NCEE and Post UTME Practise CBT Exams on Mobile or PC Prepare for Post UTME, WAEC, NECO, JAMB UTME, Junior WAEC (BECE) and Common Entrance (NCEE) with the MySchoolGist CBT App and Software. Use it on Android, iPhone or Windows to practise past questions anytime. Android App iPhone App Windows 10+ Windows 7 & 8 Need help choosing the right version? Chat with us on WhatsApp . Applicants who took part in the online Computer-Based Test held in November 2025 are to check their recruitment status on the official Board portal from Monday, 15 June to Friday, 20 June",,,REJECTED,"optionA, optionB, optionC, answer"
https://myschoolgist.com/job/cdcfib-recruitment-physical-screening-verification-187933/,Unknown,,,,,,,,REJECTED,"question, optionA, optionB, optionC, optionD, answer"
https://myschoolgist.com/job/cdcfib-recruitment-physical-screening-verification-187933/,Unknown,,,,,,,,REJECTED,"question, optionA, optionB, optionC, optionD, answer"
https://myschoolgist.com/job/cdcfib-recruitment-physical-screening-verification-187933/,Unknown,The portal check is part of the next stage of the recruitment exercise and applicants are expected to use only the official recruitment portal during the stated perio,,,,Who Is Covered by This Notice? This notice applies to applicants for the 2024/2025 CDCFIB Recruitment Exercise who took part in the online CBT held in November,,,REJECTED,"optionA, optionB, optionC, answer"
https://myschoolgist.com/job/cdcfib-recruitment-physical-screening-verification-187933/,Unknown,"It also serves as public guidance for anyone seeking official information on the next stage of the recruitment exercise. What Has the Board Said About Fairness? The Board has stated its commitment to a recruitment exercise that is transparent, credible, merit-based and in line with the rules guiding recruitment. The public should treat the official portal and approved communication channels as the trusted sources for recruitment updates. Alternative admission via JUPEB/IJMB programmes (SPONSORE",,"Recruitment 2025 Online Test and Portal Update Akwa Ibom State University (AKSU) Academic Staff Vacancies: Requirements, Salaries and Application McPherson University Job Vacancies",,Civil Defence - Fire - Immigration and Prisons Service Board (CDFIP,,,REJECTED,"optionA, optionC, answer"
https://myschoolgist.com/job/cdcfib-recruitment-physical-screening-verification-187933/,Unknown,,,,,,,,REJECTED,"question, optionA, optionB, optionC, optionD, answer"
https://myschoolgist.com/job/first-bank-graduate-trainee-187533/,Unknown,"First Bank Pan-African Graduate Trainee Programme (Nigeria) The job details are as follows: Job Identification: 1768 Job Identification: Location: Nigeria Location: Job Schedule: Full time Job Schedule: Applicants are expected to review the eligibility rules before submitting an online application, since the stated requirements are tied to age, SSCE results, tertiary qualification and NYSC completion. Who is eligible to apply? Candidates will be eligible where they meet the requirements stated for the programme. Applicants must have a maximum age of 27 years by 30 June 2026, which means the age rule will be assessed against that date. They must also have a minimum of 5 credits in the Senior Secondary Certificate Examination, including English Language and Mathematics. For tertiary education, the minimum accepted qualification is Second-Class Honours, Lower Division or HND Upper Credit in any discipline. NYSC completion must also be in place by 30 June 2026. What academic qualifications are required? The minimum university qualification is Second-Class Honours, Lower Division, in any discipline. HND holders are also eligible where the candidate has Upper Credit and the subject area is open to any discipline. The SSCE requirement is separate from the tertiary qualification, so candidates must also have at least 5 credits, including English and Mathematics. What is the age limit? The maximum age is 27 years by 30 June 2026. This means candidates should check their date of birth against 30 June 2026 before applying, as the stated age limit is part of the eligibility criteria. Is NYSC required? Yes, NYSC completion is required by 30 June 2026. Candidates who will not have completed NYSC by that date do not meet the stated requirement for the 2026 programme. What competencies and attributes are required? FirstBank has listed the following competencies and attributes for interested candidates: Excellent communication skills Strong analytical skills Strong interpersonal and relationship management skills Self-driven and results-oriented attitude Excellent problem-solving skills Good team spirit These competencies show that candidates are expected to be clear communicators, practical thinkers and people who can work well with others. Where does FirstBank operate? FirstBank operates across Nigeria through more than 750 branches. The Bank also has international presence through FBN Bank (UK) Limited in London and Paris, FBNBank DRC, FBNBank Ghana, FBNBank Gambia, FBNBank Guinea, FBNBank Sierra-Leone and FBNBank Senegal. Its representative offices are in Johannesburg, Beijing and Abu Dhabi. When is the application closing date? The application closing date is 28 June 2026 at 22:00. Candidates who meet the requirements are expected to complete the online application before the stated closing time. How can candidates apply? Interested and qualified candidates should apply online through the official application page: Apply online for the 2026 First Bank Pan-African Graduate Trainee Programme Candidates should ensure that their details match the stated eligibility conditions before submission, especially age, SSCE credits, tertiary qualification and NYSC status. What should applicants check before applying? Applicants should confirm the following details before starting the online application: Age will be 27 years or below by 30 June 2026 SSCE result has at least 5 credits, including English and Mathematics Tertiary qualification is Second-Class Lower or HND Upper Credit NYSC will have been completed by 30 June 2026 Application will be submitted before 28 June 2026 at 22:00 This check helps candidates avoid submitting an application that falls outside the listed requirements. Alternative admission via JUPEB/IJMB programmes (SPONSORED) Enter 200-Level Directly! Gain University Admission via JUPEB/IJMB . Enjoy Low Fees! Call 08033006849 Now! Alternative admission via JUPEB/IJMB programmes (SPONSORED) Enter 200-Level Directly! Gain University Admission via JUPEB/IJMB . Enjoy Low Fees! Call 08033006849 Now! RECOMMENDED : Browse a wide range of job openings and find your perfect career opportunity here . RECOMMENDED Search MySchoolGist ... Search Share This Post: If this post helped you, share it with others! Use the buttons below to spread the word! Share This Post: WhatsApp X (Twitter) Facebook WhatsApp X (Twitter) Facebook Suggested Articles Akwa Ibom State University (AKSU) Academic Staff Vacancies: Requirements, Salaries and Application McPherson University Job Vacancies 2026: Positions, Requirements and Application Details Federal Polytechnic Bali Federal Polytechnic Bali Rector Vacancy: Get the Requirements and Application Steps Venite University Job Vacancies: Get Academic or Technical Career Opportunities Nigerian Air Force (NAF) Successful Candidates List for BMTC 46/2025: Full Reporting Guide for Selected Candidates Deloitte Academy's Cyber Security Programme 2026: Gain Technical Skills and Internship Consideration LOTUS Bank Sales Academy 2026: Graduate Requirements, Benefits and Application Link Federal Road Safety Commission (FRSC) Job Recruitment 2026: Cadres, Requirements, Portal and Application Guide [UPDATED] Suggested Articles Articles Akwa Ibom State University (AKSU) Academic Staff Vacancies: Requirements, Salaries and Application McPherson University Job Vacancies 2026: Positions, Requirements and Application Details Federal Polytechnic Bali Federal Polytechnic Bali Rector Vacancy: Get the Requirements and Application Steps Venite University Job Vacancies: Get Academic or Technical Career Opportunities Nigerian Air Force (NAF) Successful Candidates List for BMTC 46/2025: Full Reporting Guide for Selected Candidates Deloitte Academy's Cyber Security Programme 2026: Gain Technical Skills and Internship Consideration LOTUS Bank Sales Academy 2026: Graduate Requirements, Benefits and Application Link Federal Road Safety Commission (FRSC) Job Recruitment 2026: Cadres, Requirements, Portal and Application Guide [UPDATED] Previous story University of Uyo (UNIUYO) Postgraduate Admission Form for 2026/2027 Academic Session Next story Naija Coke Summership Program 2026 Eligibility, Benefits and Application Link Previous story University of Uyo (UNIUYO) Postgraduate Admission Form for 2026/2027 Academic Session Next story Naija Coke Summership Program 2026 Eligibility, Benefits and Application Link Meet The Author Olusegun Fapohunda is the founder and editor of MySchoolGist, with over a decade of experience in education publishing. He covers education updates, admission notices, examination news, scholarships, career opportunities and related public information. Connect with him on X (formerly Twitter) . Meet The Author Olusegun Fapohunda is the founder and editor of MySchoolGist, with over a decade of experience in education publishing. He covers education updates, admission notices, examination news, scholarships, career opportunities and related public information. Connect with him on X (formerly Twitter) . Home About Disclaimer Privacy Policy Quick Links Education Resources WAEC Past Questions NABTEB Past Questions JAMB Past Questions Post UTME Past Questions Universities Polytechnics Monotechnics Colleges of Education Top Universities Illegal Universities Courses JAMB WAEC NECO Jobs in Nigeria MySchoolGist Web Services is a registered publisher and marketing solutions provider in Nigeria. It publishes Myschoolgist.com, a leading digital publication that covers the latest educational trends, career opportunities and current news. Copyright © 2012 - 2026 MySchoolGist Home About Disclaimer Privacy Policy Quick Links Education Resources WAEC Past Questions NABTEB Past Questions JAMB Past Questions Post UTME Past Questions Universities Polytechnics Monotechnics Colleges of Education Top Universities Illegal Universities Courses JAMB WAEC NECO Jobs in Nigeria Quick Links Education Resources WAEC Past Questions NABTEB Past Questions JAMB Past Questions Post UTME Past Questions Universities Polytechnics Monotechnics Colleges of Education Top Universities Illegal Universities Courses JAMB WAEC NECO Jobs in Nigeria MySchoolGist Web Services is a registered publisher and marketing solutions provider in Nigeria. It publishes Myschoolgist.com, a leading digital publication that covers the latest educational trends, career opportunities and current news. Copyright © 2012 - 2026 MySchoolGist",,,,,,,REJECTED,"optionA, optionB, optionC, optionD, answer"
https://myschoolgist.com/job/fuhsatt-job-recruitment-188611/,Unknown,,,,,,,,REJECTED,"question, optionA, optionB, optionC, optionD, answer"
https://myschoolgist.com/job/fuhsatt-job-recruitment-188611/,Unknown,"232 Academic and Non-Academic Vacancies By Olusegun Fapohunda July 3, 2026 Time to Rea",,,,"15 min • 2,879 words FUHSATT Job Recruitment 2026 for 232 Academic and Non-Academic Positions At a glance FUHSATT recruitment has opened for 232 academic and non-academic positions. Vacancies cover teaching, admin, technical and support roles Faculties include health, pharmacy, dentistry and medical technology Applications will be completed through the FUHSATT career portal Referee reports will be sent to the Registrar by email Application closes on 13 August 2026 Read on for the positions, requirements, documents and application steps. Federal University of Health Sciences and Technology, Tsafe, FUHSATT, Zamfara State, has invited applications from suitably qualified candidates for 232 academic and non-academic positions. The vacancies cover academic, administrative, technical and support staff roles and the recruitment is part of the university's preparation for full commencement of operation in",,,REJECTED,"optionA, optionB, optionC, answer"
https://myschoolgist.com/job/fuhsatt-job-recruitment-188611/,Unknown,"What Is the FUHSATT Recruitment About? FUHSATT has announced its 2026 internal and external advertisement for vacant academic and non-academic positions. Prepare for JAMB, WAEC, NECO, BECE, NCEE and Post UTME Practise CBT Exams on Mobile or PC Prepare for Post UTME, WAEC, NECO, JAMB UTME, Junior WAEC (BECE) and Common Entrance (NCEE) with the MySchoolGist CBT App and Software. Use it on Android, iPhone or Windows to practise past questions anytime. Android App iPhone App Windows 10+ Windows 7 & 8 Need help choosing the right version? Chat with us on WhatsApp . The university is a newly established Federal university in Tsafe, Zamfara State, with focus on health and medical technology education, biomedical research and specialised delivery. Which Areas Will the Recruitment Cover? The recruitment will cover vacancies across academic departments, administrative units, technical units and support services. The available areas include: College of Health Sciences Basic Medical Sciences Basic Clinical Sciences Dentistry Allied Health Sciences Pharmacy Science and Medical Technology Registry and administrative services Bursary and audit services Works, security, ICT, library and support units Applicants are expected to apply only for roles that match their qualifications, experience and professional status. Which Faculties and Departments Are Listed? FUHSATT listed several academic areas under the College of Health Sciences and related faculties. Basic Medical Sciences The listed areas are: Anatomy Physiology Medical Biochemistry Basic Clinical Sciences The listed areas are: Physiotherapy Chemical Pathology Medical Microbiology Haematology Pharmacology and Therapeutics Dentistry The listed areas are: Oral and Maxillofacial Surgery Restorative Dentistry Preventive Dentistry Oral Dental Health Oral Diagnostic Sciences Family Dentistry Allied Health Sciences The listed areas are: Environmental Health Science Health Information Management Human Nutrition and Dietetics Medical Laboratory Sciences Nursing Science Occupational Therapy Physiotherapy Radiography Pharmacy The listed areas are: Pharmacognosy and Drug Development Pharmaceutical and Medicinal Chemistry Pharmacology and Toxicology Clinical Pharmacy and Pharmacy Practice Pharmaceutical Microbiology Pharmaceutics and Industrial Pharmacy Science and Medical Technology The listed areas are: Artificial Intelligence and Digital Health Biotechnology Computer Science Data Sciences Software Engineering What Academic Positions Are Available? FUHSATT has advertised academic positions from Professor to Graduate Assistant. The listed academic positions and salary levels are: Professor, CONMESS 7 or CONUASS 7 Associate Professor or Reader, Deputy Librarian, CONMESS 6 or CONUASS 6 Senior Lecturer, CONMESS 5 or CONUASS 5 Lecturer I, CONMESS 4 or CONUASS 4 Lecturer II, CONMESS 3 or CONUASS 3 Assistant Lecturer or Librarian, CONMESS 2 or CONUASS 2 Graduate Assistant, CONMESS 1 or CONUASS 1 What Are the Requirements for Professor? Candidates for Professor must possess postgraduate Fellowship of the National Postgraduate Medical College of Nigeria, NPMCN or its equivalent or a PhD in a relevant fiel",,,"degree in Architecture, with three years of cognate experience. Good ICT knowledge in architectural drawings and NYSC discharge or exemption certificate are require","Late or incomplete applications will not be treated, all documents and claims will be verified and all appointments will be subject to Federal Government rules, regulations and available vacancies. What Is the FUHSATT Recruitment Closing Date? The application closing date is 13 August",,,REJECTED,"optionA, optionB, answer"
https://myschoolgist.com/job/fuhsatt-job-recruitment-188611/,Unknown,"Applicants should complete the online application and ensure that referee reports are sent to the Registrar before the closing date. FUHSATT Recruitment Notice for 2026 Federal University of Health Sciences and Technology, Tsafe, Zamfara State, has invited applications from qualified and motivated individuals for academic, administrative, technical and support staff positions. The recruitment covers 232 positions across academic and non-academic areas and applications will be submitted through the FUHSATT career portal . Applicants are expected to upload a detailed CV, academic and professional credentials, birth certificate or age declaration, NYSC discharge certificate or exemption where applicable and a covering letter stating the position applied for. Three referee reports must be sent directly to registrar@fuhsatt.edu.ng. Alternative admission via JUPEB/IJMB programmes (SPONSORE",,Enjoy Low Fees! Call 08033006849 Now! RECOMMENDE,,"Browse a wide range of job openings and find your perfect career opportunity here . Search MySchoolGist ... Search Share This Post: If this post helped you, share it with others! Use the buttons below to spread the word! WhatsApp X (Twitter) Facebook Suggested Articles Federal University of Health Sciences and Technology, Tsafe (FUHSATT) Cut-Off Marks for 2026/2027 Undergraduate Admission Exercise Federal University of Health Sciences and Technology, Tsafe (FUHSATT) Gets NUC Approval for 18 Undergraduate Programmes Federal University of Health Sciences and Technology, Tsafe (FUHSATT) Remedial Studies Resumption Date 2026 Akwa Ibom State University (AKSU) Academic Staff Vacancies: Requirements, Salaries and Application McPherson University Job Vacancies",,,REJECTED,"optionA, optionC, answer"
https://myschoolgist.com/job/fuhsatt-job-recruitment-188611/,Unknown,,,,,,,,REJECTED,"question, optionA, optionB, optionC, optionD, answer"
https://myschoolgist.com/job/fuhsatt-job-recruitment-188611/,Unknown,,,,,,,,REJECTED,"question, optionA, optionB, optionC, optionD, answer"
https://myschoolgist.com/news/federal-poly-bali-rector-vacancy-189130/,Unknown,Applicants must be Chief Lecturers with at least five years on the rank. Seventeen years of post-qualification teaching experience is require,,,,Candidates must be 59 or younger on 6 January,,,REJECTED,"optionA, optionB, optionC, answer"
https://myschoolgist.com/news/federal-poly-bali-rector-vacancy-189130/,Unknown,Twenty application copies and twenty CV copies are require,,,,"Applications are due within six weeks of the publication date. Read on for the qualifications, application documents and submission address. Federal Polytechnic Bali, Taraba State, has invited applications from suitably qualified candidates for appointment as Rector. The position will become vacant on 6 January",,,REJECTED,"optionA, optionB, optionC, answer"
https://myschoolgist.com/news/federal-poly-bali-rector-vacancy-189130/,Unknown,,,,,,,,REJECTED,"question, optionA, optionB, optionC, optionD, answer"
https://myschoolgist.com/news/federal-poly-bali-rector-vacancy-189130/,Unknown,,,,,,,,REJECTED,"question, optionA, optionB, optionC, optionD, answer"
https://myschoolgist.com/news/federal-poly-bali-rector-vacancy-189130/,Unknown,"What Are the Rector's Main Responsibilities? The Rector is the Chief Academic, Administrative and Accounting Officer of the polytechni",,,"The appointed person will be responsible for the daily management of Federal Polytechnic Bali and will exercise general authority over staff and students, subject to the control of the Governing Council. The Rector will also be responsible for discipline within the polytechnic and will provide academic and administrative leadership. As one of the Principal Officers, the Rector will support the advancement of technical and vocational education, research and community service. Who Is Eligible to Apply? An applicant must meet all academic, professional, experience, age and personal requirements stated in the advertisement. Candidates who do not meet the listed conditions may not be considered for the appointment. What Academic Qualifications Are Required? Each candidate must hold a Doctorate degree from a recognised university or higher education provider. The PhD must be in a discipline offered within the Polytechnic Sector or the candidate must meet any other qualification stated in the Schemes of Service for appointment as a Chief Lecturer. The applicant must also possess either: A bachelor's degree with at least Second Class Lower Division or A Higher National Diploma with at least Lower Credit The qualification must be in a relevant discipline and must have been obtained from a recognised university, polytechnic or other approved awarding body. How Much Teaching Experience Is Required? Each applicant must have at least 17 years of post-qualification teaching experience in tertiary education. At least 10 of those years must have been spent in a polytechnic or a similar Technical and Vocational Education and Training establishment. The candidate must also be a Chief Lecturer with at least five years of experience on that rank. What Is the Age Limit? An applicant must not be more than 59 years old on 6 January",,,,REJECTED,"optionA, optionB, optionD, answer"
https://myschoolgist.com/news/federal-poly-bali-rector-vacancy-189130/,Unknown,,,,,,,,REJECTED,"question, optionA, optionB, optionC, optionD, answer"
https://myschoolgist.com/news/federal-poly-bali-rector-vacancy-189130/,Unknown,"The advertisement does not provide for a second term. What Salary and Conditions Will Apply? The salary and conditions of service will be those approved by the Federal Government for Rectors of Federal Polytechnics. No specific salary figure has been stated in the advertisement. How Many Application Copies Are Required? Each candidate must submit: Twenty typewritten copies of the application Twenty copies of the detailed Curriculum Vitae The required number of copies should be complete and properly arranged before submission. What Must Be Included in the Curriculum Vitae? The Curriculum Vitae must contain the following details: Full name, with surname written first Date and place of birth State of origin Local Government Area Nationality Marital status Contact address Telephone number Email address Schools attended with dates Academic qualifications with dates Professional qualifications with dates Membership of professional bodies or associations Honours and distinctions, where applicable Academic or scholarly publications Conferences attended Seminars attended Workshops attended Previous employment Positions held Present employment Current status Current salary Statement of vision for the polytechnic Relevant activities outside current employment Names and addresses of three referees The information should be arranged clearly and should correspond with the submitted certificates. How Many Referees Are Required? Each candidate must provide the names and addresses of three referees. The referees must send confidential reports directly to the Registrar of Federal Polytechnic Bali. Applicants should select referees who can provide relevant information about their academic record, leadership and character. Which Supporting Documents Should Be Prepared? The advertisement requires the application and detailed Curriculum Vitae, while shortlisted candidates will be expected to present original credentials and other relevant certificates at the interview. Applicants should therefore keep the originals of their academic, professional and supporting records available. The details in the application should match those records. How Should the Application Be Packaged? Applications must be placed in sealed envelopes. Each envelope must be clearly marke",The complete package must be delivered to the Office of the Registrar. What Is the Application Deadline? Applications must reach the Office of the Registrar within six weeks from the publication date of the advertisement. A fixed calendar closing date was not included in the notice. Applicants should calculate the deadline from the date on which the advertisement was published and submit early enough for the documents to reach the Registrar within that perio,Enjoy Low Fees! Call 08033006849 Now! RECOMMENDE,,"Federal Polytechnic Bali Share This Post: If this post helped you, share it with others! Use the buttons below to spread the word! WhatsApp X (Twitter) Facebook Suggested Articles Federal Polytechnic Bali Notice to Students on NELFUND Application Portal Federal Polytechnic Bali Part-Time Admission List for 2025/2026 Academic Session Federal Polytechnic Bali NSQ Skills Training 2025/",,,REJECTED,"optionC, answer"
https://myschoolgist.com/news/federal-poly-bali-rector-vacancy-189130/,Unknown,,,,,,,,REJECTED,"question, optionA, optionB, optionC, optionD, answer"
https://myschoolgist.com/news/federal-poly-bali-rector-vacancy-189130/,Unknown,,,,,,,,REJECTED,"question, optionA, optionB, optionC, optionD, answer"
https://myschoolgist.com/news/federal-poly-bali-rector-vacancy-189130/,Unknown,,,,,,,,REJECTED,"question, optionA, optionB, optionC, optionD, answer"
https://myschoolgist.com/job/mcpherson-university-job-vacancies-189454/,Unknown,,,,,,,,REJECTED,"question, optionA, optionB, optionC, optionD, answer"
https://myschoolgist.com/job/mcpherson-university-job-vacancies-189454/,Unknown,"Requirements, Positions and Application Guide By Olusegun Fapohunda August 2, 2026 Time to Rea",,,,"5 min • 942 words AI-generated editorial image showing Nigerian professionals reviewing McPherson University job vacancy details for the 2026 recruitment notice McPherson University Job Vacancies at a Glance McPherson University job vacancies have been announced, with eight positions and a closing date of 14 August",,,REJECTED,"optionA, optionB, optionC, answer"
https://myschoolgist.com/job/mcpherson-university-job-vacancies-189454/,Unknown,,,,,,,,REJECTED,"question, optionA, optionB, optionC, optionD, answer"
https://myschoolgist.com/job/mcpherson-university-job-vacancies-189454/,Unknown,Only shortlisted applicants will be contacte,"curricular activities Community service Signature and date Applicants should ensure that the selected post is stated clearly and that every required CV section is included before submission. Conditions of Service Conditions of service are as outlined by the McPherson Regulations governing the service of employees on MUTSSS01/MUNTSSS07 and above, together with the operational Scheme of Service. Application Closing Date All applications must be received no later than Friday, 14 August",S,"in Civil Engineering from a recognised higher education provider, with at least a Second Class Lower Division, together with an NYSC Discharge Certificate or evidence of exemption. Five SSCE, NECO, WASC or GCE O'Level credits, including English Language and Mathematics, are require","Each applicant must also be registered with the Council for the Regulation of Engineering in Nigeria, COREN. How to Apply for McPherson University Job Vacancies Each candidate must be digitally literate and must send a detailed Curriculum Vitae to the Registrar through registrar@mcu.edu.ng. The Curriculum Vitae is to follow this order: Name in full, with the surname first and written in capital letters Place and date of birth Home town and Local Government Area State of origin and nationality Religion or denomination Permanent home address Present postal address Mobile number, including a WhatsApp number Email address Marital status Sex Post applied for Educational establishments attended, with dates Academic qualifications, with dates Professional qualifications, with dates Present employment, position and gross monthly salary Work experience within and outside the University, including previous positions Valid membership of professional bodies Extr",,,REJECTED,answer
https://myschoolgist.com/job/mcpherson-university-job-vacancies-189454/,Unknown,Only shortlisted applicants will be contacte,,Enjoy Low Fees! Call 08033006849 Now! RECOMMENDE,,"Mcpherson University Share This Post: If this post helped you, share it with others! Use the buttons below to spread the word! WhatsApp X (Twitter) Facebook Suggested Articles McPherson University (McU) Nursing Induction",,,REJECTED,"optionA, optionC, answer"
https://myschoolgist.com/job/mcpherson-university-job-vacancies-189454/,Unknown,,,,,,,,REJECTED,"question, optionA, optionB, optionC, optionD, answer"
https://myschoolgist.com/job/mcpherson-university-job-vacancies-189454/,Unknown,,,,,,,,REJECTED,"question, optionA, optionB, optionC, optionD, answer"
https://myschoolgist.com/job/aksu-academic-staff-recruitment-189602/,Unknown,"years old Professor Requirements for Medicine and Surgery Candidates must possess Fellowship of the National Postgraduate Medical College of Nigeria or the West African Postgraduate Medical College of Similar College Overseas. A PhD is an added advantage. Candidates for Professorship must show evidence of teaching within a university or a body of similar standing for at least ten years. They must also have contributed to knowledge through scholarly publications in reputable journals. A minimum of two years as a Reader/Associate Professor is required. Professor Requirements for Nursing A candidate is required to possess a Bachelor's degree with not less than Second Class Lower Division. Registration as a Nurse, Midwife or Public Health Nurse with the Nursing and Midwifery Council of Nigeria is required, alongside a Master's Degree in Nursing Science and a Doctor of Philosophy or Doctor of Nursing Science. Candidates must show evidence of teaching within a university of similar standing and contribution to knowledge through scholarly publications in reputable journals. Candidates with a PhD must have spent a minimum of two years as an Associate Professor. Professor Requirements for Pharmacy Pharmacy candidates must possess a Bachelor of Pharmacy (B.Pharm.) or Doctor of Pharmacy (Pharm.D.) degree, a relevant Master's degree and a PhD within the relevant field. They must be registered pharmacists with the Pharmacists Council of Nigeria and possess a current practising licence. At least ten years of teaching and research experience within a university or a body of similar standing is required, with scholarly publications in reputable local and international peer-reviewed journals. Candidates must show academic leadership through postgraduate supervision and the ability to attract research grants from local and international funding agencies. A minimum of two years as a Reader/Associate Professor is required. Senior Lecturer Requirements Senior Lecturer is on CONUASS 05 Step 1 , with an annual basic salary of ₦667,768.68 . CONUASS 05 Step 1 ₦667,768.68 Candidates are required to possess a minimum of a PhD within the relevant field and at least six years of teaching and research experience within the university system. Evidence of academic experience through publications in recognised local and international journals is required. Applicants are also expected to show academic leadership through postgraduate supervision and the ability to attract research grants from local and international funding agencies. Candidates should be ready to lead research groups within the department and university. The maximum age at the time of application is 50 years .",,,,,,,REJECTED,"optionA, optionB, optionC, optionD, answer"
https://myschoolgist.com/job/aksu-academic-staff-recruitment-189602/,Unknown,"years Senior Lecturer Requirements for Nursing Science Candidates must possess: A Bachelor's degree with not less than Second Class Lower Division. Registration as a Nurse, Midwife or Public Health Nurse with the Nursing and Midwifery Council of Nigeria. A Master's degree in Nursing Science and a Doctor of Philosophy or Doctor of Nursing Science. Evidence of teaching within a university or a body of similar standing and contribution to knowledge through scholarly publications in reputable journals. Candidates with a PhD must have spent a minimum of two years as a Lecturer I. Senior Lecturer Requirements for Medicine and Surgery Candidates must possess Fellowship of the National Postgraduate Medical College of Nigeria, the West African Postgraduate Medical College or a similar college overseas. At least four years of teaching experience within a university or a body of similar standing is required, together with scholarly publications in reputable journals. Candidates must have spent a minimum of two years as a Lecturer I. Senior Lecturer Requirements for Pharmacy Candidates must possess a Bachelor of Pharmacy (B.Pharm.) or Doctor of Pharmacy (Pharm.D.) degree, a relevant Master's degree and a PhD within the relevant field. Registration with the Pharmacists Council of Nigeria and a current practising licence are required. Candidates must have at least six years of teaching and research experience within a university or pharmaceutical research institute, with scholarly publications in reputable local and international peer-reviewed journals. They must show the ability to supervise postgraduate students and must have spent a minimum of two years as a Lecturer I. Lecturer I Requirements Lecturer I is on CONUASS 04 Step 1 , with an annual basic salary of ₦599,711.52 . CONUASS 04 Step 1 ₦599,711.52 Candidates are required to possess a minimum of a PhD within the relevant field and at least four years of teaching and research experience within the university system. Evidence of academic experience through publications in recognised local and international journals is required. Candidates must also show academic leadership through postgraduate supervision and the ability to attract research grants from local and international funding agencies. The maximum age at the time of application is 45 years .",,,,,,,REJECTED,"optionA, optionB, optionC, optionD, answer"
https://myschoolgist.com/job/aksu-academic-staff-recruitment-189602/,Unknown,"years Lecturer I Requirements for Nursing Science Candidates must possess a Bachelor's degree with not less than Second Class Lower Division and must be registered as a Nurse, Midwife or Public Health Nurse with the Nursing and Midwifery Council of Nigeria. A Master's degree in Nursing Science and a Doctor of Philosophy or Doctor of Nursing Science are required. Lecturer I Requirements for Medicine and Surgery Candidates must possess Fellowship of the National Postgraduate Medical College of Nigeria, the West African Postgraduate Medical College or a similar college overseas. Lecturer I Requirements for Pharmacy Candidates must possess a Bachelor of Pharmacy (B.Pharm.) or Doctor of Pharmacy (Pharm.D.) degree, a relevant Master's degree and a PhD within the relevant field. A relevant Fellowship of the West African Postgraduate College of Pharmacists may be considered where applicable. Candidates must be registered pharmacists with the Pharmacists Council of Nigeria and possess a current practising licence. Competence in undergraduate teaching, research and practical pharmacy training is required, together with scholarly publications in reputable journals. Lecturer II Requirements Lecturer II is on CONUASS 03 Step 1 , with an annual basic salary of ₦563,250.36 . CONUASS 03 Step 1 ₦563,250.36 A candidate must possess a minimum of a Master's degree within the relevant field with two years of experience or a PhD within the relevant field. Candidates with a Master's degree must have registered for a PhD programme. The maximum age at the time of application is 40 years .",,,,,,,REJECTED,"optionA, optionB, optionC, optionD, answer"
https://myschoolgist.com/job/aksu-academic-staff-recruitment-189602/,Unknown,"years Lecturer II Requirements for Nursing Science Candidates must possess a Bachelor's degree with not less than Second Class Lower Division. Registration as a Nurse, Midwife or Public Health Nurse with the Nursing and Midwifery Council of Nigeria is required. A Master's degree in Nursing Science is also required. Lecturer II Requirements for Medicine and Surgery Candidates must possess a minimum of a Master's degree within the relevant field with two years of experience or a PhD within the relevant field. Applicants holding a Master's degree must have registered for a PhD programme. Lecturer II Requirements for Pharmacy Candidates must possess a Bachelor of Pharmacy (B.Pharm.) or Doctor of Pharmacy (Pharm.D.) degree and a relevant Master's degree from a recognised university. They must be registered pharmacists with the Pharmacists Council of Nigeria and possess a current practising licence. Competence in undergraduate teaching and practical pharmacy training is required, while candidates must also have registered for a PhD programme. Assistant Lecturer Requirements Assistant Lecturer is on CONUASS 02 Step 1 , with an annual basic salary of ₦550,826.88 . CONUASS 02 Step 1 ₦550,826.88 Candidates must possess a minimum of a Master's degree within the relevant field with a PhD-grade result. Registration for a PhD programme is required. The maximum age at the time of application is 35 years .",,,,,,,REJECTED,"optionA, optionB, optionC, optionD, answer"
https://myschoolgist.com/job/aksu-academic-staff-recruitment-189602/,Unknown,"years Assistant Lecturer Requirements for Nursing Science A minimum of a Master's degree within the relevant field with a PhD-grade result is required. Candidates must have registered for a PhD programme. Assistant Lecturer Requirements for Medicine and Surgery A minimum of a Master's degree within the relevant field with a PhD-grade result is required. Candidates must have registered for a PhD programme. Assistant Lecturer Requirements for Pharmacy Candidates must possess a Bachelor of Pharmacy (B.Pharm.) or Doctor of Pharmacy (Pharm.D.) degree and a relevant Master's degree with a PhD-grade result. They must be registered pharmacists with the Pharmacists Council of Nigeria and possess a current practising licence. Registration for a PhD programme is required. AKSU Academic Vacancy Application Method Applicants are required to submit their applications through the Akwa Ibom State Employment Portal . Akwa Ibom State Employment Portal Candidates should review the requirements for the intended academic rank and any extra conditions attached to Nursing Science, Medicine and Surgery or Pharmacy before submitting an application. Application Closing Date Applications for the advertised academic positions must be submitted not later than four weeks from the date of the advertisement . not later than four weeks from the date of the advertisement The notice states the deadline as a four-week period rather than giving a separate calendar closing date. Frequently Asked Questions What positions are available in the AKSU academic staff recruitment? The advertised positions are Professor, Senior Lecturer, Lecturer I, Lecturer II and Assistant Lecturer. What is the salary for an AKSU Professor? Professor is on CONUASS 07 Step 2, with an annual basic salary of ₦1,004,825.64. What is the salary for an AKSU Senior Lecturer? Senior Lecturer is on CONUASS 05 Step 1, with an annual basic salary of ₦667,768.68. What is the salary for an AKSU Lecturer I? Lecturer I is on CONUASS 04 Step 1, with an annual basic salary of ₦599,711.52. What is the salary for an AKSU Lecturer II? Lecturer II is on CONUASS 03 Step 1, with an annual basic salary of ₦563,250.36. What is the salary for an AKSU Assistant Lecturer? Assistant Lecturer is on CONUASS 02 Step 1, with an annual basic salary of ₦550,826.88. Is computer literacy required? Yes. Computer literacy is listed as a general requirement for all advertised positions. Is professional registration required? Registration with the relevant professional body is required where applicable. Special registration conditions are also stated for Nursing and Pharmacy candidates. What is the age limit for the academic positions? The maximum age is 55 years for Professor, 50 years for Senior Lecturer, 45 years for Lecturer I, 40 years for Lecturer II and 35 years for Assistant Lecturer. Are there separate requirements for Nursing Science applicants? Yes. Nursing Science applicants have extra degree and professional registration requirements according to the academic rank being sought. Are there separate requirements for Medicine and Surgery applicants? Yes. Special Fellowship and experience requirements apply to certain Medicine and Surgery positions, while the advertised salary scale is stated as CONUASS/CONMESS. Are there separate requirements for Pharmacy applicants? Yes. Pharmacy applicants have extra degree requirements, Pharmacists Council of Nigeria registration conditions and current practising licence requirements according to rank. Where will applications be submitted? Applications are to be submitted through the Akwa Ibom State Employment Portal . When will applications close? Applications must be submitted not later than four weeks from the date of the advertisement. Alternative admission via JUPEB/IJMB programmes (SPONSORED) Enter 200-Level Directly! Gain University Admission via JUPEB/IJMB . Enjoy Low Fees! Call 08033006849 Now! Alternative admission via JUPEB/IJMB programmes (SPONSORED) Enter 200-Level Directly! Gain University Admission via JUPEB/IJMB . Enjoy Low Fees! Call 08033006849 Now! RECOMMENDED : Browse a wide range of job openings and find your perfect career opportunity here . RECOMMENDED Search MySchoolGist ... Search Tagged: Akwa Ibom State University : AKSU Tagged: Share This Post: If this post helped you, share it with others! Use the buttons below to spread the word! Share This Post: WhatsApp X (Twitter) Facebook WhatsApp X (Twitter) Facebook Suggested Articles Akwa Ibom State University (AKSU) Postgraduate Admission Form for 2026/2027 Academic Session AKSU Postgraduate Courses Akwa Ibom State University (AKSU) Academic Calendar for 2nd Semester 2025/2026 Academic Session Akwa Ibom State University (AKSU) Recruitment: Registrar, Bursar and University Librarian Vacancies McPherson University Job Vacancies 2026: Positions, Requirements and Application Details Federal Polytechnic Bali Federal Polytechnic Bali Rector Vacancy: Get the Requirements and Application Steps Venite University Job Vacancies: Get Academic or Technical Career Opportunities Nigerian Air Force (NAF) Successful Candidates List for BMTC 46/2025: Full Reporting Guide for Selected Candidates Suggested Articles Articles Akwa Ibom State University (AKSU) Postgraduate Admission Form for 2026/2027 Academic Session AKSU Postgraduate Courses Akwa Ibom State University (AKSU) Academic Calendar for 2nd Semester 2025/2026 Academic Session Akwa Ibom State University (AKSU) Recruitment: Registrar, Bursar and University Librarian Vacancies McPherson University Job Vacancies 2026: Positions, Requirements and Application Details Federal Polytechnic Bali Federal Polytechnic Bali Rector Vacancy: Get the Requirements and Application Steps Venite University Job Vacancies: Get Academic or Technical Career Opportunities Nigerian Air Force (NAF) Successful Candidates List for BMTC 46/2025: Full Reporting Guide for Selected Candidates Previous story Post UTME (Unified Tertiary Matriculation Examination) Forms 2026/2027 for Universities, Polytechnics and Other Schools Next story Kano State Polytechnic (KANOPOLY) Post UTME Form for 2026/2027 ND Admission Previous story Post UTME (Unified Tertiary Matriculation Examination) Forms 2026/2027 for Universities, Polytechnics and Other Schools Next story Kano State Polytechnic (KANOPOLY) Post UTME Form for 2026/2027 ND Admission Meet The Author Olusegun Fapohunda is the founder and editor of MySchoolGist, with over a decade of experience in education publishing. He covers education updates, admission notices, examination news, scholarships, career opportunities and related public information. Connect with him on X (formerly Twitter) . Meet The Author Olusegun Fapohunda is the founder and editor of MySchoolGist, with over a decade of experience in education publishing. He covers education updates, admission notices, examination news, scholarships, career opportunities and related public information. Connect with him on X (formerly Twitter) . Home About Disclaimer Privacy Policy Quick Links Education Resources WAEC Past Questions NABTEB Past Questions JAMB Past Questions Post UTME Past Questions Universities Polytechnics Monotechnics Colleges of Education Top Universities Illegal Universities Courses JAMB WAEC NECO Jobs in Nigeria MySchoolGist Web Services is a registered publisher and marketing solutions provider in Nigeria. It publishes Myschoolgist.com, a leading digital publication that covers the latest educational trends, career opportunities and current news. Copyright © 2012 - 2026 MySchoolGist Home About Disclaimer Privacy Policy Quick Links Education Resources WAEC Past Questions NABTEB Past Questions JAMB Past Questions Post UTME Past Questions Universities Polytechnics Monotechnics Colleges of Education Top Universities Illegal Universities Courses JAMB WAEC NECO Jobs in Nigeria Quick Links Education Resources WAEC Past Questions NABTEB Past Questions JAMB Past Questions Post UTME Past Questions Universities Polytechnics Monotechnics Colleges of Education Top Universities Illegal Universities Courses JAMB WAEC NECO Jobs in Nigeria MySchoolGist Web Services is a registered publisher and marketing solutions provider in Nigeria. It publishes Myschoolgist.com, a leading digital publication that covers the latest educational trends, career opportunities and current news. Copyright © 2012 - 2026 MySchoolGist",,,,,,,REJECTED,"optionA, optionB, optionC, optionD, answer"
https://myschoolgist.com/job/abu-registrar-bursar-vacancies-188646/,Unknown,,,,,,,,REJECTED,"question, optionA, optionB, optionC, optionD, answer"
https://myschoolgist.com/job/bagco-graduate-trainee-187537/,Unknown,"The programme will be based in Kano and successful trainees will be exposed to structured learning, mentorship and departmental work. The programme is designed to develop young graduates for possible key roles within the organisation, while giving them practical exposure to a packaging solutions company. What should applicants know about Flour Mills of Nigeria Plc? Flour Mills of Nigeria Plc has been part of the lives of Nigerians at home and abroad through its food brands. The company's global vision is to be a leading foods company in Africa, with high quality and affordable products available through brands such as Golden Penny Flour, Golden Penny Semovita, Goldenvita, Golden Pasta and Golden Noodles. Golden Penny remains the company's flagship brand and it is well known among bakers, confectioneries and consumers in Nigeri","Where is the Graduate Trainee Programme located? The Graduate Trainee Programme is located in Kano. Applicants should take note of the location before applying, since the role has been listed specifically for Kano. Who can apply for the BAGCO Graduate Trainee Programme? Applicants with a Bachelor's degree or HND in the listed fields will be considere",,,"What will trainees gain from the programme? Trainees will receive structured training and mentorship. They will also gain exposure to real projects and operations, with career growth and development opportunities available through the programme. The offer includes a competitive stipend and benefits, as well as a supportive and inclusive work culture. What should applicants check before applying? Applicants should confirm that they meet the stated requirements before sending an email application. They should check the following: The course studied is among the accepted areas The qualification is a Bachelor's degree or HND NYSC has been completed or exemption has been obtained Post-NYSC experience is not above one year The email subject is written as ""GT KANO"" A correct email subject will help the application match the stated role. When is the application closing date? The application closing date is 15 June",,,REJECTED,"optionB, optionC, answer"
https://myschoolgist.com/job/bagco-graduate-trainee-187537/,Unknown,"Candidates who meet the stated conditions should send their application before the closing date. How can candidates apply? Interested and qualified candidates should submit their application by email to recruitment@bagco-ng.com. The subject of the email should be ""GT KANO"". Applicants should ensure that their application details are clear, accurate and relevant to the Graduate Trainee Programme before submission. Alternative admission via JUPEB/IJMB programmes (SPONSORE",,Enjoy Low Fees! Call 08033006849 Now! RECOMMENDE,,"Browse a wide range of job openings and find your perfect career opportunity here . Search MySchoolGist ... Search Share This Post: If this post helped you, share it with others! Use the buttons below to spread the word! WhatsApp X (Twitter) Facebook Suggested Articles Akwa Ibom State University (AKSU) Academic Staff Vacancies: Requirements, Salaries and Application McPherson University Job Vacancies",,,REJECTED,"optionA, optionC, answer"
https://myschoolgist.com/job/bagco-graduate-trainee-187537/,Unknown,,,,,,,,REJECTED,"question, optionA, optionB, optionC, optionD, answer"
https://myschoolgist.com/job/bagco-graduate-trainee-187537/,Unknown,,,,,,,,REJECTED,"question, optionA, optionB, optionC, optionD, answer"
https://myschoolgist.com/job/bagco-graduate-trainee-187537/,Unknown,,,,,,,,REJECTED,"question, optionA, optionB, optionC, optionD, answer"
https://myschoolgist.com/job/bagco-graduate-trainee-187537/,Unknown,"Graduate Requirements, Benefits and Application Link Federal Road Safety Commission (FRS",,,Job Recruitment,,,,REJECTED,"optionA, optionB, optionD, answer"
https://myschoolgist.com/job/bagco-graduate-trainee-187537/,Unknown,,,,,,,,REJECTED,"question, optionA, optionB, optionC, optionD, answer"
https://myschoolgist.com/job/naija-coke-summership-187534/,Unknown,,,,,,,,REJECTED,"question, optionA, optionB, optionC, optionD, answer"
https://myschoolgist.com/job/naija-coke-summership-187534/,Unknown,,,,,,,,REJECTED,"question, optionA, optionB, optionC, optionD, answer"
https://myschoolgist.com/job/naija-coke-summership-187534/,Unknown,,,,,,,,REJECTED,"question, optionA, optionB, optionC, optionD, answer"
https://myschoolgist.com/job/naija-coke-summership-187534/,Unknown,"Graduate Requirements, Benefits and Application Link Federal Road Safety Commission (FRS",,,Job Recruitment,,,,REJECTED,"optionA, optionB, optionD, answer"
https://myschoolgist.com/job/naija-coke-summership-187534/,Unknown,,,,,,,,REJECTED,"question, optionA, optionB, optionC, optionD, answer"
https://myschoolgist.com/job/lotus-bank-sales-academy-188757/,Unknown,,,,,,,,REJECTED,"question, optionA, optionB, optionC, optionD, answer"
https://myschoolgist.com/job/lotus-bank-sales-academy-188757/,Unknown,"Requirements, Benefits and Application Link By Olusegun Fapohunda July 7, 2026 Time to Rea",1.0 at a Glance LOTUS Bank Sales Academy 2026 has opened for graduate applicants. LSA 1.0 is for sales and relationship management careers. Applicants need at least Second Class Lower. NYSC completion or exemption is require,,,"Read on for requirements, benefits, candidate qualities and the application link. LOTUS Bank has invited audacious, self-driven graduates to apply for the 2026 LOTUS Bank Sales Academy, also known as LSA 1.",,,REJECTED,"optionB, optionC, answer"
https://myschoolgist.com/job/lotus-bank-sales-academy-188757/,Unknown,"The programme is for graduates who are interested in sales, relationship management, customer engagement and a long-term banking career with LOTUS Bank. Prepare for JAMB, WAEC, NECO, BECE, NCEE and Post UTME Practise CBT Exams on Mobile or PC Prepare for Post UTME, WAEC, NECO, JAMB UTME, Junior WAEC (BECE) and Common Entrance (NCEE) with the MySchoolGist CBT App and Software. Use it on Android, iPhone or Windows to practise past questions anytime. Android App iPhone App Windows 10+ Windows 7 & 8 Need help choosing the right version? Chat with us on WhatsApp . What Is the LOTUS Bank Sales Academy 2026? LOTUS Bank Sales Academy 2026 is a structured development programme for graduates who want a career in sales and relationship management. The academy is designed to train the next group of sales professionals through structured learning, practical banking exposure, mentorship and career development. What Will the LOTUS Bank Sales Academy Offer? The LSA programme will provide training and work exposure connected to sales, customer acquisition and relationship management. Participants will gain: Worl",,Enjoy Low Fees! Call 08033006849 Now! RECOMMENDE,,"Browse a wide range of job openings and find your perfect career opportunity here . Search MySchoolGist ... Search Share This Post: If this post helped you, share it with others! Use the buttons below to spread the word! WhatsApp X (Twitter) Facebook Suggested Articles Akwa Ibom State University (AKSU) Academic Staff Vacancies: Requirements, Salaries and Application McPherson University Job Vacancies",,,REJECTED,"optionA, optionC, answer"
https://myschoolgist.com/job/lotus-bank-sales-academy-188757/,Unknown,,,,,,,,REJECTED,"question, optionA, optionB, optionC, optionD, answer"
https://myschoolgist.com/job/lotus-bank-sales-academy-188757/,Unknown,,,,,,,,REJECTED,"question, optionA, optionB, optionC, optionD, answer"
https://myschoolgist.com/job/lotus-bank-sales-academy-188757/,Unknown,Gain Technical Skills and Internship Consideration Federal Road Safety Commission (FRS,,,Job Recruitment,,,,REJECTED,"optionA, optionB, optionD, answer"
https://myschoolgist.com/job/lotus-bank-sales-academy-188757/,Unknown,,,,,,,,REJECTED,"question, optionA, optionB, optionC, optionD, answer"
https://myschoolgist.com/news/weac-english-scheme-of-exam-and-sample-questions/,English Language,Most African countries face poverty while few enjoy ………………………. poverty,influence,money,affluence,power,,,REJECTED,answer
https://myschoolgist.com/news/weac-english-scheme-of-exam-and-sample-questions/,English Language,Last year our farmers cultivated more crops than they……………………….,destroyed,uprooted,harvested,yielded,,,REJECTED,answer
https://myschoolgist.com/news/weac-english-scheme-of-exam-and-sample-questions/,English Language,There would have been a riot in our school but for the timely……………..of our staff. 3.,intervention,interruption,interference,invasion,,,REJECTED,answer
https://myschoolgist.com/news/weac-english-scheme-of-exam-and-sample-questions/,English Language,The armed robbers ……………every room in the bank to look for money.,explored,ransacked,raked,swept,,,REJECTED,answer
https://myschoolgist.com/news/weac-english-scheme-of-exam-and-sample-questions/,English Language,Ade is too clever by half. This means that Ade is,far cleverer than others.,actually very stupid in his behaviour.,annoyingly clever.,behaving to be clever but is not.,,,REJECTED,answer
https://myschoolgist.com/news/weac-english-scheme-of-exam-and-sample-questions/,English Language,Ameh is really being economical with the truth. This means that Ameh,is being praised for being honest.,does not know enough.,knows more than he is prepared to say.,is not telling the truth.,,,REJECTED,answer
https://myschoolgist.com/news/weac-english-scheme-of-exam-and-sample-questions/,English Language,"By failing to attend the interview, Idoko has lost a golden opportunity. golden",blessed,bright,good,delightful,,,REJECTED,answer
https://myschoolgist.com/news/weac-english-scheme-of-exam-and-sample-questions/,English Language,I hope the principal would be gracious enough to forgive us. gracious,cordial,polite,merciful,gentle,,,REJECTED,answer
https://myschoolgist.com/news/weac-english-scheme-of-exam-and-sample-questions/,English Language,A good citizen abides ………….. the rules of the land.,with,in,at,by,,,REJECTED,answer
https://myschoolgist.com/news/weac-english-scheme-of-exam-and-sample-questions/,English Language,"Since his swearing in, the governor ……………….. his hometown.",had not been visiting,has not visited,did not visit,had not visited,,,REJECTED,answer
https://myschoolgist.com/news/weac-english-scheme-of-exam-and-sample-questions/,English Language,"Write a story that ends with the words: That experience will linger on my mind for a long time. SECTION B COMPREHENSION (20 marks) Dele groaned and got out of bed. There was no clock on the mantel piece and the room was still dark, but he knew that he was already late for work, probably by an hour. He was a commercial bus driver and had to get started as early as 5.00a.m. and go almost non-stop till about 9.00 p.m. to be able to make the daily returns that the bus owner demanded. On the previous day, he had attended an all-night party – a late uncle's burial ceremony – where he had drunk himself almost senseless before crawling home in the early hours of the morning. Now, he got up shakily, splashed water on his face and hurried off to work, but not before carefully fastening on his upper left arm the amulet he had always worn for protection against accidents. A similar amulet hung concealed under the steering column of his bus. On his way, still feeling groggy, he caught his left toe against a stump and had some misgiving. It was a bad sign and he was supposed to go back home and then set out again. But there was no time for that now, so he hurried on. At the bus station, Dele quickly loaded his bus and sped off without any of the necessary checks on the vehicle. He had to make up for lost time. It was the rush hour, so the bus was overloaded as it often was, with many passengers hanging on to the doors. The tyres were threadbare, the brakes were faulty and the road was wet, but, still feeling a little sleepy, Dele sped on. Many passengers protested about his reckless driving, but he would not listen. After all, didn't he have protection against accident? As the vehicle took the last turn before its destination, Dele saw a broken-down truck blocking his side of the road. Under normal circumstances, he could have brought the bus safely to a halt, bur the circumstances were far from normal. The careering bus hit the parked vehicle, swerved wildly across the road and plunged into a ditch. Dele's surprise before he sank into oblivion was the failure of his supposedly protective amulets.",Why did Dele wake up late?,… he caught his left toe against a stump and had some misgivings . What does this tell us about Dele?,Give two reasons why Dele drove recklessly.,Why was Dele unable to stop his faulty vehicle?,,,REJECTED,answer
https://myschoolgist.com/news/weac-english-scheme-of-exam-and-sample-questions/,English Language,w i t i,fright,wheat,tree,market,,,REJECTED,"question, answer"
https://myschoolgist.com/news/weac-english-scheme-of-exam-and-sample-questions/,English Language,l oo k oo,glue,you,cup,curious,,,REJECTED,"question, answer"
https://myschoolgist.com/news/weac-english-scheme-of-exam-and-sample-questions/,English Language,d ance d,handsome,sandwich,adjective,pounding,,,REJECTED,"question, answer"
https://myschoolgist.com/news/weac-english-scheme-of-exam-and-sample-questions/,English Language,pluck ed ed,smiled,slammed,luck,table,,,REJECTED,answer
https://myschoolgist.com/news/weac-english-scheme-of-exam-and-sample-questions/,English Language,carrier,area,barrier,serious,ravine,,,REJECTED,"question, answer"
https://myschoolgist.com/news/weac-english-scheme-of-exam-and-sample-questions/,English Language,drought,crowd,nought,shout,taught,,,REJECTED,"question, answer"
https://myschoolgist.com/news/weac-english-scheme-of-exam-and-sample-questions/,English Language,acrimony,A-cri-mo-ny,a-CRI-mo-ny,a-cri-MO-ny,a-cri-mo-NY,,,REJECTED,"question, answer"
https://myschoolgist.com/news/weac-english-scheme-of-exam-and-sample-questions/,English Language,"A. sanctify SECTION 6 In each of the following sentences, the word that receives the emphatic stress is written in capital letters. From the questions lettered A to D, choose the one to which the given sentence is the appropriate answer.",,promising,notify,organic,,,REJECTED,"optionA, answer"
https://myschoolgist.com/news/weac-english-scheme-of-exam-and-sample-questions/,English Language,The DOCTOR examined the patient with a stethoscope.,Did the teacher examine the patient with a stethoscope?,Did the doctor cure the patient with a stethoscope?,Did the doctor examine the nurse with a stethoscope?,Did the doctor examine the patient with a telescope?,,,REJECTED,answer
https://myschoolgist.com/news/weac-english-scheme-of-exam-and-sample-questions/,English Language,/ ǝ /,accurate,nephew,ageless,waddle,,,REJECTED,"question, answer"
https://myschoolgist.com/news/futminna-academic-gown-34th-convocation-2026/,Unknown,January 2026 Attend the convocation on 1 February 2026 at Gidan Kwano,,,,,,,REJECTED,"optionA, optionB, optionC, optionD, answer"
https://myschoolgist.com/news/futminna-academic-gown-34th-convocation-2026/,Unknown,"February 2026 Return the gown at certificate collection to avoid the N2,000 daily charge N2,000 daily Guard the gown carefully; replacement is N38,000 N38,000 Alternative admission via JUPEB/IJMB programmes (SPONSORED) Enter 200-Level Directly! Gain University Admission via JUPEB/IJMB . Enjoy Low Fees! Call 08033006849 Now! Alternative admission via JUPEB/IJMB programmes (SPONSORED) Enter 200-Level Directly! Gain University Admission via JUPEB/IJMB . Enjoy Low Fees! Call 08033006849 Now! Search MySchoolGist ... Search Tagged: Federal University of Technology Minna : FUTMINNA Tagged: Share This Post: If this post helped you, share it with others! Use the buttons below to spread the word! Share This Post: WhatsApp X (Twitter) Facebook WhatsApp X (Twitter) Facebook Suggested Articles Federal University of Technology, Minna (FUTMINNA) Post UTME / Direct Entry Screening Form for 2026/2027 Undergraduate Admission [UPDATED] Federal University of Technology, Minna (FUTMINNA) New Courses 2026/2027: Admission Requirements, Cut-Off Marks & Application Steps Federal University of Technology, Minna (FUTMINNA) Cut-Off Marks for 2026/2027 Academic Session Admission Federal University of Technology, Minna (FUTMINNA) IJMB and Pre-Degree Admission Form 2026/2027 Lagos State University (LASU) Convocation 2026: 29th and 30th Ceremony Dates, Venues and Graduand Rules Taraba State Polytechnic First Convocation Ceremony for 1995-2025 Graduands Delta State University (DELSU) NERD Sensitisation 2026: Full Schedule and NYSC Mobilisation Details Bayero University, Kano (BUK) Matriculation 2025/2026: Get the Date, Venue and Gown Booking Steps Suggested Articles Articles Federal University of Technology, Minna (FUTMINNA) Post UTME / Direct Entry Screening Form for 2026/2027 Undergraduate Admission [UPDATED] Federal University of Technology, Minna (FUTMINNA) New Courses 2026/2027: Admission Requirements, Cut-Off Marks & Application Steps Federal University of Technology, Minna (FUTMINNA) Cut-Off Marks for 2026/2027 Academic Session Admission Federal University of Technology, Minna (FUTMINNA) IJMB and Pre-Degree Admission Form 2026/2027 Lagos State University (LASU) Convocation 2026: 29th and 30th Ceremony Dates, Venues and Graduand Rules Taraba State Polytechnic First Convocation Ceremony for 1995-2025 Graduands Delta State University (DELSU) NERD Sensitisation 2026: Full Schedule and NYSC Mobilisation Details Bayero University, Kano (BUK) Matriculation 2025/2026: Get the Date, Venue and Gown Booking Steps Previous story Topfaith University 5th Matriculation 2026: Date, Time, Venue and Vice-Chancellor Next story WAEC Sample Questions and Schemes for All Subjects Previous story Topfaith University 5th Matriculation 2026: Date, Time, Venue and Vice-Chancellor Next story WAEC Sample Questions and Schemes for All Subjects Home About Disclaimer Privacy Policy Quick Links Education Resources WAEC Past Questions NABTEB Past Questions JAMB Past Questions Post UTME Past Questions Universities Polytechnics Monotechnics Colleges of Education Top Universities Illegal Universities Courses JAMB WAEC NECO Jobs in Nigeria MySchoolGist Web Services is a registered publisher and marketing solutions provider in Nigeria. It publishes Myschoolgist.com, a leading digital publication that covers the latest educational trends, career opportunities and current news. Copyright © 2012 - 2026 MySchoolGist Home About Disclaimer Privacy Policy Quick Links Education Resources WAEC Past Questions NABTEB Past Questions JAMB Past Questions Post UTME Past Questions Universities Polytechnics Monotechnics Colleges of Education Top Universities Illegal Universities Courses JAMB WAEC NECO Jobs in Nigeria Quick Links Education Resources WAEC Past Questions NABTEB Past Questions JAMB Past Questions Post UTME Past Questions Universities Polytechnics Monotechnics Colleges of Education Top Universities Illegal Universities Courses JAMB WAEC NECO Jobs in Nigeria MySchoolGist Web Services is a registered publisher and marketing solutions provider in Nigeria. It publishes Myschoolgist.com, a leading digital publication that covers the latest educational trends, career opportunities and current news. Copyright © 2012 - 2026 MySchoolGist",,,,,,,REJECTED,"optionA, optionB, optionC, optionD, answer"
https://myschoolgist.com/news/nabteb-warns-centres-and-state-officers/,Office Practice,"Candidates shall make payment online, where they will choose their preferred Examination Centre.",,,,,,,REJECTED,"optionA, optionB, optionC, optionD, answer"
https://myschoolgist.com/news/nabteb-warns-centres-and-state-officers/,Office Practice,Approved and registered Examination Centres (ECs) shall be uploaded on a new NABTEB website: www.nabteb.gov.ng . One requirement is that the centres should have facilities for biometric capture (A unique Access Code shall be given to them and an agreed percentage shall be paid to them).,,,,,,,REJECTED,"optionA, optionB, optionC, optionD, answer"
https://myschoolgist.com/news/nabteb-warns-centres-and-state-officers/,Office Practice,"Look out for more innovations, including CBT to replace Multiple Choice Question (MCQ) format from next year. Objective : To make registration for NABTEB Examinations easier and free of human manipulation. For example, if a candidate is threatened with extortion at an EC, where they go for biometric capture, they can simply go back to NABTEB portal and replace the EC within a time window and give reasons, which could lead to de-listing of the EC. Objective NABTEB staff must not have physical contact with NABTEB money. Finally, no candidate is expected or required to pay to an Examination Centre for ""logistics"", ""practicals"", etc. Refuse to pay and contact NABTEB through any means available, including at nabtebstaffcomplaints@gmail.com (or nabtebstaffcomplain@gmail.com) and 08097061460. There shall be a speedy response. NABTEB is your servant and wolves are not tolerated around henceforth. Chairman NABTEB Alternative admission via JUPEB/IJMB programmes (SPONSORED) Enter 200-Level Directly! Gain University Admission via JUPEB/IJMB . Enjoy Low Fees! Call 08033006849 Now! Alternative admission via JUPEB/IJMB programmes (SPONSORED) Enter 200-Level Directly! Gain University Admission via JUPEB/IJMB . Enjoy Low Fees! Call 08033006849 Now! Search MySchoolGist ... Search Tagged: National Business and Technical Examinations Board : NABTEB Tagged: Share This Post: If this post helped you, share it with others! Use the buttons below to spread the word! Share This Post: WhatsApp X (Twitter) Facebook WhatsApp X (Twitter) Facebook Suggested Articles National Business and Technical Examinations Board (NABTEB) Releases 2025 Nov/Dec GCE Results; How to Check NBC/NTC and ANBC/ANTC National Business and Technical Examinations Board (NABTEB) 2026 NCEE Registration: Dates, Exam Day and Student Portal for Technical Colleges National Business and Technical Examinations Board (NABTEB) 2026 NBC and NTC Registration Dates, Students' Portal and Exam Date (June 2026) NABTEB Syllabus for All Subjects National Business and Technical Examinations Board (NABTEB) Federal Technical Colleges (FTC) Admission List 2026 National Business and Technical Examinations Board (NABTEB) GCE Timetable 2025 National Business and Technical Examinations Board (NABTEB) GCE 2025 Registration Now Open National Business and Technical Examinations Board (NABTEB) Result for 2025 May/June NBC/NTC Exam Suggested Articles Articles National Business and Technical Examinations Board (NABTEB) Releases 2025 Nov/Dec GCE Results; How to Check NBC/NTC and ANBC/ANTC National Business and Technical Examinations Board (NABTEB) 2026 NCEE Registration: Dates, Exam Day and Student Portal for Technical Colleges National Business and Technical Examinations Board (NABTEB) 2026 NBC and NTC Registration Dates, Students' Portal and Exam Date (June 2026) NABTEB Syllabus for All Subjects National Business and Technical Examinations Board (NABTEB) Federal Technical Colleges (FTC) Admission List 2026 National Business and Technical Examinations Board (NABTEB) GCE Timetable 2025 National Business and Technical Examinations Board (NABTEB) GCE 2025 Registration Now Open National Business and Technical Examinations Board (NABTEB) Result for 2025 May/June NBC/NTC Exam Previous story FG Fires NECO Registrar, Uwakwe, Two Deputy Directors Next story UNIPORT Transcript Processing, Payment Procedure Previous story FG Fires NECO Registrar, Uwakwe, Two Deputy Directors Next story UNIPORT Transcript Processing, Payment Procedure Meet The Author Olusegun Fapohunda is the founder and editor of MySchoolGist, with over a decade of experience in education publishing. He covers education updates, admission notices, examination news, scholarships, career opportunities and related public information. Connect with him on X (formerly Twitter) . Meet The Author Olusegun Fapohunda is the founder and editor of MySchoolGist, with over a decade of experience in education publishing. He covers education updates, admission notices, examination news, scholarships, career opportunities and related public information. Connect with him on X (formerly Twitter) . Home About Disclaimer Privacy Policy Quick Links Education Resources WAEC Past Questions NABTEB Past Questions JAMB Past Questions Post UTME Past Questions Universities Polytechnics Monotechnics Colleges of Education Top Universities Illegal Universities Courses JAMB WAEC NECO Jobs in Nigeria MySchoolGist Web Services is a registered publisher and marketing solutions provider in Nigeria. It publishes Myschoolgist.com, a leading digital publication that covers the latest educational trends, career opportunities and current news. Copyright © 2012 - 2026 MySchoolGist Home About Disclaimer Privacy Policy Quick Links Education Resources WAEC Past Questions NABTEB Past Questions JAMB Past Questions Post UTME Past Questions Universities Polytechnics Monotechnics Colleges of Education Top Universities Illegal Universities Courses JAMB WAEC NECO Jobs in Nigeria Quick Links Education Resources WAEC Past Questions NABTEB Past Questions JAMB Past Questions Post UTME Past Questions Universities Polytechnics Monotechnics Colleges of Education Top Universities Illegal Universities Courses JAMB WAEC NECO Jobs in Nigeria MySchoolGist Web Services is a registered publisher and marketing solutions provider in Nigeria. It publishes Myschoolgist.com, a leading digital publication that covers the latest educational trends, career opportunities and current news. Copyright © 2012 - 2026 MySchoolGist",,,,,,,REJECTED,"optionA, optionB, optionC, optionD, answer"
https://myschoolgist.com/news/nabteb-supplementary-common-entrance-exam/,Unknown,,,,,,,,REJECTED,"question, optionA, optionB, optionC, optionD, answer"
https://myschoolgist.com/news/nabteb-supplementary-common-entrance-exam/,Unknown,"The registration of candidates is online. Consequently, all Principals, Proprietors and other relevant stakeholders are urged to note the date of the examination and comply accordingly, please. Alternative admission via JUPEB/IJMB programmes (SPONSORE",,"2026 NBC and NTC Registration Dates, Students' Portal and Exam Date (June",,"NABTEB Share This Post: If this post helped you, share it with others! Use the buttons below to spread the word! WhatsApp X (Twitter) Facebook Suggested Articles National Business and Technical Examinations Board (NABTE",,,REJECTED,"optionA, optionC, answer"
https://myschoolgist.com/news/nabteb-supplementary-common-entrance-exam/,Unknown,NABTEB Syllabus for All Subjects National Business and Technical Examinations Board (NABTE,,"Result for 2025 May/June NBC/NTC Exam Meet The Author Olusegun Fapohunda is the founder and editor of MySchoolGist, with over a decade of experience in education publishing. He covers education updates, admission notices, examination news, scholarships, career opportunities and related public information. Connect with him on X (formerly Twitter) .",Admission List 2026 National Business and Technical Examinations Board (NABTE,,,,REJECTED,"optionA, optionD, answer"
https://myschoolgist.com/news/nabteb-common-entrance-exam/,Unknown,Senior Secondary School Certificate (SSS,,"gov.ng/ Apply Before : 3rd September,","or GCE (0/L). Teachers' Certificate Grade II (TCII) Candidates with higher qualifications but who have interest in Technical Education may also apply. How to Apply for Admission into Federal/State Science and Technical Colleges Through NABTEB Registration PINs are available upon cash payment of N 1,000 00 (One Thousand Naira Only) at Federal / State Science and Technical Colleges State Ministries of Education, State Science and Technical Schools' Board, NABTEB Zonal Offices and NABTEB State Offices nationwide. Apply Here – http://commonentrance.nabte",,,,REJECTED,"optionA, optionD, answer"
https://myschoolgist.com/news/nabteb-common-entrance-exam/,Unknown,,,,,,,,REJECTED,"question, optionA, optionB, optionC, optionD, answer"
https://myschoolgist.com/news/nabteb-common-entrance-exam/,Unknown,Alternative admission via JUPEB/IJMB programmes (SPONSORE,,"2026 NBC and NTC Registration Dates, Students' Portal and Exam Date (June",,"NABTEB Share This Post: If this post helped you, share it with others! Use the buttons below to spread the word! WhatsApp X (Twitter) Facebook Suggested Articles National Business and Technical Examinations Board (NABTE",,,REJECTED,"optionA, optionC, answer"
https://myschoolgist.com/news/nabteb-common-entrance-exam/,Unknown,NABTEB Syllabus for All Subjects National Business and Technical Examinations Board (NABTE,,"Result for 2025 May/June NBC/NTC Exam Meet The Author Olusegun Fapohunda is the founder and editor of MySchoolGist, with over a decade of experience in education publishing. He covers education updates, admission notices, examination news, scholarships, career opportunities and related public information. Connect with him on X (formerly Twitter) .",Admission List 2026 National Business and Technical Examinations Board (NABTE,,,,REJECTED,"optionA, optionD, answer"
https://myschoolgist.com/ng/check-nabteb-nov-dec-results/,Unknown,Visit the Official NABTEB Portal,,,,,,,REJECTED,"optionA, optionB, optionC, optionD, answer"
https://myschoolgist.com/ng/check-nabteb-nov-dec-results/,Unknown,Enter Candidate Identification Number,,,,,,,REJECTED,"optionA, optionB, optionC, optionD, answer"
https://myschoolgist.com/ng/check-nabteb-nov-dec-results/,Unknown,Select Examination Type,,,,,,,REJECTED,"optionA, optionB, optionC, optionD, answer"
https://myschoolgist.com/ng/check-nabteb-nov-dec-results/,Unknown,Enter Examination Year,,,,,,,REJECTED,"optionA, optionB, optionC, optionD, answer"
https://myschoolgist.com/ng/check-nabteb-nov-dec-results/,Unknown,Provide the Card Serial Number,,,,,,,REJECTED,"optionA, optionB, optionC, optionD, answer"
https://myschoolgist.com/ng/check-nabteb-nov-dec-results/,Unknown,Enter the PIN Code,,,,,,,REJECTED,"optionA, optionB, optionC, optionD, answer"
https://myschoolgist.com/ng/check-nabteb-nov-dec-results/,Unknown,Submit and View Results Get NABTEB GCE Results by Email Check NABTEB GCE Results via SMS Follow this format: Important Notes for SMS Method Follow this format: Important Notes for SMS Method NABTEB GCE Results Made Easy Step-by-Step Guide to Checking NABTEB GCE Results Follow these steps to view your NABTEB GCE results online:,,,,,,,REJECTED,"optionA, optionB, optionC, optionD, answer"
https://myschoolgist.com/ng/check-nabteb-nov-dec-results/,Unknown,Visit the Official NABTEB Portal Go to the NABTEB Result Checking Portal .,,,,,,,REJECTED,"optionA, optionB, optionC, optionD, answer"
https://myschoolgist.com/ng/check-nabteb-nov-dec-results/,Unknown,Enter Candidate Identification Number Type your Candidate Identification Number in the required field. Example: 38001178.,,,,,,,REJECTED,"optionA, optionB, optionC, optionD, answer"
https://myschoolgist.com/ng/check-nabteb-nov-dec-results/,Unknown,Select Examination Type Choose NOV/DEC from the drop-down menu.,,,,,,,REJECTED,"optionA, optionB, optionC, optionD, answer"
https://myschoolgist.com/ng/check-nabteb-nov-dec-results/,Unknown,Enter Examination Year Type 2024 in the examination year field.,,,,,,,REJECTED,"optionA, optionB, optionC, optionD, answer"
https://myschoolgist.com/ng/check-nabteb-nov-dec-results/,Unknown,Provide the Card Serial Number Locate the Card Serial Number on the back of your scratch card. The format is N123456789.,,,,,,,REJECTED,"optionA, optionB, optionC, optionD, answer"
https://myschoolgist.com/ng/check-nabteb-nov-dec-results/,Unknown,Enter the PIN Code Input the 12-digit PIN found on your scratch card. Example: 012345678912.,,,,,,,REJECTED,"optionA, optionB, optionC, optionD, answer"
https://myschoolgist.com/ng/check-nabteb-nov-dec-results/,Unknown,"Submit and View Results Click the Submit button and wait for your results to appear. Get NABTEB GCE Results by Email Follow these steps to receive results via email: Complete steps 1-6 above. Select ""Send Results to E-mail"". Type a valid email address (example: segun@yahoo.com). Click Submit and wait for the results to arrive in your inbox. Check NABTEB GCE Results via SMS Results can also be accessed using an SMS code. Follow this format: NABTEB*ExamNo*PIN*ExamType*ExamYear Example for November/December results: NABTEB*01001001*123456789012*ND*2024 Send the message to 32327. Important Notes for SMS Method Do not include spaces in the message. Wait for an SMS reply containing your results. SEE ALSO: NABTEB GCE Result Statistics 2024 NABTEB GCE Results Made Easy The NABTEB result checking system provides multiple ways for candidates to access their scores. Using the online portal, email service or SMS, candidates can retrieve their results quickly. Follow the correct steps to avoid errors and delays. Alternative admission via JUPEB/IJMB programmes (SPONSORED) Enter 200-Level Directly! Gain University Admission via JUPEB/IJMB . Enjoy Low Fees! Call 08033006849 Now! Alternative admission via JUPEB/IJMB programmes (SPONSORED) Enter 200-Level Directly! Gain University Admission via JUPEB/IJMB . Enjoy Low Fees! Call 08033006849 Now! Search MySchoolGist ... Search Tagged: National Business and Technical Examinations Board : NABTEB Tagged: Share This Post: If this post helped you, share it with others! Use the buttons below to spread the word! Share This Post: WhatsApp X (Twitter) Facebook WhatsApp X (Twitter) Facebook Suggested Articles National Business and Technical Examinations Board (NABTEB) Releases 2025 Nov/Dec GCE Results; How to Check NBC/NTC and ANBC/ANTC National Business and Technical Examinations Board (NABTEB) 2026 NCEE Registration: Dates, Exam Day and Student Portal for Technical Colleges National Business and Technical Examinations Board (NABTEB) 2026 NBC and NTC Registration Dates, Students' Portal and Exam Date (June 2026) NABTEB Syllabus for All Subjects National Business and Technical Examinations Board (NABTEB) Federal Technical Colleges (FTC) Admission List 2026 National Business and Technical Examinations Board (NABTEB) GCE Timetable 2025 National Business and Technical Examinations Board (NABTEB) GCE 2025 Registration Now Open National Business and Technical Examinations Board (NABTEB) Result for 2025 May/June NBC/NTC Exam Suggested Articles Articles National Business and Technical Examinations Board (NABTEB) Releases 2025 Nov/Dec GCE Results; How to Check NBC/NTC and ANBC/ANTC National Business and Technical Examinations Board (NABTEB) 2026 NCEE Registration: Dates, Exam Day and Student Portal for Technical Colleges National Business and Technical Examinations Board (NABTEB) 2026 NBC and NTC Registration Dates, Students' Portal and Exam Date (June 2026) NABTEB Syllabus for All Subjects National Business and Technical Examinations Board (NABTEB) Federal Technical Colleges (FTC) Admission List 2026 National Business and Technical Examinations Board (NABTEB) GCE Timetable 2025 National Business and Technical Examinations Board (NABTEB) GCE 2025 Registration Now Open National Business and Technical Examinations Board (NABTEB) Result for 2025 May/June NBC/NTC Exam Previous story NABTEB GCE Result Statistics 2024 Next story Admiralty University of Nigeria (ADUN) Matriculation Ceremony Schedule for 2024/2025 New Intakes Previous story NABTEB GCE Result Statistics 2024 Next story Admiralty University of Nigeria (ADUN) Matriculation Ceremony Schedule for 2024/2025 New Intakes Meet The Author Olusegun Fapohunda is the founder and editor of MySchoolGist, with over a decade of experience in education publishing. He covers education updates, admission notices, examination news, scholarships, career opportunities and related public information. Connect with him on X (formerly Twitter) . Meet The Author Olusegun Fapohunda is the founder and editor of MySchoolGist, with over a decade of experience in education publishing. He covers education updates, admission notices, examination news, scholarships, career opportunities and related public information. Connect with him on X (formerly Twitter) . Home About Disclaimer Privacy Policy Quick Links Education Resources WAEC Past Questions NABTEB Past Questions JAMB Past Questions Post UTME Past Questions Universities Polytechnics Monotechnics Colleges of Education Top Universities Illegal Universities Courses JAMB WAEC NECO Jobs in Nigeria MySchoolGist Web Services is a registered publisher and marketing solutions provider in Nigeria. It publishes Myschoolgist.com, a leading digital publication that covers the latest educational trends, career opportunities and current news. Copyright © 2012 - 2026 MySchoolGist Home About Disclaimer Privacy Policy Quick Links Education Resources WAEC Past Questions NABTEB Past Questions JAMB Past Questions Post UTME Past Questions Universities Polytechnics Monotechnics Colleges of Education Top Universities Illegal Universities Courses JAMB WAEC NECO Jobs in Nigeria Quick Links Education Resources WAEC Past Questions NABTEB Past Questions JAMB Past Questions Post UTME Past Questions Universities Polytechnics Monotechnics Colleges of Education Top Universities Illegal Universities Courses JAMB WAEC NECO Jobs in Nigeria MySchoolGist Web Services is a registered publisher and marketing solutions provider in Nigeria. It publishes Myschoolgist.com, a leading digital publication that covers the latest educational trends, career opportunities and current news. Copyright © 2012 - 2026 MySchoolGist",,,,,,,REJECTED,"optionA, optionB, optionC, optionD, answer"
https://myschoolgist.com/news/covid-19-nabteb-guideline-for-conduct-of-exam/,Unknown,"to Bag First Class as Osun State University (UNISOUN) Graduates 1,946 on September 21 Next story Ondo State Government Announces Resumption of Schools on September 14 Meet The Author Olusegun Fapohunda is the founder and editor of MySchoolGist, with over a decade of experience in education publishing. He covers education updates, admission notices, examination news, scholarships, career opportunities and related public information. Connect with him on X (formerly Twitter) . Meet The Author Olusegun Fapohunda is the founder and editor of MySchoolGist, with over a decade of experience in education publishing. He covers education updates, admission notices, examination news, scholarships, career opportunities and related public information. Connect with him on X (formerly Twitter) . Home About Disclaimer Privacy Policy Quick Links Education Resources WAEC Past Questions NABTEB Past Questions JAMB Past Questions Post UTME Past Questions Universities Polytechnics Monotechnics Colleges of Education Top Universities Illegal Universities Courses JAMB WAEC NECO Jobs in Nigeria MySchoolGist Web Services is a registered publisher and marketing solutions provider in Nigeria. It publishes Myschoolgist.com, a leading digital publication that covers the latest educational trends, career opportunities and current news. Copyright © 2012 - 2026 MySchoolGist Home About Disclaimer Privacy Policy Quick Links Education Resources WAEC Past Questions NABTEB Past Questions JAMB Past Questions Post UTME Past Questions Universities Polytechnics Monotechnics Colleges of Education Top Universities Illegal Universities Courses JAMB WAEC NECO Jobs in Nigeria Quick Links Education Resources WAEC Past Questions NABTEB Past Questions JAMB Past Questions Post UTME Past Questions Universities Polytechnics Monotechnics Colleges of Education Top Universities Illegal Universities Courses JAMB WAEC NECO Jobs in Nigeria MySchoolGist Web Services is a registered publisher and marketing solutions provider in Nigeria. It publishes Myschoolgist.com, a leading digital publication that covers the latest educational trends, career opportunities and current news. Copyright © 2012 - 2026 MySchoolGist",,,,,,,REJECTED,"optionA, optionB, optionC, optionD, answer"
https://myschoolgist.com/news/nabteb-to-introduce-computer-based-exams/,Computer Studies,"All candidates will take their exams on a computer from that year. Prepare for JAMB, WAEC, NECO, BECE, NCEE and Post UTME Practise CBT Exams on Mobile or PC Prepare for Post UTME, WAEC, NECO, JAMB UTME, Junior WAEC (BECE) and Common Entrance (NCEE) with the MySchoolGist CBT App and Software. Use it on Android, iPhone or Windows to practise past questions anytime. Android App iPhone App Windows 10+ Windows 7 & 8 Need help choosing the right version? Chat with us on WhatsApp . The change will cover every part of the process from start to finish. The goal is to remove errors and shorten the time used to mark and release results. The new Registrar shared this news during his first visit to the board's office in Benin City. He was welcomed by the full management team and staff. Lead NABTEB with New Goals The new head of NABTEB is Dr Mohamme",,,Follow NABTEB's Full Update The new steps from NABTEB will change how exams work. This new phase will start in,He said the team has trust in the new plan. He shared hope that the new head would improve how NABTEB works. He ended by calling for better exams and better trust from the publi,,,REJECTED,"optionA, optionB, answer"
https://myschoolgist.com/news/nabteb-to-introduce-computer-based-exams/,Computer Studies,"The plan will focus on speed, safety, fairness and result accuracy. More updates will come through official NABTEB channels. Alternative admission via JUPEB/IJMB programmes (SPONSORE",,"2026 NBC and NTC Registration Dates, Students' Portal and Exam Date (June",,"NABTEB Share This Post: If this post helped you, share it with others! Use the buttons below to spread the word! WhatsApp X (Twitter) Facebook Suggested Articles National Business and Technical Examinations Board (NABTE",,,REJECTED,"optionA, optionC, answer"
https://myschoolgist.com/news/nabteb-to-introduce-computer-based-exams/,Computer Studies,NABTEB Syllabus for All Subjects National Business and Technical Examinations Board (NABTE,,Result for 2025 May/June NBC/NTC Exam,Admission List 2026 National Business and Technical Examinations Board (NABTE,,,,REJECTED,"optionA, optionD, answer"
https://myschoolgist.com/news/nabteb-may-june-exam-registration-deadline/,Unknown,This update tells you who it affects and what steps to take. Read on so you do not miss out. The National Business and Technical Examinations Board (NABTE,,"has shifted the closing date for registration for its 2025 May/June NBC/NTC exams. The new deadline is midnight on Sunday, 1 June",,,,,REJECTED,"optionA, optionC, optionD, answer"
https://myschoolgist.com/news/nabteb-may-june-exam-registration-deadline/,Unknown,"This update came directly from NABTEB's Registrar, Dr M.","That said, this is the final window. NABTEB made it clear — there will be no more extensions after this . If you're still getting ready, now's a good time to review past exam materials. You can grab them here: NABTEB past questions and answers . Alternative admission via JUPEB/IJMB programmes (SPONSORE","2026 NBC and NTC Registration Dates, Students' Portal and Exam Date (June",,"NABTEB Share This Post: If this post helped you, share it with others! Use the buttons below to spread the word! WhatsApp X (Twitter) Facebook Suggested Articles National Business and Technical Examinations Board (NABTE",,,REJECTED,"optionC, answer"
https://myschoolgist.com/news/nabteb-may-june-exam-registration-deadline/,Unknown,NABTEB Syllabus for All Subjects National Business and Technical Examinations Board (NABTE,,"Result for 2025 May/June NBC/NTC Exam Meet The Author Olusegun Fapohunda is the founder and editor of MySchoolGist, with over a decade of experience in education publishing. He covers education updates, admission notices, examination news, scholarships, career opportunities and related public information. Connect with him on X (formerly Twitter) .",Admission List 2026 National Business and Technical Examinations Board (NABTE,,,,REJECTED,"optionA, optionD, answer"
https://myschoolgist.com/ng/nabteb-may-june-result-nabtebnigeria-org/,Unknown,"May/June NBC and NTC exams Prepare for JAMB, WAEC, NECO, BECE, NCEE and Post UTME Practise CBT Exams on Mobile or PC Prepare for Post UTME, WAEC, NECO, JAMB UTME, Junior WAEC (BECE) and Common Entrance (NCEE) with the MySchoolGist CBT App and Software. Use it on Android, iPhone or Windows to practise past questions anytime. Android App iPhone App Windows 10+ Windows 7 & 8 Need help choosing the right version? Chat with us on WhatsApp . Prepare for JAMB, WAEC, NECO, BECE, NCEE and Post UTME Practise CBT Exams on Mobile or PC Prepare for Post UTME, WAEC, NECO, JAMB UTME, Junior WAEC (BECE) and Common Entrance (NCEE) with the MySchoolGist CBT App and Software. Use it on Android, iPhone or Windows to practise past questions anytime. Post UTME, WAEC, NECO, JAMB UTME, Junior WAEC (BECE) Common Entrance (NCEE) Android App iPhone App Windows 10+ Windows 7 & 8 Need help choosing the right version? Chat with us on WhatsApp . For those waiting with bated breath, the results are available through three routes: online, email and SMS. How to check NABTEB Result online Checking online remains the most common route. Here is what to do: Visit the NABTEB official portal . Enter your Candidate Identification Number. Select the exam type you wrote. Provide the exam year, which is 2025. Enter the serial number on your scratch card. Input the 12-digit PIN also from the scratch card. Click ""Submit"" and wait for the page to load. Getting NABTEB Result by email If you would rather have your result delivered to your inbox, follow the same first five steps of the online method. Then, choose Send Results to E-mail , enter a valid email address and submit. Your scorecard will arrive shortly. Send Results to E-mail Accessing NABTEB Result via SMS For those who prefer the old reliable SMS route, use this format: Type NABTEBExamNoPINExamTypeExamYear and send it to 32327. NABTEBExamNoPINExamTypeExamYear Example: NABTEB01001001123456789012MJ2025 . NABTEB01001001123456789012MJ2025 Result statistics at a glance The registrar, Mohammed Aminu, gave a breakdown while announcing the results: A total of 92,875 candidates registered and 89,621 actually sat for the exams. Male candidates made up 62.07 per cent, while female candidates were 37.93 per cent. 61,104 candidates or 68.18 per cent, scored five credits including English and Mathematics. A broader 74,633, representing 83.28 per cent, scored five credits and above with or without English and Mathematics. For English Language, 93.10 per cent earned a credit, while 6.90 per cent failed. In Mathematics, 94.60 per cent passed and 5.40 per cent failed. Comparing NABTEB Result 2025 with last year This year's outcome stands higher than 2024 in several areas. In 2024, about 65 per cent of candidates passed with five credits including English and Maths, compared to this year's 68 per cent. Mathematics saw a better pass rate this year, while English Language had a slightly lower score compared with last year's record. On exam malpractice, 435 cases were noted in 2025, higher in numbers but lower in percentage terms when compared to last year's 349 cases. The registrar stressed that this reflected a real drop in malpractice cases relative to the number of candidates. Final word to candidates If you sat for NABTEB this year, your result is just a few clicks or a single SMS away. Check carefully, keep your scratch card safe and ensure you use a valid email if you go the email route. This round of exams showed stronger numbers overall and many students will feel the hard work paid off. For those less lucky, it is another call to regroup and push forward, because as they say, the race is not always to the swift but to those who keep running. Alternative admission via JUPEB/IJMB programmes (SPONSORED) Enter 200-Level Directly! Gain University Admission via JUPEB/IJMB . Enjoy Low Fees! Call 08033006849 Now! Alternative admission via JUPEB/IJMB programmes (SPONSORED) Enter 200-Level Directly! Gain University Admission via JUPEB/IJMB . Enjoy Low Fees! Call 08033006849 Now! Search MySchoolGist ... Search Tagged: National Business and Technical Examinations Board : NABTEB Tagged: Share This Post: If this post helped you, share it with others! Use the buttons below to spread the word! Share This Post: WhatsApp X (Twitter) Facebook WhatsApp X (Twitter) Facebook Suggested Articles National Business and Technical Examinations Board (NABTEB) Releases 2025 Nov/Dec GCE Results; How to Check NBC/NTC and ANBC/ANTC National Business and Technical Examinations Board (NABTEB) 2026 NCEE Registration: Dates, Exam Day and Student Portal for Technical Colleges National Business and Technical Examinations Board (NABTEB) 2026 NBC and NTC Registration Dates, Students' Portal and Exam Date (June 2026) NABTEB Syllabus for All Subjects National Business and Technical Examinations Board (NABTEB) Federal Technical Colleges (FTC) Admission List 2026 National Business and Technical Examinations Board (NABTEB) GCE Timetable 2025 National Business and Technical Examinations Board (NABTEB) GCE 2025 Registration Now Open Federal Government Pushes TVET Reform as NABTEB Reviews Syllabuses for 26 Trades Suggested Articles Articles National Business and Technical Examinations Board (NABTEB) Releases 2025 Nov/Dec GCE Results; How to Check NBC/NTC and ANBC/ANTC National Business and Technical Examinations Board (NABTEB) 2026 NCEE Registration: Dates, Exam Day and Student Portal for Technical Colleges National Business and Technical Examinations Board (NABTEB) 2026 NBC and NTC Registration Dates, Students' Portal and Exam Date (June 2026) NABTEB Syllabus for All Subjects National Business and Technical Examinations Board (NABTEB) Federal Technical Colleges (FTC) Admission List 2026 National Business and Technical Examinations Board (NABTEB) GCE Timetable 2025 National Business and Technical Examinations Board (NABTEB) GCE 2025 Registration Now Open Federal Government Pushes TVET Reform as NABTEB Reviews Syllabuses for 26 Trades Previous story Ambrose Alli University (AAU) Ekpoma Post UTME / Direct Entry Screening Result for 2025/2026 Academic Session Next story Federal University of Technology, Akure (FUTA) Post UTME Result for 2025/2026 Academic Session Previous story Ambrose Alli University (AAU) Ekpoma Post UTME / Direct Entry Screening Result for 2025/2026 Academic Session Next story Federal University of Technology, Akure (FUTA) Post UTME Result for 2025/2026 Academic Session Meet The Author Olusegun Fapohunda is the founder and editor of MySchoolGist, with over a decade of experience in education publishing. He covers education updates, admission notices, examination news, scholarships, career opportunities and related public information. Connect with him on X (formerly Twitter) . Meet The Author Olusegun Fapohunda is the founder and editor of MySchoolGist, with over a decade of experience in education publishing. He covers education updates, admission notices, examination news, scholarships, career opportunities and related public information. Connect with him on X (formerly Twitter) . Home About Disclaimer Privacy Policy Quick Links Education Resources WAEC Past Questions NABTEB Past Questions JAMB Past Questions Post UTME Past Questions Universities Polytechnics Monotechnics Colleges of Education Top Universities Illegal Universities Courses JAMB WAEC NECO Jobs in Nigeria MySchoolGist Web Services is a registered publisher and marketing solutions provider in Nigeria. It publishes Myschoolgist.com, a leading digital publication that covers the latest educational trends, career opportunities and current news. Copyright © 2012 - 2026 MySchoolGist Home About Disclaimer Privacy Policy Quick Links Education Resources WAEC Past Questions NABTEB Past Questions JAMB Past Questions Post UTME Past Questions Universities Polytechnics Monotechnics Colleges of Education Top Universities Illegal Universities Courses JAMB WAEC NECO Jobs in Nigeria Quick Links Education Resources WAEC Past Questions NABTEB Past Questions JAMB Past Questions Post UTME Past Questions Universities Polytechnics Monotechnics Colleges of Education Top Universities Illegal Universities Courses JAMB WAEC NECO Jobs in Nigeria MySchoolGist Web Services is a registered publisher and marketing solutions provider in Nigeria. It publishes Myschoolgist.com, a leading digital publication that covers the latest educational trends, career opportunities and current news. Copyright © 2012 - 2026 MySchoolGist",,,,,,,REJECTED,"optionA, optionB, optionC, optionD, answer"
https://myschoolgist.com/news/nabteb-to-prosecute-exam-cheats/,Unknown,NABTEB Syllabus for All Subjects National Business and Technical Examinations Board (NABTE,,"Result for 2025 May/June NBC/NTC Exam Meet The Author Olusegun Fapohunda is the founder and editor of MySchoolGist, with over a decade of experience in education publishing. He covers education updates, admission notices, examination news, scholarships, career opportunities and related public information. Connect with him on X (formerly Twitter) .",Admission List 2026 National Business and Technical Examinations Board (NABTE,,,,REJECTED,"optionA, optionD, answer"
https://myschoolgist.com/news/nabteb-may-june-exam-timetable/,Unknown,RECOMMENDE,,"2026 NBC and NTC Registration Dates, Students' Portal and Exam Date (June",,"NABTEB Share This Post: If this post helped you, share it with others! Use the buttons below to spread the word! WhatsApp X (Twitter) Facebook Suggested Articles National Business and Technical Examinations Board (NABTE",,,REJECTED,"optionA, optionC, answer"
https://myschoolgist.com/news/nabteb-may-june-exam-timetable/,Unknown,NABTEB Syllabus for All Subjects National Business and Technical Examinations Board (NABTE,,"Result for 2025 May/June NBC/NTC Exam Meet The Author Olusegun Fapohunda is the founder and editor of MySchoolGist, with over a decade of experience in education publishing. He covers education updates, admission notices, examination news, scholarships, career opportunities and related public information. Connect with him on X (formerly Twitter) .",Admission List 2026 National Business and Technical Examinations Board (NABTE,,,,REJECTED,"optionA, optionD, answer"
https://myschoolgist.com/news/nabteb-may-june-result-satistics/,Unknown,"NABTEB May/June Result Statistics - 73.19% Had 5 Credits By Olusegun Fapohunda October 11, 2023 Time to Read: 3 min • 563 words By Olusegun Fapohunda Olusegun Fapohunda October 11, 2023 Time to Read: 3 min • 563 words How did students fare in the 2023 In-school NBC/NTC examinations? Was there an upswing in performance? Prof. Ifeoma Isiugo-Abanihe, the NABTEB Registrar, sheds light on these results, revealing some inspiring statistics that showcase academic dedication. A recent update reveals a commendable advancement in student achievements in the 2023 In-school NBC/NTC examinations. The numbers speak volumes, with an impressive 73.19% , translating to 39,220 candidates, securing five credits and above in pivotal subjects, including English Language and Mathematics. 73.19% Overall Result 73.19% scored five credits and above, including English & Maths Exam Date 26th June – 25th July, 2023 Announcement Prof. Ifeoma Isiugo-Abanihe announced a 92.43% pass rate with or without core subjects Comparison Higher than 2022's 69.73% Total Enrolment 54,301 in 1,556 centres across all states and Cote D'Ivoire Subjects Offered",,,,,,,REJECTED,"optionA, optionB, optionC, optionD, answer"
https://myschoolgist.com/news/nabteb-may-june-result-satistics/,Unknown,"Engineering, 7 Construction, 9 Miscellaneous, 4 Business Trades & 17 General Education subjects Malpractice",,,,,,,REJECTED,"optionA, optionB, optionC, optionD, answer"
https://myschoolgist.com/news/nabteb-may-june-result-satistics/,Unknown,"candidates (0.45%) involved in malpractice in 2023 vs. 300 candidates (0.36%) in 2022 Malpractice Combat NABTEB introduces innovative approaches to reduce malpractice Table of contents An Overview of the Examination Period The Word from NABTEB's Top Brass A Comparative Look at Past Results A Dive into the Subject Categories A Comparative Look at Past Results A Dive into the Subject Categories An Enduring Concern: Examination Malpractices An Overview of the Examination Period Conducted across the nation, the examination was in session from Monday, 26th June to Tuesday, 25th July 2023 . Monday, 26th June Tuesday, 25th July 2023 Prepare for JAMB, WAEC, NECO, BECE, NCEE and Post UTME Practise CBT Exams on Mobile or PC Prepare for Post UTME, WAEC, NECO, JAMB UTME, Junior WAEC (BECE) and Common Entrance (NCEE) with the MySchoolGist CBT App and Software. Use it on Android, iPhone or Windows to practise past questions anytime. Android App iPhone App Windows 10+ Windows 7 & 8 Need help choosing the right version? Chat with us on WhatsApp . Prepare for JAMB, WAEC, NECO, BECE, NCEE and Post UTME Practise CBT Exams on Mobile or PC Prepare for Post UTME, WAEC, NECO, JAMB UTME, Junior WAEC (BECE) and Common Entrance (NCEE) with the MySchoolGist CBT App and Software. Use it on Android, iPhone or Windows to practise past questions anytime. Post UTME, WAEC, NECO, JAMB UTME, Junior WAEC (BECE) Common Entrance (NCEE) Android App iPhone App Windows 10+ Windows 7 & 8 Need help choosing the right version? Chat with us on WhatsApp . The Word from NABTEB's Top Brass Prof. Ifeoma Isiugo-Abanihe , the esteemed Registrar/Chief Executive of the National Business and Technical Examinations Board (NABTEB), unveiled these results in Benin. The disclosures point towards a significant 92.43% of the participating candidates – numbering at 49,529 – achieving five credits and above, regardless of their scores in English Language and Mathematics. Prof. Ifeoma Isiugo-Abanihe A Comparative Look at Past Results Drawing a comparison with the prior year, 2022 saw 58,679 candidates, which is 69.73% of the total, garnering five credits and above, inclusive of English Language and Mathematics. In the same vein, 88.35% of the candidates (74,346 in number) managed to attain the said grades irrespective of their performance in the two key subjects. 69.73% 88.35% Furthermore, there's been a slight dip in the number of registrations. With 54,301 candidates marking their presence in 1,556 centres throughout the country and extending to Cote D'Ivoire, there's a 38.06% decline when contrasted with the 2022 enrolment numbers, which stood at 87,668. 54,301 38.06% Read more: How to Check NABTEB Results Online, Via Email and SMS . A Dive into the Subject Categories Diving deeper, Prof. Isiugo-Abanihe illuminated that candidates ventured into a variety of fields:",,,,,,,REJECTED,"optionA, optionB, optionC, optionD, answer"
https://myschoolgist.com/news/nabteb-may-june-result-satistics/,Unknown,Engineering Trades,,,,,,,REJECTED,"optionA, optionB, optionC, optionD, answer"
https://myschoolgist.com/news/nabteb-may-june-result-satistics/,Unknown,Construction Trades,,,,,,,REJECTED,"optionA, optionB, optionC, optionD, answer"
https://myschoolgist.com/news/nabteb-may-june-result-satistics/,Unknown,Miscellaneous Trades,,,,,,,REJECTED,"optionA, optionB, optionC, optionD, answer"
https://myschoolgist.com/news/nabteb-may-june-result-satistics/,Unknown,Business Trades,,,,,,,REJECTED,"optionA, optionB, optionC, optionD, answer"
https://myschoolgist.com/news/nabteb-may-june-result-satistics/,Unknown,"General Education subjects From the total that appeared for the certificate examinations, 98.69% (53,587 candidates) featured in the final tallies. A deeper analysis reveals that 13,699 or 51.93% , got the nod as craftsmen. A drop from the 64.41% craftsmen certified in the 2022 In-school NBC/NTC examinations. 98.69% 51.93% 64.41% An Enduring Concern: Examination Malpractices While the results paint a promising picture, concerns persist. Examination malpractices are a global blight that hasn't left the NABTEB examinations untouched. Drawing the world's gaze, these irregularities remain a topic of international discourse in the sphere of assessment. Mrs. Isiugo-Abanihe expressed her distress over this persisting challenge. She stressed that, despite continuous innovative measures introduced by the Board to curtail these malpractices, they remain a hurdle. In the 2023 NBC/NTC examinations, 239 candidates (0.45% of the total) found themselves entangled in malpractices. This reflects a slight uptick from 2022, where 300 candidates or 0.36% , were implicated, showcasing a concerning rise in such irregularities.",,,,,,,REJECTED,"optionA, optionB, optionC, optionD, answer"
https://myschoolgist.com/news/nabteb-may-june-result-satistics/,Unknown,"candidates 0.36% In conclusion, while there's significant progress and milestones achieved in the 2023 In-school NBC/NTC examinations, there remain areas of concern. The persistent challenge of examination malpractices underscores the need for more stringent measures and consistent innovations in the examination process. Alternative admission via JUPEB/IJMB programmes (SPONSORED) Enter 200-Level Directly! Gain University Admission via JUPEB/IJMB . Enjoy Low Fees! Call 08033006849 Now! Alternative admission via JUPEB/IJMB programmes (SPONSORED) Enter 200-Level Directly! Gain University Admission via JUPEB/IJMB . Enjoy Low Fees! Call 08033006849 Now! Search MySchoolGist ... Search Tagged: National Business and Technical Examinations Board : NABTEB Tagged: Share This Post: If this post helped you, share it with others! Use the buttons below to spread the word! Share This Post: WhatsApp X (Twitter) Facebook WhatsApp X (Twitter) Facebook Suggested Articles National Business and Technical Examinations Board (NABTEB) Releases 2025 Nov/Dec GCE Results; How to Check NBC/NTC and ANBC/ANTC National Business and Technical Examinations Board (NABTEB) 2026 NCEE Registration: Dates, Exam Day and Student Portal for Technical Colleges National Business and Technical Examinations Board (NABTEB) 2026 NBC and NTC Registration Dates, Students' Portal and Exam Date (June 2026) NABTEB Syllabus for All Subjects National Business and Technical Examinations Board (NABTEB) Federal Technical Colleges (FTC) Admission List 2026 National Business and Technical Examinations Board (NABTEB) GCE Timetable 2025 National Business and Technical Examinations Board (NABTEB) GCE 2025 Registration Now Open National Business and Technical Examinations Board (NABTEB) Result for 2025 May/June NBC/NTC Exam Suggested Articles Articles National Business and Technical Examinations Board (NABTEB) Releases 2025 Nov/Dec GCE Results; How to Check NBC/NTC and ANBC/ANTC National Business and Technical Examinations Board (NABTEB) 2026 NCEE Registration: Dates, Exam Day and Student Portal for Technical Colleges National Business and Technical Examinations Board (NABTEB) 2026 NBC and NTC Registration Dates, Students' Portal and Exam Date (June 2026) NABTEB Syllabus for All Subjects National Business and Technical Examinations Board (NABTEB) Federal Technical Colleges (FTC) Admission List 2026 National Business and Technical Examinations Board (NABTEB) GCE Timetable 2025 National Business and Technical Examinations Board (NABTEB) GCE 2025 Registration Now Open National Business and Technical Examinations Board (NABTEB) Result for 2025 May/June NBC/NTC Exam Previous story ACENTDFB Post-Graduate Studies in Biotechnology & Forensics Next story Federal Poly Nekede Acceptance Fee Payment & Registration Procedures Previous story ACENTDFB Post-Graduate Studies in Biotechnology & Forensics Next story Federal Poly Nekede Acceptance Fee Payment & Registration Procedures Meet The Author Olusegun Fapohunda is the founder and editor of MySchoolGist, with over a decade of experience in education publishing. He covers education updates, admission notices, examination news, scholarships, career opportunities and related public information. Connect with him on X (formerly Twitter) . Meet The Author Olusegun Fapohunda is the founder and editor of MySchoolGist, with over a decade of experience in education publishing. He covers education updates, admission notices, examination news, scholarships, career opportunities and related public information. Connect with him on X (formerly Twitter) . Home About Disclaimer Privacy Policy Quick Links Education Resources WAEC Past Questions NABTEB Past Questions JAMB Past Questions Post UTME Past Questions Universities Polytechnics Monotechnics Colleges of Education Top Universities Illegal Universities Courses JAMB WAEC NECO Jobs in Nigeria MySchoolGist Web Services is a registered publisher and marketing solutions provider in Nigeria. It publishes Myschoolgist.com, a leading digital publication that covers the latest educational trends, career opportunities and current news. Copyright © 2012 - 2026 MySchoolGist Home About Disclaimer Privacy Policy Quick Links Education Resources WAEC Past Questions NABTEB Past Questions JAMB Past Questions Post UTME Past Questions Universities Polytechnics Monotechnics Colleges of Education Top Universities Illegal Universities Courses JAMB WAEC NECO Jobs in Nigeria Quick Links Education Resources WAEC Past Questions NABTEB Past Questions JAMB Past Questions Post UTME Past Questions Universities Polytechnics Monotechnics Colleges of Education Top Universities Illegal Universities Courses JAMB WAEC NECO Jobs in Nigeria MySchoolGist Web Services is a registered publisher and marketing solutions provider in Nigeria. It publishes Myschoolgist.com, a leading digital publication that covers the latest educational trends, career opportunities and current news. Copyright © 2012 - 2026 MySchoolGist",,,,,,,REJECTED,"optionA, optionB, optionC, optionD, answer"
https://myschoolgist.com/news/national-business-and-technical-examinations-board-nabteb-2026-nbc-and-ntc-registration-dates-students-portal-and-exam-date-june-2026/,Unknown,"Examination Date Where Candidates Can Get Guidance How to Register Online What NABTEB Certifications Support Registration Dates for 2026 NBC and NTC NABTEB stated that the registration exercise will run: Sunday, 26 January 2026 to Saturday, 31 May 2026 The registration period covers both NBC and NTC entries; candidates are expected to complete their sign-up before the closing date.",,,,,,,REJECTED,"optionA, optionB, optionC, optionD, answer"
https://myschoolgist.com/news/national-business-and-technical-examinations-board-nabteb-2026-nbc-and-ntc-registration-dates-students-portal-and-exam-date-june-2026/,Unknown,"Examination Date The examinations are scheduled to hold nationwide on: Monday, 15 June 2026 That date stands as the national exam day for the 2026 NBC and NTC papers. Where Candidates Can Get Guidance For more details, NABTEB directed candidates to seek support through its official points of contact across Nigeria. Candidates can visit NABTEB offices located across the six geopolitical zones, all 36 states of the federation and the Federal Capital Territory (FCT), Abuja; NABTEB-approved examination centres also serve as information points. How to Register Online Interested candidates can complete registration online through the NABTEB students' portal . The Portal is the stated online route for enrolment; candidates should follow the steps provided there during the registration process. What NABTEB Certifications Support NABTEB certifications are designed to promote skills development, employability and academic as well as career progression; the focus is on giving candidates technical and business competencies. Alternative admission via JUPEB/IJMB programmes (SPONSORED) Enter 200-Level Directly! Gain University Admission via JUPEB/IJMB . Enjoy Low Fees! Call 08033006849 Now! Alternative admission via JUPEB/IJMB programmes (SPONSORED) Enter 200-Level Directly! Gain University Admission via JUPEB/IJMB . Enjoy Low Fees! Call 08033006849 Now! Search MySchoolGist ... Search Tagged: National Business and Technical Examinations Board : NABTEB Tagged: Share This Post: If this post helped you, share it with others! Use the buttons below to spread the word! Share This Post: WhatsApp X (Twitter) Facebook WhatsApp X (Twitter) Facebook Suggested Articles National Business and Technical Examinations Board (NABTEB) Releases 2025 Nov/Dec GCE Results; How to Check NBC/NTC and ANBC/ANTC National Business and Technical Examinations Board (NABTEB) 2026 NCEE Registration: Dates, Exam Day and Student Portal for Technical Colleges NABTEB Syllabus for All Subjects National Business and Technical Examinations Board (NABTEB) GCE 2025 Registration Now Open National Business and Technical Examinations Board (NABTEB) Federal Technical Colleges (FTC) Admission List 2026 National Business and Technical Examinations Board (NABTEB) GCE Timetable 2025 National Business and Technical Examinations Board (NABTEB) Result for 2025 May/June NBC/NTC Exam Federal Government Pushes TVET Reform as NABTEB Reviews Syllabuses for 26 Trades Suggested Articles Articles National Business and Technical Examinations Board (NABTEB) Releases 2025 Nov/Dec GCE Results; How to Check NBC/NTC and ANBC/ANTC National Business and Technical Examinations Board (NABTEB) 2026 NCEE Registration: Dates, Exam Day and Student Portal for Technical Colleges NABTEB Syllabus for All Subjects National Business and Technical Examinations Board (NABTEB) GCE 2025 Registration Now Open National Business and Technical Examinations Board (NABTEB) Federal Technical Colleges (FTC) Admission List 2026 National Business and Technical Examinations Board (NABTEB) GCE Timetable 2025 National Business and Technical Examinations Board (NABTEB) Result for 2025 May/June NBC/NTC Exam Federal Government Pushes TVET Reform as NABTEB Reviews Syllabuses for 26 Trades Previous story National Essay Competition 4th Edition: Eligibility, Prizes and Submission Link (Nigerians 20-35) Next story National Business and Technical Examinations Board (NABTEB) 2026 NCEE Registration: Dates, Exam Day and Student Portal for Technical Colleges Previous story National Essay Competition 4th Edition: Eligibility, Prizes and Submission Link (Nigerians 20-35) Next story National Business and Technical Examinations Board (NABTEB) 2026 NCEE Registration: Dates, Exam Day and Student Portal for Technical Colleges Meet The Author Olusegun Fapohunda is the founder and editor of MySchoolGist, with over a decade of experience in education publishing. He covers education updates, admission notices, examination news, scholarships, career opportunities and related public information. Connect with him on X (formerly Twitter) . Meet The Author Olusegun Fapohunda is the founder and editor of MySchoolGist, with over a decade of experience in education publishing. He covers education updates, admission notices, examination news, scholarships, career opportunities and related public information. Connect with him on X (formerly Twitter) . Home About Disclaimer Privacy Policy Quick Links Education Resources WAEC Past Questions NABTEB Past Questions JAMB Past Questions Post UTME Past Questions Universities Polytechnics Monotechnics Colleges of Education Top Universities Illegal Universities Courses JAMB WAEC NECO Jobs in Nigeria MySchoolGist Web Services is a registered publisher and marketing solutions provider in Nigeria. It publishes Myschoolgist.com, a leading digital publication that covers the latest educational trends, career opportunities and current news. Copyright © 2012 - 2026 MySchoolGist Home About Disclaimer Privacy Policy Quick Links Education Resources WAEC Past Questions NABTEB Past Questions JAMB Past Questions Post UTME Past Questions Universities Polytechnics Monotechnics Colleges of Education Top Universities Illegal Universities Courses JAMB WAEC NECO Jobs in Nigeria Quick Links Education Resources WAEC Past Questions NABTEB Past Questions JAMB Past Questions Post UTME Past Questions Universities Polytechnics Monotechnics Colleges of Education Top Universities Illegal Universities Courses JAMB WAEC NECO Jobs in Nigeria MySchoolGist Web Services is a registered publisher and marketing solutions provider in Nigeria. It publishes Myschoolgist.com, a leading digital publication that covers the latest educational trends, career opportunities and current news. Copyright © 2012 - 2026 MySchoolGist",,,,,,,REJECTED,"optionA, optionB, optionC, optionD, answer"
https://myschoolgist.com/news/nabteb-gce-2025-nov-dec-result-checking-steps/,Unknown,"NABTEB conducted the examinations in 2,079 centres, a 13.92 per cent rise in the number of centres. How candidates performed across trade areas Performance differed by trade are","NABTEB reported higher pass rates in Construction, Engineering and Miscellaneous Trades than in Business Trades. Overall, more than half of the candidates qualified as craftsmen and master craftsmen. Malpractice figure reported by NABTEB On examination malpractice, NABTEB reported 259 candidates (0.42 per cent) were involve",,"online Candidates can check their results online using the Board's portal. Go to the nearest NABTEB office to get result-checking PINs Visit the NABTEB eWorld result portal Enter the Candidate Identification Number (e.g., 15001-",How to check NABTEB GCE result 2025 (Nov/De,,,REJECTED,"optionB, answer"
https://myschoolgist.com/news/nabteb-gce-2025-nov-dec-result-checking-steps/,Unknown,Select the type of examination (Nov/De,,,"Enter the 4 digits of the examination year (e.g.,",,,,REJECTED,"optionA, optionB, optionD, answer"
https://myschoolgist.com/news/nabteb-gce-2025-nov-dec-result-checking-steps/,Unknown,,,,,,,,REJECTED,"question, optionA, optionB, optionC, optionD, answer"
https://myschoolgist.com/news/nabteb-gce-2025-nov-dec-result-checking-steps/,Unknown,,,,,,,,REJECTED,"question, optionA, optionB, optionC, optionD, answer"
https://myschoolgist.com/news/nabteb-gce-2025-nov-dec-result-checking-steps/,Unknown,"Click Submit; wait for the results window to display How to send the result to an email address To have the result sent to an email address, candidates shoul",,"2026 NBC and NTC Registration Dates, Students' Portal and Exam Date (June",,"NABTEB Share This Post: If this post helped you, share it with others! Use the buttons below to spread the word! WhatsApp X (Twitter) Facebook Suggested Articles National Business and Technical Examinations Board (NABTE",,,REJECTED,"optionA, optionC, answer"
https://myschoolgist.com/news/nabteb-gce-2025-nov-dec-result-checking-steps/,Unknown,NABTEB Syllabus for All Subjects National Business and Technical Examinations Board (NABTE,,"Result for 2025 May/June NBC/NTC Exam Federal Government Pushes TVET Reform as NABTEB Reviews Syllabuses for 26 Trades Meet The Author Olusegun Fapohunda is the founder and editor of MySchoolGist, with over a decade of experience in education publishing. He covers education updates, admission notices, examination news, scholarships, career opportunities and related public information. Connect with him on X (formerly Twitter) .",Admission List 2026 National Business and Technical Examinations Board (NABTE,,,,REJECTED,"optionA, optionD, answer"
https://myschoolgist.com/news/nabteb-2026-ncee-registration/,Unknown,"NCEE Examination Date Where Candidates Can Get More Information How to Register Online What the NCEE Leads To Registration Opening and Closing Dates NABTEB stated that registration will: Open on Sunday, 26 January 2026 Close on Saturday, 24 May 2026 These dates apply to the 2026 NCEE registration exercise; candidates should plan their submission within the stated window, no guesswork.",,,,,,,REJECTED,"optionA, optionB, optionC, optionD, answer"
https://myschoolgist.com/news/nabteb-2026-ncee-registration/,Unknown,"NCEE Examination Date The Board scheduled the examination to hold on: Saturday, 6 June 2026 That date is the set day for the 2026 NCEE across Nigeria; candidates should keep it in view while completing registration. Where Candidates Can Get More Information Candidates seeking more information are advised to visit: Any NABTEB Zonal Office across the six geopolitical zones NABTEB offices across the 36 states of the federation The Federal Capital Territory (FCT), Abuja Designated Technical Colleges nationwide The Board listed these locations as official points for guidance; candidates can use them for clarification. How to Register Online Registration can be completed online through the NABTEB student portal for the 2026 NCEE . The portal is the stated online channel; candidates should follow the steps provided on the site and submit within the deadline. What the NCEE Leads To NABTEB described the 2026 NCEE as a gateway to technical education, skills acquisition, wealth creation and economic self-reliance; that is the stated purpose tied to the examination. Alternative admission via JUPEB/IJMB programmes (SPONSORED) Enter 200-Level Directly! Gain University Admission via JUPEB/IJMB . Enjoy Low Fees! Call 08033006849 Now! Alternative admission via JUPEB/IJMB programmes (SPONSORED) Enter 200-Level Directly! Gain University Admission via JUPEB/IJMB . Enjoy Low Fees! Call 08033006849 Now! Search MySchoolGist ... Search Tagged: National Business and Technical Examinations Board : NABTEB Tagged: Share This Post: If this post helped you, share it with others! Use the buttons below to spread the word! Share This Post: WhatsApp X (Twitter) Facebook WhatsApp X (Twitter) Facebook Suggested Articles National Business and Technical Examinations Board (NABTEB) Releases 2025 Nov/Dec GCE Results; How to Check NBC/NTC and ANBC/ANTC National Business and Technical Examinations Board (NABTEB) 2026 NBC and NTC Registration Dates, Students' Portal and Exam Date (June 2026) NABTEB Syllabus for All Subjects National Business and Technical Examinations Board (NABTEB) GCE 2025 Registration Now Open Lagos State University International School (LASUIS) Admission Form 2026/2027: Classes, Fee, Exam Date and Application Guide Federal University of Agriculture, Abeokuta International School (FUNIS) Admission 2026/2027: Classes, CBT Exam Dates, Boarding and Contact Details Ogun FSLC Registration 2025/2026: Steps, Fees, Portal Access and Rules for Primary 6 Schools Cross River State Common Entrance Timetable 2026 for Primary Six Candidates Suggested Articles Articles National Business and Technical Examinations Board (NABTEB) Releases 2025 Nov/Dec GCE Results; How to Check NBC/NTC and ANBC/ANTC National Business and Technical Examinations Board (NABTEB) 2026 NBC and NTC Registration Dates, Students' Portal and Exam Date (June 2026) NABTEB Syllabus for All Subjects National Business and Technical Examinations Board (NABTEB) GCE 2025 Registration Now Open Lagos State University International School (LASUIS) Admission Form 2026/2027: Classes, Fee, Exam Date and Application Guide Federal University of Agriculture, Abeokuta International School (FUNIS) Admission 2026/2027: Classes, CBT Exam Dates, Boarding and Contact Details Ogun FSLC Registration 2025/2026: Steps, Fees, Portal Access and Rules for Primary 6 Schools Cross River State Common Entrance Timetable 2026 for Primary Six Candidates Previous story National Business and Technical Examinations Board (NABTEB) 2026 NBC and NTC Registration Dates, Students' Portal and Exam Date (June 2026) Next story Ahmadu Bello University (ABU) Postgraduate Form 2025/2026 Extended: New Deadline, Fee, Website and Requirements Previous story National Business and Technical Examinations Board (NABTEB) 2026 NBC and NTC Registration Dates, Students' Portal and Exam Date (June 2026) Next story Ahmadu Bello University (ABU) Postgraduate Form 2025/2026 Extended: New Deadline, Fee, Website and Requirements Meet The Author Olusegun Fapohunda is the founder and editor of MySchoolGist, with over a decade of experience in education publishing. He covers education updates, admission notices, examination news, scholarships, career opportunities and related public information. Connect with him on X (formerly Twitter) . Meet The Author Olusegun Fapohunda is the founder and editor of MySchoolGist, with over a decade of experience in education publishing. He covers education updates, admission notices, examination news, scholarships, career opportunities and related public information. Connect with him on X (formerly Twitter) . Home About Disclaimer Privacy Policy Quick Links Education Resources WAEC Past Questions NABTEB Past Questions JAMB Past Questions Post UTME Past Questions Universities Polytechnics Monotechnics Colleges of Education Top Universities Illegal Universities Courses JAMB WAEC NECO Jobs in Nigeria MySchoolGist Web Services is a registered publisher and marketing solutions provider in Nigeria. It publishes Myschoolgist.com, a leading digital publication that covers the latest educational trends, career opportunities and current news. Copyright © 2012 - 2026 MySchoolGist Home About Disclaimer Privacy Policy Quick Links Education Resources WAEC Past Questions NABTEB Past Questions JAMB Past Questions Post UTME Past Questions Universities Polytechnics Monotechnics Colleges of Education Top Universities Illegal Universities Courses JAMB WAEC NECO Jobs in Nigeria Quick Links Education Resources WAEC Past Questions NABTEB Past Questions JAMB Past Questions Post UTME Past Questions Universities Polytechnics Monotechnics Colleges of Education Top Universities Illegal Universities Courses JAMB WAEC NECO Jobs in Nigeria MySchoolGist Web Services is a registered publisher and marketing solutions provider in Nigeria. It publishes Myschoolgist.com, a leading digital publication that covers the latest educational trends, career opportunities and current news. Copyright © 2012 - 2026 MySchoolGist",,,,,,,REJECTED,"optionA, optionB, optionC, optionD, answer"
https://myschoolgist.com/ng/nabteb-nov-dec-exam-timetable/,Unknown,,,,,,,,REJECTED,"question, optionA, optionB, optionC, optionD, answer"
https://myschoolgist.com/ng/nabteb-nov-dec-exam-timetable/,Unknown,"All candidates are advised to check the schedule and prepare early for success. If you've been waiting for the NABTEB GCE Timetable , the wait is finally over. The National Business and Technical Examinations Board (NABTE",,"has dropped the official schedule for the November/December 2025 Certificate Examinations. Feels like a relief, doesn't it? After weeks of waiting and checking here and there, we finally know what's up. The Official Word on the NABTEB GCE Timetable The exam kicks off on November 3 and wraps up on December 6,",,,,,REJECTED,"optionA, optionC, optionD, answer"
https://myschoolgist.com/ng/nabteb-nov-dec-exam-timetable/,Unknown,"That's roughly five weeks of hustle, focus and steady nerves. The timetable lists every subject, date and time slot, so nobody has an excuse to miss a paper. It's like your personal GPS through exam season — one wrong turn and well, wahala dey. Prepare for JAMB, WAEC, NECO, BECE, NCEE and Post UTME Practise CBT Exams on Mobile or PC Prepare for Post UTME, WAEC, NECO, JAMB UTME, Junior WAEC (BECE) and Common Entrance (NCEE) with the MySchoolGist CBT App and Software. Use it on Android, iPhone or Windows to practise past questions anytime. Android App iPhone App Windows 10+ Windows 7 & 8 Need help choosing the right version? Chat with us on WhatsApp . If you haven't got it yet, the full schedule is neatly packed in a downloadable PDF. You can find it right here: NABTEB General Examination Timetable PDF . Save it somewhere easy to reach. You'll be needing it often. Why You Should Care About the Timetable Let's be honest — half of exam stress comes from poor planning. The NABTEB GCE Timetable isn't just a fancy list; it's your strategy boar",,"2026 NBC and NTC Registration Dates, Students' Portal and Exam Date (June",Admission List 2026 National Business and Technical Examinations Board (NABTE,Enter 200-Level Directly! Gain University Admission via JUPEB/IJM,,,REJECTED,"optionA, answer"
https://myschoolgist.com/ng/nabteb-nov-dec-exam-timetable/,Unknown,NABTEB Syllabus for All Subjects National Business and Technical Examinations Board (NABTE,,"Result for 2025 May/June NBC/NTC Exam Federal Government Pushes TVET Reform as NABTEB Reviews Syllabuses for 26 Trades Meet The Author Olusegun Fapohunda is the founder and editor of MySchoolGist, with over a decade of experience in education publishing. He covers education updates, admission notices, examination news, scholarships, career opportunities and related public information. Connect with him on X (formerly Twitter) .",,,,,REJECTED,"optionA, optionC, optionD, answer"
https://myschoolgist.com/news/fg-pushes-tvet-reform/,Unknown,NABTEB Syllabus for All Subjects National Business and Technical Examinations Board (NABTE,,"Result for 2025 May/June NBC/NTC Exam Meet The Author Olusegun Fapohunda is the founder and editor of MySchoolGist, with over a decade of experience in education publishing. He covers education updates, admission notices, examination news, scholarships, career opportunities and related public information. Connect with him on X (formerly Twitter) .",Admission List 2026 National Business and Technical Examinations Board (NABTE,,,,REJECTED,"optionA, optionD, answer"
https://myschoolgist.com/ng/nabteb-may-june-exam-timetable/,Unknown,RECOMMENDE,,"2026 NBC and NTC Registration Dates, Students' Portal and Exam Date (June",,"NABTEB Share This Post: If this post helped you, share it with others! Use the buttons below to spread the word! WhatsApp X (Twitter) Facebook Suggested Articles National Business and Technical Examinations Board (NABTE",,,REJECTED,"optionA, optionC, answer"
https://myschoolgist.com/ng/nabteb-may-june-exam-timetable/,Unknown,NABTEB Syllabus for All Subjects National Business and Technical Examinations Board (NABTE,,"Result for 2025 May/June NBC/NTC Exam Meet The Author Olusegun Fapohunda is the founder and editor of MySchoolGist, with over a decade of experience in education publishing. He covers education updates, admission notices, examination news, scholarships, career opportunities and related public information. Connect with him on X (formerly Twitter) .",Admission List 2026 National Business and Technical Examinations Board (NABTE,,,,REJECTED,"optionA, optionD, answer"
https://myschoolgist.com/ng/nabteb-gce-novdec-registration/,Unknown,"NABTEB GCE Registration Form – Instructions & Guidelines By Olusegun Fapohunda October 8, 2025 Time to Read: 3 min • 442 words By Olusegun Fapohunda Olusegun Fapohunda October 8, 2025 Time to Read: 3 min • 442 words The National Business and Technical Examinations Board (NABTEB) GCE 2025 registration is now open. Learn how to register and get your certification. The November/December National Business and Technical Examinations Board (NABTEB) GCE registration has begun! This is the time to take advantage of the opportunity to earn a valuable qualification and expand your prospects for the future. Prepare for JAMB, WAEC, NECO, BECE, NCEE and Post UTME Practise CBT Exams on Mobile or PC Prepare for Post UTME, WAEC, NECO, JAMB UTME, Junior WAEC (BECE) and Common Entrance (NCEE) with the MySchoolGist CBT App and Software. Use it on Android, iPhone or Windows to practise past questions anytime. Android App iPhone App Windows 10+ Windows 7 & 8 Need help choosing the right version? Chat with us on WhatsApp . Prepare for JAMB, WAEC, NECO, BECE, NCEE and Post UTME Practise CBT Exams on Mobile or PC Prepare for Post UTME, WAEC, NECO, JAMB UTME, Junior WAEC (BECE) and Common Entrance (NCEE) with the MySchoolGist CBT App and Software. Use it on Android, iPhone or Windows to practise past questions anytime. Post UTME, WAEC, NECO, JAMB UTME, Junior WAEC (BECE) Common Entrance (NCEE) Android App iPhone App Windows 10+ Windows 7 & 8 Need help choosing the right version? Chat with us on WhatsApp . Table of contents Application Process for NABTEB GCE 2025 Benefits of NABTEB Certification Locations to Purchase NABTEB GCE Forms NABTEB GCE Form Fees How to Register for NABTEB GCE Registration Deadline Important Tips Application Process for NABTEB GCE 2025 The National Business and Technical Examinations Board (NABTEB) has officially opened registration for the 2025 November/December Certificate Examinations. The categories available include: National Business Certificate (NBC) National Technical Certificate (NTC) and General Education Advanced National Business Certificate (ANBC) Advanced National Technical Certificate (ANTC) Benefits of NABTEB Certification Wondering if a NABTEB certificate is worth it? It comes with many advantages: Increased Job Opportunities : Employers in both the public and private sectors, within Nigeria or abroad, value NABTEB certifications. Increased Job Opportunities Educational Leverage : NABTEB certificates are recognised for admission through JAMB for both UTME and Direct Entry. Educational Leverage Career Advancement : NABTEB certifications can boost your career progression if you are already employed. Career Advancement Professional Recognition : NABTEB certifications give artisans, craftsmen and technicians official recognition and opportunities for professional licensing. Professional Recognition SEE ALSO: NABTEB GCE Timetable . Locations to Purchase NABTEB GCE Forms You can buy the registration PINs/Slots for the exams from the following: Zonal Offices : Abuja, Kaduna, Yola, Osogbo, Enugu and Benin City. Zonal Offices Liaison Office : Abuja. Liaison Office Area Office : Lagos. Area Office State Offices : Available nationwide. State Offices National Headquarters : Ikpoba Hill, Benin City. National Headquarters Approved NABTEB centres can register candidates once they acquire the Registration PINs/Slots. NABTEB GCE Form Fees The fee structure for the NABTEB GCE forms is: Nov/Dec NBC/NTC : N18,250 per candidate. Nov/Dec NBC/NTC Nov/Dec ANBC/ANTC : N20,250 per candidate. Nov/Dec ANBC/ANTC The fees cover all examination costs, biometric registration, e-learning, result checking and an information VCD. Late registration requires an additional fee of N5,000. How to Register for NABTEB GCE Here's a step-by-step guide to register for NABTEB GCE : NABTEB GCE Visit the Registration Portal : Go to the NABTEB Nov/Dec Registration Portal and log in using your PIN. Visit the Registration Portal Study the Guidelines : Read the Entry Guide, Exam Structure, Time-Table and Trades available at each centre. Study the Guidelines Choose a Reputable Cybercafé : To ensure accuracy, complete your registration at a quality cybercafé. Choose a Reputable Cybercafé Complete Biometric Registration : Biometric data must be captured during registration, so do not skip this step. Complete Biometric Registration To assist with preparation, check out the 2025 NABTEB GCE Nov/Dec Guide and NABTEB Past Questions and Answers . You may also download the examination structures for both 2025 ANBC/ANTC and 2025 NBC/NTC . Registration Deadline The deadline for NABTEB GCE registration is Sunday, 12th October, 2025 . Sunday, 12th October, 2025 Important Tips Ensure you complete the biometric registration process and use a quality cybercafé to avoid errors. Don't miss this chance to earn a valuable qualification that can help shape a brighter future. Register now for the NABTEB 2025 November/December Examinations and start your journey towards success! Alternative admission via JUPEB/IJMB programmes (SPONSORED) Enter 200-Level Directly! Gain University Admission via JUPEB/IJMB . Enjoy Low Fees! Call 08033006849 Now! Alternative admission via JUPEB/IJMB programmes (SPONSORED) Enter 200-Level Directly! Gain University Admission via JUPEB/IJMB . Enjoy Low Fees! Call 08033006849 Now! Search MySchoolGist ... Search Tagged: National Business and Technical Examinations Board : NABTEB Tagged: Share This Post: If this post helped you, share it with others! Use the buttons below to spread the word! Share This Post: WhatsApp X (Twitter) Facebook WhatsApp X (Twitter) Facebook Suggested Articles National Business and Technical Examinations Board (NABTEB) Releases 2025 Nov/Dec GCE Results; How to Check NBC/NTC and ANBC/ANTC National Business and Technical Examinations Board (NABTEB) 2026 NCEE Registration: Dates, Exam Day and Student Portal for Technical Colleges National Business and Technical Examinations Board (NABTEB) 2026 NBC and NTC Registration Dates, Students' Portal and Exam Date (June 2026) NABTEB Syllabus for All Subjects National Business and Technical Examinations Board (NABTEB) Federal Technical Colleges (FTC) Admission List 2026 National Business and Technical Examinations Board (NABTEB) GCE Timetable 2025 National Business and Technical Examinations Board (NABTEB) Result for 2025 May/June NBC/NTC Exam Federal Government Pushes TVET Reform as NABTEB Reviews Syllabuses for 26 Trades Suggested Articles Articles National Business and Technical Examinations Board (NABTEB) Releases 2025 Nov/Dec GCE Results; How to Check NBC/NTC and ANBC/ANTC National Business and Technical Examinations Board (NABTEB) 2026 NCEE Registration: Dates, Exam Day and Student Portal for Technical Colleges National Business and Technical Examinations Board (NABTEB) 2026 NBC and NTC Registration Dates, Students' Portal and Exam Date (June 2026) NABTEB Syllabus for All Subjects National Business and Technical Examinations Board (NABTEB) Federal Technical Colleges (FTC) Admission List 2026 National Business and Technical Examinations Board (NABTEB) GCE Timetable 2025 National Business and Technical Examinations Board (NABTEB) Result for 2025 May/June NBC/NTC Exam Federal Government Pushes TVET Reform as NABTEB Reviews Syllabuses for 26 Trades Previous story Federal College of Medical Laboratory Science and Technology (FCMLST), Jos Post UTME Form for 2025/2026 ND Admission | Batch B Next story NABTEB Syllabus for All Subjects Previous story Federal College of Medical Laboratory Science and Technology (FCMLST), Jos Post UTME Form for 2025/2026 ND Admission | Batch B Next story NABTEB Syllabus for All Subjects Meet The Author Olusegun Fapohunda is the founder and editor of MySchoolGist, with over a decade of experience in education publishing. He covers education updates, admission notices, examination news, scholarships, career opportunities and related public information. Connect with him on X (formerly Twitter) . Meet The Author Olusegun Fapohunda is the founder and editor of MySchoolGist, with over a decade of experience in education publishing. He covers education updates, admission notices, examination news, scholarships, career opportunities and related public information. Connect with him on X (formerly Twitter) . Home About Disclaimer Privacy Policy Quick Links Education Resources WAEC Past Questions NABTEB Past Questions JAMB Past Questions Post UTME Past Questions Universities Polytechnics Monotechnics Colleges of Education Top Universities Illegal Universities Courses JAMB WAEC NECO Jobs in Nigeria MySchoolGist Web Services is a registered publisher and marketing solutions provider in Nigeria. It publishes Myschoolgist.com, a leading digital publication that covers the latest educational trends, career opportunities and current news. Copyright © 2012 - 2026 MySchoolGist Home About Disclaimer Privacy Policy Quick Links Education Resources WAEC Past Questions NABTEB Past Questions JAMB Past Questions Post UTME Past Questions Universities Polytechnics Monotechnics Colleges of Education Top Universities Illegal Universities Courses JAMB WAEC NECO Jobs in Nigeria Quick Links Education Resources WAEC Past Questions NABTEB Past Questions JAMB Past Questions Post UTME Past Questions Universities Polytechnics Monotechnics Colleges of Education Top Universities Illegal Universities Courses JAMB WAEC NECO Jobs in Nigeria MySchoolGist Web Services is a registered publisher and marketing solutions provider in Nigeria. It publishes Myschoolgist.com, a leading digital publication that covers the latest educational trends, career opportunities and current news. Copyright © 2012 - 2026 MySchoolGist",,,,,,,REJECTED,"optionA, optionB, optionC, optionD, answer"
https://myschoolgist.com/news/nabteb-gce-novdec-registration/,Unknown,"NABTEB GCE Registration Form – Instructions & Guidelines By Olusegun Fapohunda October 8, 2025 Time to Read: 3 min • 442 words By Olusegun Fapohunda Olusegun Fapohunda October 8, 2025 Time to Read: 3 min • 442 words The National Business and Technical Examinations Board (NABTEB) GCE 2025 registration is now open. Learn how to register and get your certification. The November/December National Business and Technical Examinations Board (NABTEB) GCE registration has begun! This is the time to take advantage of the opportunity to earn a valuable qualification and expand your prospects for the future. Prepare for JAMB, WAEC, NECO, BECE, NCEE and Post UTME Practise CBT Exams on Mobile or PC Prepare for Post UTME, WAEC, NECO, JAMB UTME, Junior WAEC (BECE) and Common Entrance (NCEE) with the MySchoolGist CBT App and Software. Use it on Android, iPhone or Windows to practise past questions anytime. Android App iPhone App Windows 10+ Windows 7 & 8 Need help choosing the right version? Chat with us on WhatsApp . Prepare for JAMB, WAEC, NECO, BECE, NCEE and Post UTME Practise CBT Exams on Mobile or PC Prepare for Post UTME, WAEC, NECO, JAMB UTME, Junior WAEC (BECE) and Common Entrance (NCEE) with the MySchoolGist CBT App and Software. Use it on Android, iPhone or Windows to practise past questions anytime. Post UTME, WAEC, NECO, JAMB UTME, Junior WAEC (BECE) Common Entrance (NCEE) Android App iPhone App Windows 10+ Windows 7 & 8 Need help choosing the right version? Chat with us on WhatsApp . Table of contents Application Process for NABTEB GCE 2025 Benefits of NABTEB Certification Locations to Purchase NABTEB GCE Forms NABTEB GCE Form Fees How to Register for NABTEB GCE Registration Deadline Important Tips Application Process for NABTEB GCE 2025 The National Business and Technical Examinations Board (NABTEB) has officially opened registration for the 2025 November/December Certificate Examinations. The categories available include: National Business Certificate (NBC) National Technical Certificate (NTC) and General Education Advanced National Business Certificate (ANBC) Advanced National Technical Certificate (ANTC) Benefits of NABTEB Certification Wondering if a NABTEB certificate is worth it? It comes with many advantages: Increased Job Opportunities : Employers in both the public and private sectors, within Nigeria or abroad, value NABTEB certifications. Increased Job Opportunities Educational Leverage : NABTEB certificates are recognised for admission through JAMB for both UTME and Direct Entry. Educational Leverage Career Advancement : NABTEB certifications can boost your career progression if you are already employed. Career Advancement Professional Recognition : NABTEB certifications give artisans, craftsmen and technicians official recognition and opportunities for professional licensing. Professional Recognition SEE ALSO: NABTEB GCE Timetable . Locations to Purchase NABTEB GCE Forms You can buy the registration PINs/Slots for the exams from the following: Zonal Offices : Abuja, Kaduna, Yola, Osogbo, Enugu and Benin City. Zonal Offices Liaison Office : Abuja. Liaison Office Area Office : Lagos. Area Office State Offices : Available nationwide. State Offices National Headquarters : Ikpoba Hill, Benin City. National Headquarters Approved NABTEB centres can register candidates once they acquire the Registration PINs/Slots. NABTEB GCE Form Fees The fee structure for the NABTEB GCE forms is: Nov/Dec NBC/NTC : N18,250 per candidate. Nov/Dec NBC/NTC Nov/Dec ANBC/ANTC : N20,250 per candidate. Nov/Dec ANBC/ANTC The fees cover all examination costs, biometric registration, e-learning, result checking and an information VCD. Late registration requires an additional fee of N5,000. How to Register for NABTEB GCE Here's a step-by-step guide to register for NABTEB GCE : NABTEB GCE Visit the Registration Portal : Go to the NABTEB Nov/Dec Registration Portal and log in using your PIN. Visit the Registration Portal Study the Guidelines : Read the Entry Guide, Exam Structure, Time-Table and Trades available at each centre. Study the Guidelines Choose a Reputable Cybercafé : To ensure accuracy, complete your registration at a quality cybercafé. Choose a Reputable Cybercafé Complete Biometric Registration : Biometric data must be captured during registration, so do not skip this step. Complete Biometric Registration To assist with preparation, check out the 2025 NABTEB GCE Nov/Dec Guide and NABTEB Past Questions and Answers . You may also download the examination structures for both 2025 ANBC/ANTC and 2025 NBC/NTC . Registration Deadline The deadline for NABTEB GCE registration is Sunday, 12th October, 2025 . Sunday, 12th October, 2025 Important Tips Ensure you complete the biometric registration process and use a quality cybercafé to avoid errors. Don't miss this chance to earn a valuable qualification that can help shape a brighter future. Register now for the NABTEB 2025 November/December Examinations and start your journey towards success! Alternative admission via JUPEB/IJMB programmes (SPONSORED) Enter 200-Level Directly! Gain University Admission via JUPEB/IJMB . Enjoy Low Fees! Call 08033006849 Now! Alternative admission via JUPEB/IJMB programmes (SPONSORED) Enter 200-Level Directly! Gain University Admission via JUPEB/IJMB . Enjoy Low Fees! Call 08033006849 Now! Search MySchoolGist ... Search Tagged: National Business and Technical Examinations Board : NABTEB Tagged: Share This Post: If this post helped you, share it with others! Use the buttons below to spread the word! Share This Post: WhatsApp X (Twitter) Facebook WhatsApp X (Twitter) Facebook Suggested Articles National Business and Technical Examinations Board (NABTEB) Releases 2025 Nov/Dec GCE Results; How to Check NBC/NTC and ANBC/ANTC National Business and Technical Examinations Board (NABTEB) 2026 NCEE Registration: Dates, Exam Day and Student Portal for Technical Colleges National Business and Technical Examinations Board (NABTEB) 2026 NBC and NTC Registration Dates, Students' Portal and Exam Date (June 2026) NABTEB Syllabus for All Subjects National Business and Technical Examinations Board (NABTEB) Federal Technical Colleges (FTC) Admission List 2026 National Business and Technical Examinations Board (NABTEB) GCE Timetable 2025 National Business and Technical Examinations Board (NABTEB) Result for 2025 May/June NBC/NTC Exam Federal Government Pushes TVET Reform as NABTEB Reviews Syllabuses for 26 Trades Suggested Articles Articles National Business and Technical Examinations Board (NABTEB) Releases 2025 Nov/Dec GCE Results; How to Check NBC/NTC and ANBC/ANTC National Business and Technical Examinations Board (NABTEB) 2026 NCEE Registration: Dates, Exam Day and Student Portal for Technical Colleges National Business and Technical Examinations Board (NABTEB) 2026 NBC and NTC Registration Dates, Students' Portal and Exam Date (June 2026) NABTEB Syllabus for All Subjects National Business and Technical Examinations Board (NABTEB) Federal Technical Colleges (FTC) Admission List 2026 National Business and Technical Examinations Board (NABTEB) GCE Timetable 2025 National Business and Technical Examinations Board (NABTEB) Result for 2025 May/June NBC/NTC Exam Federal Government Pushes TVET Reform as NABTEB Reviews Syllabuses for 26 Trades Previous story Federal College of Medical Laboratory Science and Technology (FCMLST), Jos Post UTME Form for 2025/2026 ND Admission | Batch B Next story NABTEB Syllabus for All Subjects Previous story Federal College of Medical Laboratory Science and Technology (FCMLST), Jos Post UTME Form for 2025/2026 ND Admission | Batch B Next story NABTEB Syllabus for All Subjects Meet The Author Olusegun Fapohunda is the founder and editor of MySchoolGist, with over a decade of experience in education publishing. He covers education updates, admission notices, examination news, scholarships, career opportunities and related public information. Connect with him on X (formerly Twitter) . Meet The Author Olusegun Fapohunda is the founder and editor of MySchoolGist, with over a decade of experience in education publishing. He covers education updates, admission notices, examination news, scholarships, career opportunities and related public information. Connect with him on X (formerly Twitter) . Home About Disclaimer Privacy Policy Quick Links Education Resources WAEC Past Questions NABTEB Past Questions JAMB Past Questions Post UTME Past Questions Universities Polytechnics Monotechnics Colleges of Education Top Universities Illegal Universities Courses JAMB WAEC NECO Jobs in Nigeria MySchoolGist Web Services is a registered publisher and marketing solutions provider in Nigeria. It publishes Myschoolgist.com, a leading digital publication that covers the latest educational trends, career opportunities and current news. Copyright © 2012 - 2026 MySchoolGist Home About Disclaimer Privacy Policy Quick Links Education Resources WAEC Past Questions NABTEB Past Questions JAMB Past Questions Post UTME Past Questions Universities Polytechnics Monotechnics Colleges of Education Top Universities Illegal Universities Courses JAMB WAEC NECO Jobs in Nigeria Quick Links Education Resources WAEC Past Questions NABTEB Past Questions JAMB Past Questions Post UTME Past Questions Universities Polytechnics Monotechnics Colleges of Education Top Universities Illegal Universities Courses JAMB WAEC NECO Jobs in Nigeria MySchoolGist Web Services is a registered publisher and marketing solutions provider in Nigeria. It publishes Myschoolgist.com, a leading digital publication that covers the latest educational trends, career opportunities and current news. Copyright © 2012 - 2026 MySchoolGist",,,,,,,REJECTED,"optionA, optionB, optionC, optionD, answer"
https://myschoolgist.com/news/nabteb-releases-nov-dec-results/,Unknown,,,,,,,,REJECTED,"question, optionA, optionB, optionC, optionD, answer"
https://myschoolgist.com/news/nabteb-releases-nov-dec-results/,Unknown,"NABTEB credits this progress to strict measures put in place to uphold exam integrity. How to Check NABTEB 2024 Results Candidates can check their results online through the NABTEB Result Checking Portal . NABTEB's Commitment to Exam Integrity NABTEB has pledged to maintain transparency and credibility in its examinations. The board, in collaboration with the Federal Ministry of Education , continues to introduce new security measures to combat malpractice. These efforts aim to promote academic integrity across all assessments. NABTEB's Role in Technical and Vocational Education Beyond conducting NBC/NTC exams, NABTEB also administers other assessments, including: National Common Entrance Examination (NCEE) for Technical Colleges National Skills Qualification (NSQ) Modular Trade Certificate (MT",,,These qualifications provide candidates with hands-on skills needed for career growth. Electronic Certificates Now Available NABTEB has started issuing electronic certificates (e-certificates) for candidates from 2017 to,,,,REJECTED,"optionA, optionB, optionD, answer"
https://myschoolgist.com/news/nabteb-releases-nov-dec-results/,Unknown,"This initiative allows candidates to access their certificates digitally, making it easier to verify their credentials. Registration for May/June 2025 Exams Open The board has announced that registration for the May/June 2025 in-school examinations is now open. Candidates, parents and schools are encouraged to take advantage of this opportunity. Policy Change in Technical Education The Federal Ministry of Education has approved a transition from Federal Science and Technical Colleges (FSTCs) to Federal Technical Colleges (FTCs) . This shift aims to align technical education with modern workforce needs. Challenges Facing Technical Education Despite progress, technical and vocational education still faces several challenges. Key issues include: Funding limitations Negative perceptions about technical education Curriculum development constraints There have been calls for better funding and stronger legislation to address these challenges. NABTEB remains committed to strengthening technical and vocational education , ensuring students gain relevant skills for employment and career advancement. Alternative admission via JUPEB/IJMB programmes (SPONSORE",,"2026 NBC and NTC Registration Dates, Students' Portal and Exam Date (June",,"NABTEB Share This Post: If this post helped you, share it with others! Use the buttons below to spread the word! WhatsApp X (Twitter) Facebook Suggested Articles National Business and Technical Examinations Board (NABTE",,,REJECTED,"optionA, optionC, answer"
https://myschoolgist.com/news/nabteb-releases-nov-dec-results/,Unknown,NABTEB Syllabus for All Subjects National Business and Technical Examinations Board (NABTE,,"Result for 2025 May/June NBC/NTC Exam Meet The Author Olusegun Fapohunda is the founder and editor of MySchoolGist, with over a decade of experience in education publishing. He covers education updates, admission notices, examination news, scholarships, career opportunities and related public information. Connect with him on X (formerly Twitter) .",Admission List 2026 National Business and Technical Examinations Board (NABTE,,,,REJECTED,"optionA, optionD, answer"
https://myschoolgist.com/news/nabteb-certificates-are-recognised-for-admission/,Unknown,"How to Check, Accept or Reject Your Admission MySchoolGist JAMB CBT Software 2026 for UTME Practice, Offline Study and Full Activation MySchoolGist JAMB CBT App for UTME Candidates: Mobile Past Questions, Syllabus, Offline Practice and Exam-Style Screen Federal University Lokoja (FULOKOJ",14 NU,"2026 NBC and NTC Registration Dates, Students' Portal and Exam Date (June",Admission List 2026 National Business and Technical Examinations Board (NABTE,,,,REJECTED,"optionD, answer"
https://myschoolgist.com/news/nabteb-certificates-are-recognised-for-admission/,Unknown,National Business and Technical Examinations Board (NABTE,,"GCE Timetable 2025 Meet The Author Olusegun Fapohunda is the founder and editor of MySchoolGist, with over a decade of experience in education publishing. He covers education updates, admission notices, examination news, scholarships, career opportunities and related public information. Connect with him on X (formerly Twitter) .",,,,,REJECTED,"optionA, optionC, optionD, answer"
https://myschoolgist.com/news/nabteb-gce-guide/,Unknown,"NABTEB GCE Nov/Dec Guide for all Candidates By Olusegun Fapohunda October 15, 2024 Time to Read: 4 min • 603 words By Olusegun Fapohunda Olusegun Fapohunda October 15, 2024 Time to Read: 4 min • 603 words The National Business and Technical Examinations Board (NABTEB) has released the guide for the November/December 2024 GCE. Follow this guide for smooth registration. The November/December National Business Certificate (NBC), National Technical Certificate (NTC), Advanced National Business Certificate (ANBC) and Advanced National Technical Certificate (ANTC) exams are on the horizon and preparations have begun. November/December The National Business and Technical Examinations Board (NABTEB) has released a detailed entry guide to help all candidates register smoothly and successfully. National Business and Technical Examinations Board (NABTEB) Prepare for JAMB, WAEC, NECO, BECE, NCEE and Post UTME Practise CBT Exams on Mobile or PC Prepare for Post UTME, WAEC, NECO, JAMB UTME, Junior WAEC (BECE) and Common Entrance (NCEE) with the MySchoolGist CBT App and Software. Use it on Android, iPhone or Windows to practise past questions anytime. Android App iPhone App Windows 10+ Windows 7 & 8 Need help choosing the right version? Chat with us on WhatsApp . Prepare for JAMB, WAEC, NECO, BECE, NCEE and Post UTME Practise CBT Exams on Mobile or PC Prepare for Post UTME, WAEC, NECO, JAMB UTME, Junior WAEC (BECE) and Common Entrance (NCEE) with the MySchoolGist CBT App and Software. Use it on Android, iPhone or Windows to practise past questions anytime. Post UTME, WAEC, NECO, JAMB UTME, Junior WAEC (BECE) Common Entrance (NCEE) Android App iPhone App Windows 10+ Windows 7 & 8 Need help choosing the right version? Chat with us on WhatsApp . Table of contents Acquiring Registration PINs for NABTEB GCE Crucial Notifications for NABTEB Candidates Examination Conduct and Compliance Examination Integrity Examination Conduct and Compliance Examination Integrity Post-Registration Changes Items Permitted During Exams Exam Timing and Schedule Conduct During Examinations Practical Examinations Avoid Irregular Entries and Multiple Registrations Additional Registration Requirements Special Provisions for Visually-Challenged Candidates Special Provisions for Visually-Challenged Candidates Important Final Notes for Registration Acquiring Registration PINs for NABTEB GCE If you plan to register for the NABTEB GCE as a private candidate, you will need to acquire registration PINs. These are available at: NABTEB GCE NABTEB Zonal Offices in cities like Abuja, Kaduna, Yola, Osogbo, Enugu and Benin City. NABTEB Zonal Offices NABTEB Liaison Office in Abuja. NABTEB Liaison Office NABTEB Area Office in Lagos. NABTEB Area Office NABTEB State Offices throughout Nigeria. NABTEB State Offices NABTEB National Headquarters at Ikpoba Hill, Benin City. NABTEB National Headquarters Additionally, authorised NABTEB centres can assist with your registration, but they must first obtain individual registration PINs from the authorised locations. For preparation, you can check NABTEB Past Questions and Answers or read the 2024 NABTEB GCE Registration Guidelines . Crucial Notifications for NABTEB Candidates Examination Conduct and Compliance Strict Adherence to Guidelines : Candidates must follow the NABTEB regulations. Any form of non-compliance may lead to rejection of their entry. Strict Adherence to Guidelines Timetable Updates : All examinations will adhere to the official schedule. Any changes will be communicated through mass media or directly via exam centres. Timetable Updates Examination Integrity Malpractice Consequences : The Board has the right to cancel or withhold results if malpractice is found. Malpractice Consequences Liability : NABTEB is not responsible for loss or damages due to the negligence or actions of its agents during the examination process. Liability Post-Registration Changes Candidates are allowed to change trades or subjects up to three times after registration. Changes in personal information (bio-data) are not allowed. Items Permitted During Exams Basic Stationery : Candidates must bring their own pens, pencils, erasers, ink and rulers. Basic Stationery Drawing Materials : Items like a drawing board, Tee-square and metric scale ruler are needed for drawing-related exams. Drawing Materials Calculators : Only simple, non-programmable, noiseless and cordless calculators are allowed. Calculators Prohibited Devices : Mobile phones and other electronic gadgets are not permitted. Prohibited Devices Exam Timing and Schedule Make sure to know your exam timetable, which is available on the Board's official website or through your centre. Board's official website Morning Sessions : Typically begin at 9:00 a.m. Morning Sessions Arrival Time : Candidates should arrive at least 30 minutes before the exam starts. Arrival Time Conduct During Examinations Malpractice Act : Legal penalties for malpractice are outlined in the Examination Malpractice Act No. 33 of 1999 . Malpractice Act Examination Malpractice Act No. 33 of 1999 No Unauthorised Items : No books or scripts are allowed inside the exam hall. No Unauthorised Items No Communication : Candidates must not communicate with others during exams. No Communication Practical Examinations Bring Your Own Tools : Candidates must provide their own tools for practical exams. Bring Your Own Tools ICT Subjects : Bringing a personal computer or laptop may be allowed for Information and Communication Technology (ICT) exams. ICT Subjects Avoid Irregular Entries and Multiple Registrations Results will not be issued for exams for which you did not register. Double registration leads to disqualification. Double registration Additional Registration Requirements Photographs : Upload a coloured passport photograph with a RED background. Photographs Accurate Details : Provide accurate full name, address, date of birth and gender. Accurate Details No Mixed-Level Subjects : Do not register for both basic and advanced levels within the same examination series. No Mixed-Level Subjects Special Provisions for Visually-Challenged Candidates Visually-challenged candidates must declare their disabilities during the online registration process. Important Final Notes for Registration Reputable Cybercafes : It is recommended to complete registration at a reliable cybercafé. Reputable Cybercafes Mandatory Biometric Registration : Biometric registration is compulsory for all candidates. Mandatory Biometric Registration For more detailed information, you may refer to the Official NABTEB Entry Guide . By following these guidelines closely, you will ensure a smooth registration and examination process. Always stay informed by regularly checking updates on the NABTEB official website or at your designated exam centre. NABTEB official website Alternative admission via JUPEB/IJMB programmes (SPONSORED) Enter 200-Level Directly! Gain University Admission via JUPEB/IJMB . Enjoy Low Fees! Call 08033006849 Now! Alternative admission via JUPEB/IJMB programmes (SPONSORED) Enter 200-Level Directly! Gain University Admission via JUPEB/IJMB . Enjoy Low Fees! Call 08033006849 Now! Search MySchoolGist ... Search Tagged: National Business and Technical Examinations Board : NABTEB Tagged: Share This Post: If this post helped you, share it with others! Use the buttons below to spread the word! Share This Post: WhatsApp X (Twitter) Facebook WhatsApp X (Twitter) Facebook Suggested Articles National Business and Technical Examinations Board (NABTEB) Releases 2025 Nov/Dec GCE Results; How to Check NBC/NTC and ANBC/ANTC National Business and Technical Examinations Board (NABTEB) 2026 NCEE Registration: Dates, Exam Day and Student Portal for Technical Colleges National Business and Technical Examinations Board (NABTEB) 2026 NBC and NTC Registration Dates, Students' Portal and Exam Date (June 2026) NABTEB Syllabus for All Subjects National Business and Technical Examinations Board (NABTEB) Federal Technical Colleges (FTC) Admission List 2026 National Business and Technical Examinations Board (NABTEB) GCE Timetable 2025 National Business and Technical Examinations Board (NABTEB) GCE 2025 Registration Now Open National Business and Technical Examinations Board (NABTEB) Result for 2025 May/June NBC/NTC Exam Suggested Articles Articles National Business and Technical Examinations Board (NABTEB) Releases 2025 Nov/Dec GCE Results; How to Check NBC/NTC and ANBC/ANTC National Business and Technical Examinations Board (NABTEB) 2026 NCEE Registration: Dates, Exam Day and Student Portal for Technical Colleges National Business and Technical Examinations Board (NABTEB) 2026 NBC and NTC Registration Dates, Students' Portal and Exam Date (June 2026) NABTEB Syllabus for All Subjects National Business and Technical Examinations Board (NABTEB) Federal Technical Colleges (FTC) Admission List 2026 National Business and Technical Examinations Board (NABTEB) GCE Timetable 2025 National Business and Technical Examinations Board (NABTEB) GCE 2025 Registration Now Open National Business and Technical Examinations Board (NABTEB) Result for 2025 May/June NBC/NTC Exam Previous story Federal Polytechnic Bida HND Admission List Next story UNILORIN Scam Alert Previous story Federal Polytechnic Bida HND Admission List Next story UNILORIN Scam Alert Meet The Author Olusegun Fapohunda is the founder and editor of MySchoolGist, with over a decade of experience in education publishing. He covers education updates, admission notices, examination news, scholarships, career opportunities and related public information. Connect with him on X (formerly Twitter) . Meet The Author Olusegun Fapohunda is the founder and editor of MySchoolGist, with over a decade of experience in education publishing. He covers education updates, admission notices, examination news, scholarships, career opportunities and related public information. Connect with him on X (formerly Twitter) . Home About Disclaimer Privacy Policy Quick Links Education Resources WAEC Past Questions NABTEB Past Questions JAMB Past Questions Post UTME Past Questions Universities Polytechnics Monotechnics Colleges of Education Top Universities Illegal Universities Courses JAMB WAEC NECO Jobs in Nigeria MySchoolGist Web Services is a registered publisher and marketing solutions provider in Nigeria. It publishes Myschoolgist.com, a leading digital publication that covers the latest educational trends, career opportunities and current news. Copyright © 2012 - 2026 MySchoolGist Home About Disclaimer Privacy Policy Quick Links Education Resources WAEC Past Questions NABTEB Past Questions JAMB Past Questions Post UTME Past Questions Universities Polytechnics Monotechnics Colleges of Education Top Universities Illegal Universities Courses JAMB WAEC NECO Jobs in Nigeria Quick Links Education Resources WAEC Past Questions NABTEB Past Questions JAMB Past Questions Post UTME Past Questions Universities Polytechnics Monotechnics Colleges of Education Top Universities Illegal Universities Courses JAMB WAEC NECO Jobs in Nigeria MySchoolGist Web Services is a registered publisher and marketing solutions provider in Nigeria. It publishes Myschoolgist.com, a leading digital publication that covers the latest educational trends, career opportunities and current news. Copyright © 2012 - 2026 MySchoolGist",,,,,,,REJECTED,"optionA, optionB, optionC, optionD, answer"
https://myschoolgist.com/section/advert/,Unknown,,,,,,,,REJECTED,"question, optionA, optionB, optionC, optionD, answer"
https://myschoolgist.com/section/advert/,Unknown,,,,,,,,REJECTED,"question, optionA, optionB, optionC, optionD, answer"
https://myschoolgist.com/section/advert/,Unknown,,,,,,,,REJECTED,"question, optionA, optionB, optionC, optionD, answer"
https://myschoolgist.com/section/advert/,Unknown,,,,,,,,REJECTED,"question, optionA, optionB, optionC, optionD, answer"
https://myschoolgist.com/news/hnd-admission-through-the-nbte/,Unknown,Accessing the Portal,,,,,,,REJECTED,"optionA, optionB, optionC, optionD, answer"
https://myschoolgist.com/news/hnd-admission-through-the-nbte/,Unknown,Registration,,,,,,,REJECTED,"optionA, optionB, optionC, optionD, answer"
https://myschoolgist.com/news/hnd-admission-through-the-nbte/,Unknown,Uploading Required Documents,,,,,,,REJECTED,"optionA, optionB, optionC, optionD, answer"
https://myschoolgist.com/news/hnd-admission-through-the-nbte/,Unknown,Submitting Your Application,,,,,,,REJECTED,"optionA, optionB, optionC, optionD, answer"
https://myschoolgist.com/news/hnd-admission-through-the-nbte/,Unknown,Payment of Application Fee,,,,,,,REJECTED,"optionA, optionB, optionC, optionD, answer"
https://myschoolgist.com/news/hnd-admission-through-the-nbte/,Unknown,Receiving Your Offer of Admission Conclusion Step-by-Step Application Process,,,,,,,REJECTED,"optionA, optionB, optionC, optionD, answer"
https://myschoolgist.com/news/hnd-admission-through-the-nbte/,Unknown,"Accessing the Portal Begin your application journey by visiting the NBTE HND admissions portal at https://hnd.nbte.gov.ng/ . This portal serves as your gateway to a multitude of HND programmes across various institutions. Prepare for JAMB, WAEC, NECO, BECE, NCEE and Post UTME Practise CBT Exams on Mobile or PC Prepare for Post UTME, WAEC, NECO, JAMB UTME, Junior WAEC (BECE) and Common Entrance (NCEE) with the MySchoolGist CBT App and Software. Use it on Android, iPhone or Windows to practise past questions anytime. Android App iPhone App Windows 10+ Windows 7 & 8 Need help choosing the right version? Chat with us on WhatsApp . Prepare for JAMB, WAEC, NECO, BECE, NCEE and Post UTME Practise CBT Exams on Mobile or PC Prepare for Post UTME, WAEC, NECO, JAMB UTME, Junior WAEC (BECE) and Common Entrance (NCEE) with the MySchoolGist CBT App and Software. Use it on Android, iPhone or Windows to practise past questions anytime. Post UTME, WAEC, NECO, JAMB UTME, Junior WAEC (BECE) Common Entrance (NCEE) Android App iPhone App Windows 10+ Windows 7 & 8 Need help choosing the right version? Chat with us on WhatsApp .",,,,,,,REJECTED,"optionA, optionB, optionC, optionD, answer"
https://myschoolgist.com/news/hnd-admission-through-the-nbte/,Unknown,"Registration Click on ""Register as a student"" on the portal's homepage. ""Register as a student"" Complete the registration form with your details and click on register to proceed. register",,,,,,,REJECTED,"optionA, optionB, optionC, optionD, answer"
https://myschoolgist.com/news/hnd-admission-through-the-nbte/,Unknown,"Uploading Required Documents After registration, you'll need to upload the following essential documents: A profile photo. A valid National ID (This can be your National Identity Number ( NIN ), Voter's Card, International Passport or Driver's License). Your National Diploma (ND) Statement of Result and Graduation Certificate. These documents are crucial for verifying your identity and academic qualifications.",,,,,,,REJECTED,"optionA, optionB, optionC, optionD, answer"
https://myschoolgist.com/news/hnd-admission-through-the-nbte/,Unknown,"Submitting Your Application Navigate to the ""applications"" tab and select ""new application"" . ""applications"" ""new application"" Choose your course of interest; the portal will display available institutions offering the selected programme. After selecting your preferred polytechnic, click on ""Apply"" to proceed to the payment of the application fee. ""Apply""",,,,,,,REJECTED,"optionA, optionB, optionC, optionD, answer"
https://myschoolgist.com/news/hnd-admission-through-the-nbte/,Unknown,"Payment of Application Fee The application fee is set at Five Thousand (₦5,000.00) Naira only . To pay, go to ""my applications"" under the ""applications"" tab, select the application and click the pay form fee button. ""my applications"" ""applications"" pay form fee Choose a convenient payment option to complete the transaction.",,,,,,,REJECTED,"optionA, optionB, optionC, optionD, answer"
https://myschoolgist.com/news/hnd-admission-through-the-nbte/,Unknown,"Receiving Your Offer of Admission Once your application is reviewed and accepted by the chosen polytechnic, an offer of admission will be issued to you via the NBTE portal. Download and print this offer letter and follow the subsequent registration processes as directed by the institution. Conclusion The transition to a unified online application system by the NBTE for HND programmes is a welcome development for prospective students across Nigeria. It not only simplifies the application process but also ensures transparency and accessibility in the pursuit of higher education. By following the outlined steps, you can efficiently manage your application from the comfort of your home and embark on the next stage of your academic journey. Remember, the key to a successful application is attention to detail and adherence to the guidelines provided by the NBTE. Good luck with your application! Alternative admission via JUPEB/IJMB programmes (SPONSORED) Enter 200-Level Directly! Gain University Admission via JUPEB/IJMB . Enjoy Low Fees! Call 08033006849 Now! Alternative admission via JUPEB/IJMB programmes (SPONSORED) Enter 200-Level Directly! Gain University Admission via JUPEB/IJMB . Enjoy Low Fees! Call 08033006849 Now! Search MySchoolGist ... Search Tagged: National Board for Technical Education (NBTE) Tagged: Share This Post: If this post helped you, share it with others! Use the buttons below to spread the word! Share This Post: WhatsApp X (Twitter) Facebook WhatsApp X (Twitter) Facebook Suggested Articles Ekiti State College of Technology (EKSCOTECH) Accredited Programmes: 15 New NBTE-Approved ND and HND Courses Lens Polytechnic HND Programmes Approved by NBTE for Admission Katsina State Institute of Technology and Management (KSITM) gets NBTE approval as a Vocational Enterprise Institute under TVET President Tinubu Renews Idris Bugaje's Appointment as NBTE Executive Secretary Federal Polytechnic, Ukana HND Admission Form for 2026/2027 Academic Session Kano State Polytechnic (KANOPOLY) Part-Time Programmes Admission Form for 2026/2027 Academic Session Kano State Polytechnic (KANOPOLY) HND Admission Form for 2026/2027 Academic Session Jigawa State Polytechnic (JIGPOLY) HND Programmes Admission Form for 2026/2027 Academic Session Suggested Articles Articles Ekiti State College of Technology (EKSCOTECH) Accredited Programmes: 15 New NBTE-Approved ND and HND Courses Lens Polytechnic HND Programmes Approved by NBTE for Admission Katsina State Institute of Technology and Management (KSITM) gets NBTE approval as a Vocational Enterprise Institute under TVET President Tinubu Renews Idris Bugaje's Appointment as NBTE Executive Secretary Federal Polytechnic, Ukana HND Admission Form for 2026/2027 Academic Session Kano State Polytechnic (KANOPOLY) Part-Time Programmes Admission Form for 2026/2027 Academic Session Kano State Polytechnic (KANOPOLY) HND Admission Form for 2026/2027 Academic Session Jigawa State Polytechnic (JIGPOLY) HND Programmes Admission Form for 2026/2027 Academic Session Previous story Federal University of Lafia (FULAFIA) New Graduands : 50 Bag First-Class Next story List of Approved Monotechnics/Specialised Institutions In Nigeria Previous story Federal University of Lafia (FULAFIA) New Graduands : 50 Bag First-Class Next story List of Approved Monotechnics/Specialised Institutions In Nigeria Meet The Author Olusegun Fapohunda is the founder and editor of MySchoolGist, with over a decade of experience in education publishing. He covers education updates, admission notices, examination news, scholarships, career opportunities and related public information. Connect with him on X (formerly Twitter) . Meet The Author Olusegun Fapohunda is the founder and editor of MySchoolGist, with over a decade of experience in education publishing. He covers education updates, admission notices, examination news, scholarships, career opportunities and related public information. Connect with him on X (formerly Twitter) . Home About Disclaimer Privacy Policy Quick Links Education Resources WAEC Past Questions NABTEB Past Questions JAMB Past Questions Post UTME Past Questions Universities Polytechnics Monotechnics Colleges of Education Top Universities Illegal Universities Courses JAMB WAEC NECO Jobs in Nigeria MySchoolGist Web Services is a registered publisher and marketing solutions provider in Nigeria. It publishes Myschoolgist.com, a leading digital publication that covers the latest educational trends, career opportunities and current news. Copyright © 2012 - 2026 MySchoolGist Home About Disclaimer Privacy Policy Quick Links Education Resources WAEC Past Questions NABTEB Past Questions JAMB Past Questions Post UTME Past Questions Universities Polytechnics Monotechnics Colleges of Education Top Universities Illegal Universities Courses JAMB WAEC NECO Jobs in Nigeria Quick Links Education Resources WAEC Past Questions NABTEB Past Questions JAMB Past Questions Post UTME Past Questions Universities Polytechnics Monotechnics Colleges of Education Top Universities Illegal Universities Courses JAMB WAEC NECO Jobs in Nigeria MySchoolGist Web Services is a registered publisher and marketing solutions provider in Nigeria. It publishes Myschoolgist.com, a leading digital publication that covers the latest educational trends, career opportunities and current news. Copyright © 2012 - 2026 MySchoolGist",,,,,,,REJECTED,"optionA, optionB, optionC, optionD, answer"
https://myschoolgist.com/keyword/www-polyunwana-net/,Unknown,"Strict Adherence to Exam Schedule The examination period will strictly … Akanu Ibiam Federal Polytechnic Unwana Matriculation Ceremony Last Modified on May 12th, 2023 A recent announcement by the academic board of Akanu Ibiam Federal Polytechnic, Unwana, has relayed important changes to the academic calendar for the 2022/2023 academic session. The board has approved the rescheduling of two significant events for the students – the 43rd Matriculation Ceremony and the first semester examination. New … Akanu Ibiam Federal Polytechnic Unwana Resumption Date Last Modified on August 18th, 2022 Akanu Ibiam Federal Polytechnic, Unwana, resumption date for the continuation of academic activities has been announce",,,,"You are by this memo notified of the following: … Akanu Ibiam Federal Polytechnic Unwana Calendar for SUG Activities for 2020/2021 Academic Session Last Modified on January 26th, 2021 Akanu Ibiam Federal Polytechnic, Unwana, calendar for Students Union Government (SUG) activities for the 2020/2021 academic session. The management of the Akanu Ibiam Federal Polytechnic, Unwana, has approved the calendar for Students Union Government (SUG) activities for the 2020/2021 academic session. Unwana Poly Calendar for SUG Activities The Rector has … Akanu Ibiam Federal Polytechnic Unwana Admission Acceptance Fee Details for 2020/2021 Academic Session Last Modified on December 17th, 2020 Akanu Ibiam Federal Polytechnic, Unwana, admission acceptance fee amount and payment procedure for the 2020/2021 academic session. This is to inform all the candidates offered provisional admission into the Akanu Ibiam Federal Polytechnic, Unwana ND and HND programmes during the 2020/2021 academic session that the management of the institution has … Search the MySchoolGist site Search Recent Posts Lagos State University (LASU) Admission List for 2026/2027 Academic Session | Merit & Supplementary [UPDATED] Ignatius Ajuru University Of Education (IAUE) Admission List for 2026/2027 Academic Session | 1st Batch Ignatius Ajuru University Of Education (IAUE) Acceptance Fee, Clearance & Registration Procedures for 2026/2027 Newly Admitted Candidates Federal Polytechnic, Ukana Post UTME Form for 2026/2027 ND Admission Federal Polytechnic, Ukana HND Admission Form for 2026/2027 Academic Session Scholarships & Opportunities KPMG Seyi Bickersteth Scholarship Programme",,,REJECTED,"optionA, optionB, optionC, answer"
https://myschoolgist.com/keyword/www-polyunwana-net/,Unknown,,,,,,,,REJECTED,"question, optionA, optionB, optionC, optionD, answer"
https://myschoolgist.com/keyword/www-polyunwana-net/,Unknown,,,,,,,,REJECTED,"question, optionA, optionB, optionC, optionD, answer"
https://myschoolgist.com/keyword/www-polyunwana-net/,Unknown,,,,,,,,REJECTED,"question, optionA, optionB, optionC, optionD, answer"
https://myschoolgist.com/keyword/www-polyunwana-net/,Unknown,,,,,,,,REJECTED,"question, optionA, optionB, optionC, optionD, answer"
https://myschoolgist.com/news/uniuyo-olevel-result-upload-189631/,Unknown,,,,,,,,REJECTED,"question, optionA, optionB, optionC, optionD, answer"
https://myschoolgist.com/news/uniuyo-olevel-result-upload-189631/,Unknown,"What Awaiting Result Candidates Need to Do By David Oladele August 15, 2026 Time to Rea",,Enjoy Low Fees! Call 08033006849 Now! Search MySchoolGist ... Search Tagge,,"University of Uyo : UNIUYO Share This Post: If this post helped you, share it with others! Use the buttons below to spread the word! WhatsApp X (Twitter) Facebook Suggested Articles University of Uyo (UNIUYO) Examination Postponement",,,REJECTED,"optionA, optionC, answer"
https://myschoolgist.com/news/uniuyo-olevel-result-upload-189631/,Unknown,"New Second Semester Commencement Date University of Uyo (UNIUYO) Postgraduate Admission Form for 2026/2027 Academic Session University of Uyo (UNIUYO) Postgraduate Courses University of Uyo (UNIUYO) Pre-Degree Admission Form for 2026/2027 Academic Session Ignatius Ajuru University Of Education (IAUE) Acceptance Fee, Clearance & Registration Procedures for 2026/2027 Newly Admitted Candidates Usmanu Danfodiyo University, Sokoto (UDUSOK) 2026/2027 Admission Process Has Starte","O'Level Result Upload for 2026/2027 Admission Candidates Federal University of Health Sciences, Otukpo (FUHSO) Remedial Admission Form for 2026/2027 Academic Session",,,"Upload O'Level Result on JAMB CAPS Federal University of Technology, Ikot Abasi (FUTI",,,REJECTED,"optionB, optionC, answer"
https://myschoolgist.com/news/oou-post-utme-screening-schedule/,Unknown,"August 2026 Each candidate will need a JAMB registration number to check the assigned screening schedule through the OOU Post UTME portal. Prepare for JAMB, WAEC, NECO, BECE, NCEE and Post UTME Practise CBT Exams on Mobile or PC Prepare for Post UTME, WAEC, NECO, JAMB UTME, Junior WAEC (BECE) and Common Entrance (NCEE) with the MySchoolGist CBT App and Software. Use it on Android, iPhone or Windows to practise past questions anytime. Android App iPhone App Windows 10+ Windows 7 & 8 Need help choosing the right version? Chat with us on WhatsApp . Prepare for JAMB, WAEC, NECO, BECE, NCEE and Post UTME Practise CBT Exams on Mobile or PC Prepare for Post UTME, WAEC, NECO, JAMB UTME, Junior WAEC (BECE) and Common Entrance (NCEE) with the MySchoolGist CBT App and Software. Use it on Android, iPhone or Windows to practise past questions anytime. Post UTME, WAEC, NECO, JAMB UTME, Junior WAEC (BECE) Common Entrance (NCEE) Android App iPhone App Windows 10+ Windows 7 & 8 Need help choosing the right version? Chat with us on WhatsApp . Table of contents OOU Post UTME Screening Dates OOU Examination Pass Printing Date Requirements for Printing the OOU Examination Pass OOU Post UTME Schedule Checking Process O'Level Upload on JAMB CAPS JAMB Registration Number Is Required OOU Post UTME Screening Troubleshooter OOU Post UTME Screening Dates OOU has scheduled the 2026/2027 Post UTME screening examinations for: Tuesday, 1 September to Friday, 4 September 2026 The published dates cover the full screening period. Each applicant will have an individual schedule, which can be checked through the university's screening portal. Candidates should use their JAMB registration numbers to retrieve the screening information assigned to them. OOU Examination Pass Printing Date Examination pass printing will begin on 27 August 2026 .",,,,,,,REJECTED,"optionA, optionB, optionC, optionD, answer"
https://myschoolgist.com/news/oou-post-utme-screening-schedule/,Unknown,"August 2026 The printing option will be available to applicants who have completed the OOU Post UTME application process and have uploaded their O'Level results on JAMB CAPS. The printed examination pass should be kept safely because it will be used during the screening exercise. Requirements for Printing the OOU Examination Pass An applicant will be able to print the examination pass after meeting the stated conditions: The OOU Post UTME application has been completed. The candidate's O'Level result has been uploaded on JAMB CAPS. Candidates whose O'Level results are still missing from JAMB CAPS should complete the upload before attempting to print the pass. A step-by-step explanation is available in the JAMB O'Level result upload guide . Candidates who need to complete the upload can also visit the nearest accredited JAMB CBT centre . OOU Post UTME Schedule Checking Process Candidates can check their individual screening schedule online through the OOU examination screening portal. The process is: Open the OOU Post UTME examination screening portal . Enter the candidate's JAMB registration number in the space provided. Select ""Check Status."" ""Check Status."" View the assigned Post UTME screening schedule. Print the examination pass and keep it for the screening exercise. The JAMB registration number should be entered correctly because the portal will use it to retrieve the applicant's screening details. O'Level Upload on JAMB CAPS O'Level result upload is one of the stated conditions for examination pass printing. Candidates who completed the OOU application but have not uploaded their results to JAMB CAPS should complete that process at an accredited JAMB CBT centre. After the upload, the candidate can proceed with the examination pass process once the printing service becomes available. JAMB Registration Number Is Required The OOU screening portal will use the applicant's JAMB registration number to retrieve the assigned examination schedule. Candidates should enter the number exactly as required on the portal. An incorrect entry may prevent the applicant's screening information from being retrieved. The same number will be used when checking the status and accessing the examination pass. OOU Post UTME Screening Troubleshooter Issue What to check Next step Expected result 📅 Screening date unclear Check the candidate's individual schedule Use the OOU portal with the JAMB registration number The assigned screening date will be displayed 🖨️ Pass cannot be printed Confirm the application is complete and O'Level result is on JAMB CAPS Complete any missing requirement The applicant can proceed when pass printing is available 📄 O'Level result missing Check the candidate's JAMB CAPS record Visit an accredited JAMB CBT centre for upload The stated pass-printing condition can be met 🔢 Schedule not displayed Check the JAMB registration number entered Re-enter the correct registration number and select ""Check Status"" The portal can retrieve the candidate's screening details 🎫 Examination pass ready Check that the correct pass has been generated Print it and keep it safely The candidate will have the required screening document MySchoolGist Verification Check Candidates can check their assigned screening details through the OOU Post UTME examination screening portal using their JAMB registration number. MySchoolGist checks this admission information against available official sources. Olabisi Onabanjo University remains the final authority on screening schedules and candidate records. Alternative admission via JUPEB/IJMB programmes (SPONSORED) Enter 200-Level Directly! Gain University Admission via JUPEB/IJMB . Enjoy Low Fees! Call 08033006849 Now! Alternative admission via JUPEB/IJMB programmes (SPONSORED) Enter 200-Level Directly! Gain University Admission via JUPEB/IJMB . Enjoy Low Fees! Call 08033006849 Now! RECOMMENDED : List of Schools Whose Post UTME Forms are Out . RECOMMENDED Search MySchoolGist ... Search Tagged: Olabisi Onabanjo University : OOU Tagged: Share This Post: If this post helped you, share it with others! Use the buttons below to spread the word! Share This Post: WhatsApp X (Twitter) Facebook WhatsApp X (Twitter) Facebook Suggested Articles Olabisi Onabanjo University (OOU) Post UTME / Direct Entry Screening Form for 2026/2027 Undergraduate Admission Olabisi Onabanjo University (OOU) Cut Off Mark for 2026/2027 Admission Olabisi Onabanjo University (OOU) 35th Convocation Ceremonies (2024/2025 Session): Full Schedule, Fees and Notice to Graduands Olabisi Onabanjo University (OOU) sets 11 January 2026 deadline for fees, registration and LOA limits for returning students Federal Polytechnic, Ukana Post UTME Form for 2026/2027 ND Admission Ibrahim Badamasi Babangida University (IBBU) Post UTME / Direct Entry Screening Form for 2025/2026 Undergraduate Admission Reverend Father Moses Orshio Adasu University, Makurdi (MOAUM) Extends Post UTME/Direct Entry Registration Deadline 2026/2027 Federal University of Petroleum Resources, Effurun (FUPRE) Supplementary Post UTME Screening Form for 2026/2027 Undergraduate Admission Suggested Articles Articles Olabisi Onabanjo University (OOU) Post UTME / Direct Entry Screening Form for 2026/2027 Undergraduate Admission Olabisi Onabanjo University (OOU) Cut Off Mark for 2026/2027 Admission Olabisi Onabanjo University (OOU) 35th Convocation Ceremonies (2024/2025 Session): Full Schedule, Fees and Notice to Graduands Olabisi Onabanjo University (OOU) sets 11 January 2026 deadline for fees, registration and LOA limits for returning students Federal Polytechnic, Ukana Post UTME Form for 2026/2027 ND Admission Ibrahim Badamasi Babangida University (IBBU) Post UTME / Direct Entry Screening Form for 2025/2026 Undergraduate Admission Reverend Father Moses Orshio Adasu University, Makurdi (MOAUM) Extends Post UTME/Direct Entry Registration Deadline 2026/2027 Federal University of Petroleum Resources, Effurun (FUPRE) Supplementary Post UTME Screening Form for 2026/2027 Undergraduate Admission Previous story College of Health Technology, Lafia Admission List for 2026/2027 Academic Session | 1st & 2nd Batch Next story Federal University of Technology, Ikot Abasi (FUTIA) O'Level Result Upload for 2026/2027 Admission Candidates Previous story College of Health Technology, Lafia Admission List for 2026/2027 Academic Session | 1st & 2nd Batch Next story Federal University of Technology, Ikot Abasi (FUTIA) O'Level Result Upload for 2026/2027 Admission Candidates Meet The Author Olusegun Fapohunda is the founder and editor of MySchoolGist, with over a decade of experience in education publishing. He covers education updates, admission notices, examination news, scholarships, career opportunities and related public information. Connect with him on X (formerly Twitter) . Meet The Author Olusegun Fapohunda is the founder and editor of MySchoolGist, with over a decade of experience in education publishing. He covers education updates, admission notices, examination news, scholarships, career opportunities and related public information. Connect with him on X (formerly Twitter) . Home About Disclaimer Privacy Policy Quick Links Education Resources WAEC Past Questions NABTEB Past Questions JAMB Past Questions Post UTME Past Questions Universities Polytechnics Monotechnics Colleges of Education Top Universities Illegal Universities Courses JAMB WAEC NECO Jobs in Nigeria MySchoolGist Web Services is a registered publisher and marketing solutions provider in Nigeria. It publishes Myschoolgist.com, a leading digital publication that covers the latest educational trends, career opportunities and current news. Copyright © 2012 - 2026 MySchoolGist Home About Disclaimer Privacy Policy Quick Links Education Resources WAEC Past Questions NABTEB Past Questions JAMB Past Questions Post UTME Past Questions Universities Polytechnics Monotechnics Colleges of Education Top Universities Illegal Universities Courses JAMB WAEC NECO Jobs in Nigeria Quick Links Education Resources WAEC Past Questions NABTEB Past Questions JAMB Past Questions Post UTME Past Questions Universities Polytechnics Monotechnics Colleges of Education Top Universities Illegal Universities Courses JAMB WAEC NECO Jobs in Nigeria MySchoolGist Web Services is a registered publisher and marketing solutions provider in Nigeria. It publishes Myschoolgist.com, a leading digital publication that covers the latest educational trends, career opportunities and current news. Copyright © 2012 - 2026 MySchoolGist",,,,,,,REJECTED,"optionA, optionB, optionC, optionD, answer"
https://myschoolgist.com/keyword/www-fupre-edu-ng/,Unknown,"Wed, 21 Jan 2026, Time, Venue, VC Last Modified on January 16th, 2026 The Federal University of Petroleum Resources, Effurun (FUPRE), Delta State, has announced its matriculation ceremony for newly admitted students of the 2025/2026 academic session. The university fixed the event for Wednesday, January 21, 2026, by 10:00","m. prompt; newly admitted students and invited guests are expected to take note. Matriculation … Federal University of Petroleum Resources, Effurun (FUPRE) Orientation Programme for 2025/2026 Newly Admitted Candidates Last Modified on December 9th, 2025 The Federal University of Petroleum Resources, Effurun (FUPRE) invites all new students to the 2025/2026 orientation programme. The event will run from Tuesday 16 December to Thursday 18 December",,,,,,REJECTED,"optionB, optionC, optionD, answer"
https://myschoolgist.com/keyword/www-fupre-edu-ng/,Unknown,,,,,,,,REJECTED,"question, optionA, optionB, optionC, optionD, answer"
https://myschoolgist.com/keyword/www-fupre-edu-ng/,Unknown,"The programme helps fresh students understand campus life, connect with … Federal University of Petroleum Resources, Effurun (FUPRE) Postgraduate Admission Form for 2025/2026 Academic Session Last Modified on September 7th, 2025 The Federal University of Petroleum Resources, Effurun (FUPRE), has announced that its postgraduate admission form is now on sale for the 2025/2026 academic year. Both part-time and full-time programmes are open under the School of Postgraduate Studies, covering science, computing and engineering fields. Candidates who meet the … Federal University of Petroleum Resources Effurun (FUPRE) Postgraduate Courses Last Modified on September 7th, 2025 The management of the Federal University of Petroleum Resources, Effurun (FUPRE), Delta State, has advertised the following postgraduate programmes for the 2025/2026 academic session admission exercise. Recommende",,,,How to Apply for FUPRE Postgraduate Admission. FUPRE Postgraduate Courses COLLEGE OF SCIENCE,,,REJECTED,"optionA, optionB, optionC, answer"
https://myschoolgist.com/keyword/www-fupre-edu-ng/,Unknown,Department of Chemistry Chemistry Options: Post Graduate Diploma (PG,,S,"… Federal University of Petroleum Resources Effurun (FUPRE) Matriculation Ceremony 2024/2025 Last Modified on February 3rd, 2025 Federal University of Petroleum Resources, Effurun (FUPRE) has scheduled the 2024/2025 matriculation ceremony for newly admitted students. This event serves as an official welcome for freshers, introducing them to the academic and ethical expectations of the university. Matriculation Details Date: 5th February 2025 Time: 10:00 am Venue: New 500 Capacity … Federal University of Petroleum Resources, Effurun (FUPRE) CPPEG Postgraduate Admission Last Modified on November 18th, 2024 The Centre for Professional Petroleum Engineering & Geosciences (CPPEG) invites applications for its Professional Postgraduate Diploma (PG","and Master's Degree programmes in Applied Petroleum Geosciences and Engineering for the 2024/2025 academic session. These programmes are a collaboration between the Federal University of Petroleum Resources, Effurun (FUPRE) and Laser Engineering and … FUPRE Clearance Exercise Last Modified on November 1st, 2024 The Federal University of Petroleum Resources Effurun (FUPRE) invites all newly admitted students for the 2024/2025 clearance and screening exercise, starting on Monday, 4th November",,,REJECTED,"optionA, answer"
https://myschoolgist.com/keyword/www-fupre-edu-ng/,Unknown,"To secure admission, each student must first accept their admission on the FUPRE portal by logging in with JAMB registration number and Post-UTME passwor",,,"after rigorous scrutiny and validation by expert panels. Institution … FUPRE Resumption Date Following Suspension of ASUU Strike Last Modified on October 15th, 2022 The management of the Federal University of Petroleum Resources, Effurun (FUPRE) has announced the resumption date for the continuation of academic activities for the 2021/2022 academic session. FUPRE Resumption Date This is to notify the University Community that academic activities for the 2021/2022 Session will begin on Monday, October … Federal University of Petroleum Resources Effurun (FUPRE) 3rd Convocation Ceremony Last Modified on June 5th, 2022 The programme of events for the Federal University of Petroleum Resources, Effurun (FUPRE) 2nd convocation ceremony for the Award of First Degrees, PGD, Certificates and Prizes, conferment of Honorary Degrees and Induction of Friends of FUPRE. See FUPRE convocation ceremony date, procedure for collection of academic gowns order of proceedings, … Federal University of Petroleum Resources Effurun (FUPRE) IIED Graduate Programmes Admission Form 2021/2022 Last Modified on February 1st, 2022 The Federal University of Petroleum Resources, Effurun (FUPRE) IIED graduate programmes admission form for the 2021/2022 academic session. The management of the Federal University of Petroleum Resources, Effurun (FUPRE) is now selling application forms for admission into its Integrated Institute of Environment and Development (IIE","Graduate Programmes for the 2021/2022 … Federal University of Petroleum Resources (FUPRE) Centre For Vocational Studies Admission Form 2021 Last Modified on October 7th, 2021 Federal University of Petroleum Resources (FUPRE) Centre For Vocational Studies (CVS) is now selling forms for admission into its 2021 Advanced Certificate Programmes. The Federal University of Petroleum Resources (FUPRE) Centre For Vocational Studies (CVS) invites applications from suitably qualified candidates for admission into its various 9-month Advanced Certificate Programs. … Federal University of Petroleum Resources Effurun (FUPRE) Academic Gowns Collection Procedure for 2020/2021 Matriculating Students Last Modified on September 27th, 2021 Federal University of Petroleum Resources Effurun, FUPRE academic gowns collection procedure for the 2020/2021 academic session matriculating students. This is to inform all the matriculating students of the Federal University of Petroleum Resources Effurun (FUPRE) that the management has released the procedure to obtain the academic gowns ahead of the … Federal University of Petroleum Resources Effurun (FUPRE) School Fees Payment & Registration Procedures for 2020/2021 Academic Session Last Modified on August 17th, 2021 Federal University of Petroleum Resources, Effurun, FUPRE school fees payment and registration procedures for the 2020/2021 academic session. This is to inform all the students of the Federal University of Petroleum Resources, Effurun (FUPRE), Delta State, that the management of the institution has released the procedures for the payment of … FUPRE Notice to 2020/2021 Post UTME Candidates on Upload of O'level Results on JAMB Portal Last Modified on January 20th, 2021 Federal University of Petroleum Resources, Effurun, FUPRE notice to 2020/2021 post UTME candidates on the upload of O'level result on JAMB portal. This is to inform all the candidates seeking admission into the Federal University of Petroleum Resources (FUPRE), Effurun, for the 2020/2021 academic session that they are required to … Federal University of Petroleum Resources Effurun (FUPRE) Post UTME Result for 2020/2021 Academic Session Last Modified on December 18th, 2020 Federal University of Petroleum Resources, Effurun, FUPRE post UTME result for the 2020/2021 academic session is out. Participants can now check their PUTME test scores online. The management of the Federal University of Petroleum Resources, Effurun (FUPRE) has released the 2020/2021 academic session post UTME screening exercise results. Candidates that … Federal University of Petroleum Resource Effurun (FUPRE) Orientation Programme for 2019/2020 Fresh Students [UPDATED] Last Modified on December 6th, 2019 Federal University of Petroleum Resource, Effurun, FUPRE orientation programme schedule for the 2019/2020 academic session fresh students. This is to inform all the newly admitted undergraduate students of the Federal University of Petroleum Resource Effurun (FUPRE) that the management of the institution has approved the dates for the 2019/2020 academic … Load More Posts Search the MySchoolGist site Search Recent Posts Lagos State University (LASU) Admission List for 2026/2027 Academic Session | Merit & Supplementary [UPDATED] Ignatius Ajuru University Of Education (IAUE) Admission List for 2026/2027 Academic Session | 1st Batch Ignatius Ajuru University Of Education (IAUE) Acceptance Fee, Clearance & Registration Procedures for 2026/2027 Newly Admitted Candidates Federal Polytechnic, Ukana Post UTME Form for 2026/2027 ND Admission Federal Polytechnic, Ukana HND Admission Form for 2026/2027 Academic Session Scholarships & Opportunities KPMG Seyi Bickersteth Scholarship Programme",,,REJECTED,"optionA, optionB, answer"
https://myschoolgist.com/keyword/www-fupre-edu-ng/,Unknown,,,,,,,,REJECTED,"question, optionA, optionB, optionC, optionD, answer"
https://myschoolgist.com/keyword/www-fupre-edu-ng/,Unknown,,,,,,,,REJECTED,"question, optionA, optionB, optionC, optionD, answer"
https://myschoolgist.com/keyword/www-fupre-edu-ng/,Unknown,,,,,,,,REJECTED,"question, optionA, optionB, optionC, optionD, answer"
https://myschoolgist.com/keyword/www-fupre-edu-ng/,Unknown,,,,,,,,REJECTED,"question, optionA, optionB, optionC, optionD, answer"
https://myschoolgist.com/keyword/www-uniuyo-edu-ng/,Unknown,,,,,,,,REJECTED,"question, optionA, optionB, optionC, optionD, answer"
https://myschoolgist.com/keyword/www-uniuyo-edu-ng/,Unknown,,,,,,,,REJECTED,"question, optionA, optionB, optionC, optionD, answer"
https://myschoolgist.com/keyword/www-uniuyo-edu-ng/,Unknown,,,,,,,,REJECTED,"question, optionA, optionB, optionC, optionD, answer"
https://myschoolgist.com/keyword/www-uniuyo-edu-ng/,Unknown,"What Is the New UNIUYO Examination Date? The revised commencement date is Monday, … University of Uyo (UNIUYO) Postgraduate Admission Form for 2026/2027 Academic Session Last Modified on June 10th, 2026 The Postgraduate School of the University of Uyo, UNIUYO, has commenced the sale of application forms for admission into its postgraduate programmes for the 2026/2027 academic session. Applicants seeking PGD, Master's, MPhil/PhD or PhD admission are expected to check the programme duration, entry conditions, document rules and online application process … University of Uyo (UNIUYO) Postgraduate Courses Last Modified on June 10th, 2026 The management of the University of Uyo (UNIUYO) has advertised the following postgraduate programmes for the 2026/2027 academic session admission exercise. List of UNIUYO Postgraduate Courses Follow the links below to access the list of PG Diploma (Full-Time), Doctorate (Full-Time), Masters (Part-Time), PG Diploma (Part-Time), Special PG Diploma (Long Va","With a history that traces back to its days as the University of Cross River State (UNICROSS), UNIUYO has grown, evolved and rebranded, … University of Uyo (UNIUYO) VC Appointment: Professor Christopher Nyong Ekong Named 9th Vice-Chancellor Last Modified on May 1st, 2026 The Governing Council of the University of Uyo has appointed Professor Christopher Nyong Ekong as the 9th Substantive Vice-Chancellor of the university. His appointment takes effect from 16 June","The programme has been designed for candidates who seek admission into 200 level through Direct Entry, … University of Uyo (UNIUYO) Post UTME/Direct Entry Screening Form for 2026/2027 Undergraduate Admission Last Modified on June 6th, 2026 The University of Uyo has invited qualified candidates to apply for its 2026/2027 Post UTME and Direct Entry screening exercise for undergraduate admission. Candidates who selected the University of Uyo as their first choice during the 2026/2027 JAMB Unified Tertiary Matriculation Examination and scored at least 150 may apply for … University of Uyo (UNIUYO) Cut-Off Mark for 2026/2027 Admission Exercise Last Modified on June 6th, 2026 Nestled in the heart of Uyo, the capital city of Akwa Ibom State, the University of Uyo (UNIUYO) stands as a beacon of educational prowess in Nigeri","… University of Uyo (UNIUYO) Pre-Degree Admission Form for 2026/2027 Academic Session Last Modified on June 8th, 2026 The University of Uyo has invited qualified candidates to apply for admission into its one-year Pre-Degree Programme for the 2026/2027 academic year. The programme is for candidates who will be prepared for the 2026/2027 JAMB examination and successful candidates who meet the required JAMB cut-off points will be admitted into … University of Uyo (UNIUYO) JUPEB Admission Form for 2026/2027 Academic Session Last Modified on June 8th, 2026 The University of Uyo has invited qualified candidates to apply for admission into its one-year Basic Studies Programme for the 2026/2027 academic session, offered in collaboration with the Joint Universities Preliminary Examination Board, JUPE",,,,REJECTED,"optionD, answer"
https://myschoolgist.com/keyword/www-uniuyo-edu-ng/,Unknown,,,,,,,,REJECTED,"question, optionA, optionB, optionC, optionD, answer"
https://myschoolgist.com/keyword/www-uniuyo-edu-ng/,Unknown,,,,,,,,REJECTED,"question, optionA, optionB, optionC, optionD, answer"
https://myschoolgist.com/keyword/www-uniuyo-edu-ng/,Unknown,,,,,,,,REJECTED,"question, optionA, optionB, optionC, optionD, answer"
https://myschoolgist.com/keyword/www-uniuyo-edu-ng/,Unknown,,,,,,,,REJECTED,"question, optionA, optionB, optionC, optionD, answer"
https://myschoolgist.com/keyword/www-uniuyo-edu-ng/,Unknown,,,,,,,,REJECTED,"question, optionA, optionB, optionC, optionD, answer"
https://myschoolgist.com/keyword/www-uniuyo-edu-ng/,Unknown,,,,,,,,REJECTED,"question, optionA, optionB, optionC, optionD, answer"
https://myschoolgist.com/keyword/www-uniuyo-edu-ng/,Unknown,,,,,,,,REJECTED,"question, optionA, optionB, optionC, optionD, answer"
https://myschoolgist.com/keyword/www-uniuyo-edu-ng/,Unknown,The recruitment invites qualified candidates to apply for various posts across several departments and faculties. Interested applicants are expected to meet the stated qualifications and submit complete documentation within the specified perio,,,,"Academic Staff … UNIUYO Acceptance Fee Payment for 2025/2026 Academic Session Last Modified on October 25th, 2025 The University of Uyo (UNIUYO) has announced that all newly admitted students can now pay their acceptance fees for the 2025/2026 academic session. According to management, the UNIUYO portal is open for payment until Thursday, October 30,",,,REJECTED,"optionA, optionB, optionC, answer"
https://myschoolgist.com/keyword/www-uniuyo-edu-ng/,Unknown,"Students are advised to complete this process early to secure their admission. … University of Uyo (UNIUYO) Hostel Application Guide for 2025/2026 Academic Session Last Modified on October 19th, 2025 The UNIUYO Hostel Application process for the 2025/2026 academic session has officially begun. The University of Uyo (UNIUYO) has opened its online hostel allocation portal to help students secure accommodation within the campus for the new session. According to an internal notice from the Student Affairs Division dated 17th October … University of Uyo (UNIUYO) Supplementary Admission for 2025/2026 Academic Session Last Modified on October 19th, 2025 The Supplementary Admission process for the 2025/2026 academic session has been announced by the University of Uyo (UNIUYO). Candidates who scored 150 and above in the JAMB UTME and took part in the University's Post-UTME Screening but were not offered admission into their initial first-choice programmes can now apply for supplementary … University of Uyo (UNIUYO) Admission List for 2025/2026 Academic Session Last Modified on September 25th, 2025 The wait is over. The University of Uyo (UNIUYO) has published its admission list for the 2025–2026 academic year and the news has already sent ripples of excitement through many homes. For those who sat through the screening exercise, the moment of truth has arrive",,,,"Some will … University of Uyo (UNIUYO) Basic Studies Online CBT Screening Exercise for 2025/2026 Academic Session Last Modified on September 17th, 2025 The University of Uyo has fixed the online screening for its Basic Studies programme. It is short, clear and yes, a bit intense. Two tests, close together, so keep your eyes on the clock. UNIUYO Basic Studies Online CBT Screening Exercise, key points Who this covers: all … Akwa Ibom State College of Education (AKSCOE) Affiliated With UNIUYO Degree Admission List for 2025/2026 Academic Session Last Modified on September 12th, 2025 Official word on the admission list The Akwa Ibom State College of Education, in partnership with the University of Uyo, has made public the admission list for the 2025/2026 academic session. For those who took part in the screening exercise, this is the signal you have been waiting for. The … University of Uyo (UNIUYO) Amnesty Programme for Students Unable to Graduate Last Modified on September 7th, 2025 The Senate of the University of Uyo has given its nod to a new Amnesty Programme, a chance for long-standing students to finally complete their studies. At its 133rd meeting on Wednesday, 30th April 2025, the Senate resolved to open a window for those admitted from the 1995 session onwards … University of Uyo (UNIUYO) Certificate & Diploma Admission Form for 2025/2026 Academic Session Last Modified on August 1st, 2025 The University of Uyo has quietly dropped something again — this time, it's not a full degree, but it might just be what you need to start or restart. Their Certificate and Diploma Programmes for the 2025/2026 session are now open and the form is up for grabs. Now, if … University of Uyo (UNIUYO) Part-Time Degree Admission Form for 2025/2026 Academic Session Last Modified on August 1st, 2025 The University of Uyo is back again — this time with fresh chances for anyone who's been saying, ""I'd go back to school if I had the time."" Well, guess what? UNIUYO just opened its 2025/2026 part-time degree admission and they're making space for folks juggling work, family, business… or … University of Uyo (UNIUYO) Sandwich Admission Form for 2025/2026 Academic Session Last Modified on August 1st, 2025 You know how some people say, ""School isn't for everyone?"" Well, UNIUYO says, ""Try again, but this time, on your own schedule."" If you've been working, raising kids or just living life while quietly wishing you could still grab that degree, this might be your shot. The University of Uyo's … Load More Posts Search the MySchoolGist site Search Recent Posts Lagos State University (LASU) Admission List for 2026/2027 Academic Session | Merit & Supplementary [UPDATED] Ignatius Ajuru University Of Education (IAUE) Admission List for 2026/2027 Academic Session | 1st Batch Ignatius Ajuru University Of Education (IAUE) Acceptance Fee, Clearance & Registration Procedures for 2026/2027 Newly Admitted Candidates Federal Polytechnic, Ukana Post UTME Form for 2026/2027 ND Admission Federal Polytechnic, Ukana HND Admission Form for 2026/2027 Academic Session Scholarships & Opportunities KPMG Seyi Bickersteth Scholarship Programme",,,REJECTED,"optionA, optionB, optionC, answer"
https://myschoolgist.com/keyword/www-uniuyo-edu-ng/,Unknown,,,,,,,,REJECTED,"question, optionA, optionB, optionC, optionD, answer"
https://myschoolgist.com/keyword/www-uniuyo-edu-ng/,Unknown,,,,,,,,REJECTED,"question, optionA, optionB, optionC, optionD, answer"
https://myschoolgist.com/keyword/www-uniuyo-edu-ng/,Unknown,,,,,,,,REJECTED,"question, optionA, optionB, optionC, optionD, answer"
https://myschoolgist.com/keyword/www-uniuyo-edu-ng/,Unknown,,,,,,,,REJECTED,"question, optionA, optionB, optionC, optionD, answer"
https://myschoolgist.com/keyword/www-bsum-edu-ng/,Unknown,,,,,,,,REJECTED,"question, optionA, optionB, optionC, optionD, answer"
https://myschoolgist.com/keyword/www-bsum-edu-ng/,Unknown,,,,,,,,REJECTED,"question, optionA, optionB, optionC, optionD, answer"
https://myschoolgist.com/keyword/www-bsum-edu-ng/,Unknown,"Courses, Fees, Entry Rules and Dates Last Modified on May 16th, 2026 Reverend Father Moses Orshio Adasu University, Makurdi (MOAUM), has opened applications for its undergraduate part-time programmes for the 2025/2026 academic session. The admission is handled through the Centre for Continuing Education and suitably qualified candidates can apply within the stated application perio",,,,"MOAUM Part-Time Degree Programmes The university listed five … Reverend Father Moses Orshio Adasu University, Makurdi (MOAUM) Matriculation Ceremony 2025/",,,REJECTED,"optionA, optionB, optionC, answer"
https://myschoolgist.com/keyword/www-bsum-edu-ng/,Unknown,"Date, Orientation, Gown Fee and Key Steps Last Modified on April 15th, 2026 Reverend Father Moses Orshio Adasu University, Makurdi, MOAUM, has fixed the 33rd matriculation ceremony for fresh undergraduate students for the 2025/2026 academic session. The ceremony will take place on Wednesday, 22 April 2026, at the New Convocation Square. The stated time is 9.00 am. MOAUM matriculation ceremony details The event … Reverend Father Moses Orshio Adasu University, Makurdi (MOAUM) Easter Public Holidays 2026 for Staff and Students Last Modified on April 1st, 2026 Reverend Father Moses Orshio Adasu University, Makurdi (MOAUM) has announced that Friday, 3 April 2026 and Monday, 6 April 2026, are Public Holidays for Good Friday and Easter Monday. The notice applies to both Staff and Students of the University. Academic and administrative activities to pause The University stated that … Reverend Father Moses Orshio Adasu University, Makurdi (MOUAM) Mop-Up Admission Exercise 2025/2026 for Successful and Transferred Candidates Last Modified on April 1st, 2026 Prospective candidates who applied for undergraduate admission into Reverend Father Moses Orshio Adasu University, Makurdi, MOUAM, for the 2025/2026 academic session are to note that the University is close to ending its mop-up admission exercise. The notice applies to candidates who sought admission through the Joint Admissions and Matriculation Board, … Rev. Fr. Moses Orshio Adasu University, Makurdi (MOAUM) Postgraduate Admission List for 2025/2026 Academic Session Last Modified on December 26th, 2025 This is to inform all candidates who applied for admission into the postgraduate programmes of Rev. Fr. Moses Orshio Adasu University, Makurdi (MOAUM), formerly Benue State University (BSU), for the 2025/2026 academic session that the list of successful candidates has been release",,,,"Candidates are to confirm their admission status on … Benue State University (BSU) Postgraduate Courses Last Modified on November 25th, 2025 Reverend Father Moses Orshio Adasu University, Makurdi (MOAUM) , formerly known as Benue State University, Makurdi (BSUM), stands as a beacon of academic excellence in Nigeria, offering a plethora of postgraduate programmes aimed at advancing knowledge, fostering innovation and cultivating expertise. For those aspiring to further their academic pursuit, BSUM's … Rev. Fr. Moses Orshio Adasu University, Makurdi (MOAUM) Postgraduate Admission Form for 2025/2026 Academic Session Last Modified on November 25th, 2025 Applications are invited from suitably qualified candidates for admission into Postgraduate programmes leading to the award of Postgraduate Diplomas, Masters and Doctor of Philosophy Degrees of the Reverend Father Moses Orshio Adasu University, Makurdi (MOAUM), formerly known as Benue State University, Makurdi (BSUM) for the 2025/2026 Academic Session. Courses",,,REJECTED,"optionA, optionB, optionC, answer"
https://myschoolgist.com/keyword/www-bsum-edu-ng/,Unknown,"… Rev. Fr. Moses Orshio Adasu University, Makurdi (MOAUM) ban on signing-out celebrations on campus for graduating students Last Modified on November 24th, 2025 Rev. Fr. Moses Orshio Adasu University, Makurdi (MOAUM) has stopped all signing-out celebrations on campus. This clear rule comes from the school Management. It aims to keep the campus calm, safe and fair for every student, especially during exams. All students are expected to know this ban and respect it … Rev. Fr. Moses Orshio Adasu University, Makurdi (MOAUM) Admission List for 2025/2026 Academic Session Last Modified on November 18th, 2025 Rev. Fr. Moses Orshio Adasu University, Makurdi (MOAUM), formerly Benue State University, has released the admission list for the 2025/2026 academic session. The list covers candidates who applied for undergraduate programmes and have been approved by the Joint Admissions and Matriculation Board (JAM","m. sharp. The one-day orientation programme comes a day before, on Thursday, 3 July","Central Admission Processing System (CAPS). Applicants are advised to … Reverend Father Moses Orshio Adasu University, Makurdi (MOAUM) Pre-Degree / Preliminary Science Admission Form for 2025/2026 Academic Session Last Modified on September 30th, 2025 Reverend Father Moses Orshio Adasu University, Makurdi, better known today as MOAUM, has invited applications into its Preliminary Science programme for the upcoming academic year. Once called Benue State University, the school is again throwing open the gates for students who want to step into science-based fields. … Reverend Father Moses Orshio Adasu University, Makurdi (MOAUM) Mop-up Post UTME Screening Schedule and Requirements 2025/2026 Last Modified on September 30th, 2025 Reverend Father Moses Orshio Adasu University, Makurdi, known shortly as MOAUM and once called Benue State University, has rolled out plans for its Mop-up Post UTME screening. The exercise is meant to give another chance to those who missed earlier phases or are yet to be capture",,"Like they say, … Reverend Father Moses Orshio Adasu University, Makurdi (MOAUM) Post UTME Screening for College of Health Sciences 2025/2026 Last Modified on August 11th, 2025 Benue State University may have a new name, but the admission rush is still the same. Now known as Reverend Father Moses Orshio Adasu University, Makurdi, the school has rolled out its timetable for this year's Post-UTME screening. And yes, the dates are locked in — no guesswork. The Computer-Based … Benue State University (BSU) Orientation and Matriculation Ceremony for 2024/2025 Fresh Students Last Modified on June 29th, 2025 Reverend Father Moses Orshio Adasu University, Makurdi (formerly Benue State University), will hold its 32nd Matriculation Ceremony on Friday, 4 July 2025, at the new Convocation Square, Western Wing, by 10:00",,,REJECTED,"optionC, answer"
https://myschoolgist.com/keyword/www-bsum-edu-ng/,Unknown,"Both events are open … Official: Benue State University (BSU) Now Reverend Father Moses Orshio Adasu University, Makurdi (MOAUM) Last Modified on May 21st, 2025 Benue State University, Makurdi, has a new name from now on. The school is now called Reverend Father Moses Orshio Adasu University, Makurdi. People might call it MOAUM for short, though that name might take some getting used to. The change did not just happen by chance. The Benue State … Benue State University Markudi (BSU) Post UTME Result 2024/2025 Last Modified on February 20th, 2025 Benue State University, Makurdi (BSU) has published the post-UTME screening results for the 2024/2025 academic year. Candidates who participated in the recently concluded aptitude test can now access their scores. The university has made the results available on the official portal. Steps to Check BSU Post-UTME Result Follow these steps … ASUU — BSU Indigent Students Scholarship Award 2024/2025 Last Modified on January 10th, 2025 The Academic Staff Union of Universities (ASUU), Benue State University chapter, has announced the 2024/2025 indigent scholarship awar",,,,"This scheme aims to assist students in meeting academic needs. Eligibility Criteria Open to all undergraduate students of Benue State University, Makurdi. Applicants must maintain a CGPA of 3.0 or higher. Method … Benue State University (BSU) Direct Entry Screening Form 2024/2025 [UPDATED] Last Modified on December 29th, 2024 The Benue State University (BSU), Makurdi, has officially opened applications for the Direct Entry screening form for the 2024/2025 academic session. This is an opportunity for candidates to secure admission into various degree programmes through the Direct Entry pathway. Eligibility Criteria for BSU Direct Entry Screening Before proceeding with the … Benue State University (BSU) Convocation Ceremony Last Modified on November 20th, 2024 The Benue State University (BSU) has announced the 22nd to 24th combined convocation ceremonies. This event celebrates academic achievements and honours students from the 2019/2020 to 2021/2022 sessions. The convocation is an important occasion for graduands, their families and the university community. Date, Time and Venue for BSU Convocation Ceremony … Benue State University (BSU) Gets New Registrar Last Modified on October 24th, 2024 The Benue State University (BSU) has announced the appointment of Mr. Barnabas Terfa Hemba as its new Registrar. This significant appointment was made by the Governing Council on Tuesday, 22nd October,",,,REJECTED,"optionA, optionB, optionC, answer"
https://myschoolgist.com/keyword/www-bsum-edu-ng/,Unknown,,,,,,,,REJECTED,"question, optionA, optionB, optionC, optionD, answer"
https://myschoolgist.com/keyword/www-bsum-edu-ng/,Unknown,,,,,,,,REJECTED,"question, optionA, optionB, optionC, optionD, answer"
https://myschoolgist.com/keyword/www-bsum-edu-ng/,Unknown,"The Senate took this step after reviewing … Benue State University (BSU) Admission into New Programmes Last Modified on September 4th, 2024 The Benue State University (BSU) is now accepting applications for its newly approved programmes. This exciting opportunity follows the approval from the National Universities Commission (NU",,,"and the new courses will be available from the 2024/2025 academic session. If you sat for the 2024 JAMB UTME and have the required … Benue State University Markudi Admission List Last Modified on April 3rd, 2024 The Benue State University (BSU) admission list and acceptance of the offer for the 2023/2024 academic session represent crucial steps for prospective students. With the release of the names of candidates offered provisional admission into its diverse degree programmes, the path to becoming a part of the BSU community is … Benue State University (BSU) Postgraduate Admission List Last Modified on March 13th, 2024 The Benue State University, Makurdi (BSUM), takes immense pleasure in announcing the release of its admission list for postgraduate programmes for the academic session of 2023/",,,,REJECTED,"optionA, optionB, optionD, answer"
https://myschoolgist.com/keyword/www-bsum-edu-ng/,Unknown,,,,,,,,REJECTED,"question, optionA, optionB, optionC, optionD, answer"
https://myschoolgist.com/keyword/www-bsum-edu-ng/,Unknown,,,,,,,,REJECTED,"question, optionA, optionB, optionC, optionD, answer"
https://myschoolgist.com/keyword/www-bsum-edu-ng/,Unknown,,,,,,,,REJECTED,"question, optionA, optionB, optionC, optionD, answer"
https://myschoolgist.com/keyword/www-bsum-edu-ng/,Unknown,,,,,,,,REJECTED,"question, optionA, optionB, optionC, optionD, answer"
https://myschoolgist.com/keyword/www-bsum-edu-ng/,Unknown,,,,,,,,REJECTED,"question, optionA, optionB, optionC, optionD, answer"
https://myschoolgist.com/keyword/fuhsa/,Unknown,"The modalities were approved by the University Senate at its 42nd meeting held on 10 August 2026, while a … Federal University of Health Sciences Azare (FUHS","Post-UTME/Direct Entry Form for 2026/2027 Undergraduate Admission [UPDATED] Last Modified on July 17th, 2026 Federal University of Health Sciences, Azare, FUHSA, has announced the online screening exercise for prospective candidates seeking undergraduate admission for the 2026/2027 academic session. The online registration will start on Monday, 22 June 2026 and will close on Friday, 17 July",,,,,,REJECTED,"optionB, optionC, optionD, answer"
https://myschoolgist.com/keyword/fuhsa/,Unknown,"The notice is for candidates seeking admission through … Federal University of Health Sciences, Azare (FUHS",Approves Christmas and En,,,"of-year break. This decision was reached during the 35th regular Senate meeting held on Thursday, 18 December",,,REJECTED,"optionB, optionC, answer"
https://myschoolgist.com/keyword/fuhsa/,Unknown,"Following the meeting, the university will close from Friday, 19 … Federal University of Health Sciences, Azare (FUHS","has opened applications for its 2025/2026 Remedial Science Studies. The programme runs for nine months, starting Monday 11 August 2025 and ending Friday 10 October",,,"semester break following a directive from the Bauchi State Government on the temporary closure of schools across the state due to security concerns. This notice affects all students of the Federal University of Health Sciences, Azare and explains why … Federal University of Health Sciences, Azare (FUHS",,,REJECTED,"optionB, optionC, answer"
https://myschoolgist.com/keyword/fuhsa/,Unknown,"It is designed to give students the academic foundation needed to compete for admission into FUHSA … Federal University of Health Sciences Azare Remedial Admission List Last Modified on September 14th, 2023 The administration of Federal University of Health Sciences, Azare (FUHS",has released its official notice regarding the Eid el-Fitr break for,,"Announcement Federal University of Health Sciences, Azare has released the 2023/2024 Remedial Admissions list. Access Candidates … Federal University of Health Science Azare Exam Timetable Last Modified on June 14th, 2023 The management of the Federal University of Health Science, Azare (FUHS",semester examinations of the 2022/2023 academic session is now available. This official notification is for all students of the institution and it is expected that students will act in compliance … Federal University of Health Sciences Azare (FUHS,,,REJECTED,"optionB, answer"
https://myschoolgist.com/keyword/fuhsa/,Unknown,"This announcement follows the declaration by the Federal Government that 24th and 25th April 2023 will be public holidays to mark this year's Eid el-Fitr celebrations. In line with the … Federal University of Health Sciences, Azare (FUHS",", Bauchi State. The National University Commission has approved new courses at the Federal University of Health Sciences, Azare, Bauchi (NU",,". The commission stated this in a letter addressed to the JAMB registrar. … Search the MySchoolGist site Search Recent Posts Lagos State University (LASU) Admission List for 2026/2027 Academic Session | Merit & Supplementary [UPDATED] Ignatius Ajuru University Of Education (IAUE) Admission List for 2026/2027 Academic Session | 1st Batch Ignatius Ajuru University Of Education (IAUE) Acceptance Fee, Clearance & Registration Procedures for 2026/2027 Newly Admitted Candidates Federal Polytechnic, Ukana Post UTME Form for 2026/2027 ND Admission Federal Polytechnic, Ukana HND Admission Form for 2026/2027 Academic Session Scholarships & Opportunities KPMG Seyi Bickersteth Scholarship Programme",,,,REJECTED,"optionB, optionD, answer"
https://myschoolgist.com/keyword/fuhsa/,Unknown,,,,,,,,REJECTED,"question, optionA, optionB, optionC, optionD, answer"
https://myschoolgist.com/keyword/fuhsa/,Unknown,,,,,,,,REJECTED,"question, optionA, optionB, optionC, optionD, answer"
https://myschoolgist.com/keyword/fuhsa/,Unknown,,,,,,,,REJECTED,"question, optionA, optionB, optionC, optionD, answer"
https://myschoolgist.com/keyword/fuhsa/,Unknown,,,,,,,,REJECTED,"question, optionA, optionB, optionC, optionD, answer"
https://myschoolgist.com/news/aksu-postgraduate-form/,Unknown,"October 2026 All required credentials and the application payment receipt should be uploaded as part of the completed application before that date. An application that has not been fully submitted online by the deadline falls outside the stated application period. Applicants Should Check Programme Requirements Before Payment The programme list confirms the qualifications available under each department, but it does not provide the detailed entry requirement for every PGD, Master's or Ph.D. course. Prospective candidates should therefore confirm that their academic qualifications match the intended programme through the postgraduate portal before completing the application. This check is especially relevant where a department offers several qualification levels. AKSU Postgraduate Admission Troubleshooter Applicant's Situation What to Check What Should Be Done Position 🎓 Applicant has selected a department Confirm the exact PGD, Master's or Ph.D. programme offered Check the programme list before applying Application should match an available programme 📋 Entry requirement is unclear Programme-specific requirements are not listed in the announcement Check the postgraduate portal before payment The portal should guide programme eligibility 💳 Applicant is ready to pay Application fee is ₦30,000 plus bank charges Use the postgraduate application process The ₦30,000 fee is non-refundable 📎 Application form is complete Credentials and payment receipt must be uploaded Attach the required files before submission An incomplete submission may lack required records 🗓️ Application has not been submitted Closing date is 30 October 2026 Complete and submit the form before the deadline Late submission falls outside the stated period 🔎 Applicant wants a Ph.D. programme Ph.D. availability differs by department Confirm that the intended department lists Ph.D. Apply only for the qualification shown 📚 Applicant wants a PGD Some departments do not list PGD Check the department and qualification level first Availability should be confirmed before payment MySchoolGist Verification Check: MySchoolGist checks admission information against official university channels where available. Akwa Ibom State University remains the final authority on postgraduate programme requirements, application procedures and admission decisions. Alternative admission via JUPEB/IJMB programmes (SPONSORED) Enter 200-Level Directly! Gain University Admission via JUPEB/IJMB . Enjoy Low Fees! Call 08033006849 Now! Alternative admission via JUPEB/IJMB programmes (SPONSORED) Enter 200-Level Directly! Gain University Admission via JUPEB/IJMB . Enjoy Low Fees! Call 08033006849 Now! Search MySchoolGist ... Search Tagged: Akwa Ibom State University : AKSU Tagged: Share This Post: If this post helped you, share it with others! Use the buttons below to spread the word! Share This Post: WhatsApp X (Twitter) Facebook WhatsApp X (Twitter) Facebook Suggested Articles AKSU Postgraduate Courses Akwa Ibom State University (AKSU) Academic Staff Vacancies: Requirements, Salaries and Application Akwa Ibom State University (AKSU) Academic Calendar for 2nd Semester 2025/2026 Academic Session Akwa Ibom State University (AKSU) Recruitment: Registrar, Bursar and University Librarian Vacancies Chukwuemeka Odumegwu Ojukwu University (COOU) Postgraduate Admission Form for 2026/2027 Academic Session Federal University of Lafia (FULAFIA) Postgraduate Admission Form for 2026/2027 Academic Session University of Abuja (UNIABUJA) Postgraduate Admission Form for 2026/2027 Academic Session Nigeria Maritime University (NMU) Postgraduate Admission Form for 2026/2027 Academic Session Suggested Articles Articles AKSU Postgraduate Courses Akwa Ibom State University (AKSU) Academic Staff Vacancies: Requirements, Salaries and Application Akwa Ibom State University (AKSU) Academic Calendar for 2nd Semester 2025/2026 Academic Session Akwa Ibom State University (AKSU) Recruitment: Registrar, Bursar and University Librarian Vacancies Chukwuemeka Odumegwu Ojukwu University (COOU) Postgraduate Admission Form for 2026/2027 Academic Session Federal University of Lafia (FULAFIA) Postgraduate Admission Form for 2026/2027 Academic Session University of Abuja (UNIABUJA) Postgraduate Admission Form for 2026/2027 Academic Session Nigeria Maritime University (NMU) Postgraduate Admission Form for 2026/2027 Academic Session Previous story Ibrahim Badamasi Babangida University (IBBU) Post UTME / Direct Entry Screening Form for 2025/2026 Undergraduate Admission Next story Kwara State University (KWASU) Admission List for 2026/2027 Academic Session Previous story Ibrahim Badamasi Babangida University (IBBU) Post UTME / Direct Entry Screening Form for 2025/2026 Undergraduate Admission Next story Kwara State University (KWASU) Admission List for 2026/2027 Academic Session Meet The Author Olusegun Fapohunda is the founder and editor of MySchoolGist, with over a decade of experience in education publishing. He covers education updates, admission notices, examination news, scholarships, career opportunities and related public information. Connect with him on X (formerly Twitter) . Meet The Author Olusegun Fapohunda is the founder and editor of MySchoolGist, with over a decade of experience in education publishing. He covers education updates, admission notices, examination news, scholarships, career opportunities and related public information. Connect with him on X (formerly Twitter) . Home About Disclaimer Privacy Policy Quick Links Education Resources WAEC Past Questions NABTEB Past Questions JAMB Past Questions Post UTME Past Questions Universities Polytechnics Monotechnics Colleges of Education Top Universities Illegal Universities Courses JAMB WAEC NECO Jobs in Nigeria MySchoolGist Web Services is a registered publisher and marketing solutions provider in Nigeria. It publishes Myschoolgist.com, a leading digital publication that covers the latest educational trends, career opportunities and current news. Copyright © 2012 - 2026 MySchoolGist Home About Disclaimer Privacy Policy Quick Links Education Resources WAEC Past Questions NABTEB Past Questions JAMB Past Questions Post UTME Past Questions Universities Polytechnics Monotechnics Colleges of Education Top Universities Illegal Universities Courses JAMB WAEC NECO Jobs in Nigeria Quick Links Education Resources WAEC Past Questions NABTEB Past Questions JAMB Past Questions Post UTME Past Questions Universities Polytechnics Monotechnics Colleges of Education Top Universities Illegal Universities Courses JAMB WAEC NECO Jobs in Nigeria MySchoolGist Web Services is a registered publisher and marketing solutions provider in Nigeria. It publishes Myschoolgist.com, a leading digital publication that covers the latest educational trends, career opportunities and current news. Copyright © 2012 - 2026 MySchoolGist",,,,,,,REJECTED,"optionA, optionB, optionC, optionD, answer"
https://myschoolgist.com/keyword/www-kwasu-edu-ng/,Unknown,,,,,,,,REJECTED,"question, optionA, optionB, optionC, optionD, answer"
https://myschoolgist.com/keyword/www-kwasu-edu-ng/,Unknown,,,,,,,,REJECTED,"question, optionA, optionB, optionC, optionD, answer"
https://myschoolgist.com/keyword/www-kwasu-edu-ng/,Unknown,"The programme at Kwara State University runs from a press briefing and exhibition through a lecture, stage play, sports, luncheon and the main convocation for awards. This guide sets … Kwara State University (KWASU) Announces Closure of Admission for the 2025/2026 Academic Session Last Modified on November 10th, 2025 Kwara State University (KWASU), Malete, has confirmed that admissions for the 2025/2026 academic session have officially close","Baruba Campus for the 2025/2026 academic session. This development marks another milestone in the university's multi-campus system, established to expand learning opportunities and strengthen community development. KWASU, founded in 2008 and operational since … ‏‏Kwara State University (KWASU) Academic Calendar for 2025/2026 Academic Session Last Modified on September 24th, 2025 The Kwara State University (KWASU) has rolled out the academic calendar for the 2025–2026 session. It covers both the Harmattan and Rain semesters, giving students and staff a clear roadmap of what lies ahea","If your grades fell short or you didn't meet admission requirements, this is … KWASU Business School Admission Form 2025 Last Modified on March 21st, 2025 Kwara State University Business School has started admission for its professional postgraduate courses. The programme runs for a minimum of 18 months. You will study both in-person and online through hybrid part-time or weekend options. See Available Programmes You can apply for any of these degrees: Master of Public Sector … Kwara State University (KWASU) Basic Certificate in Caregiving Admission Form 2025 Last Modified on March 12th, 2025 Kwara State University (KWASU) Senior Citizens Centre (KSC","is offering a Basic Certificate in Caregiving. This five-day course provides training based on a UK curriculum. Participants will learn caregiving skills through virtual sessions and online practical sessions. Course Details Course: Basic Certificate in Caregiving (Batch E). Duration: 5 days. Mode: … KWASU Issues Notice on JAMB's 1-Year Law Admission Ban Last Modified on January 30th, 2025 Kwara State University (KWASU), Malete, has confirmed JAMB's decision to suspend admissions into its Law programmes for one year. The suspension follows a ruling by the Council for Legal Education (CLE) over the university's approval process when launching the programme. Reason for the Ban KWASU began its Law programme in … KWASU Tourism and Event Management Certificate Courses Admission Form 2025 Last Modified on January 29th, 2025 Kwara State University (KWASU) in Malete offers short courses in tourism and event management. These courses cover event management, hospitality, culinary arts and tourism. If you seek new skills or wish to boost your knowledge, these courses may suit you. Courses Offered Sustainable Tourism Hospitality Management Culinary Arts Event Management … KWASU Denies Affiliation with Gombe's Lamido School of Hygiene Last Modified on December 20th, 2024 Have you come across advertisements claiming a link between Kwara State University (KWASU), Malete and the Lamido School of Hygiene and Health Sciences, Gombe? Be cautious. KWASU has officially announced that no such affiliation exists, warning the public to avoid fraudulent transactions related to these claims. Misleading Information About Admissions … KWASU Gets NUC Approval for 10 New Programmes Last Modified on December 18th, 2024 Kwara State University has received approval from the National Universities Commission to introduce 10 new academic programmes starting in the 2024/2025 session. This approval was communicated in a letter addressed to the Vice-Chancellor, Professor Shaykh-Luqman Jimoh, by the Acting Director of Academic Planning, Abubakar M. Girei. The approval is the … Kwara State University (KWASU) Convocation Ceremony Last Modified on December 6th, 2024 The Kwara State University (KWASU) convocation ceremony for the award of first and postgraduate degrees and the presentation of prizes is scheduled for Saturday, 14th December","From registration to lectures, breaks to examinations, every step has been fixed on … Kwara State University (KWASU) JUPEB Admission Form 2025/2026 Last Modified on June 20th, 2025 Kwara State University (KWASU), Malete, is now taking applications for its JUPEB and NABTEB A' Level programmes under the Centre for Basic and Advanced Studies. These one-year courses give students a direct path to 200-level admission into a regular degree programme. It's an option for those who want to skip … Kwara State University (KWASU) IJMB Admission Form 2025/2026 Last Modified on June 20th, 2025 Kwara State University (KWASU), through its Centre for Advanced Basic Studies (CABS), has opened the 2025/2026 admission for the IJMB programme. This is a one-year academic course that gives students a straight shot into 200 level of any regular degree course, skipping JAMB entirely. If JAMB didn't work out or … Kwara State University (KWASU) Pre-Degree/Remedial Admission Form 2025/2026 Last Modified on June 20th, 2025 Kwara State University (KWASU) has opened applications for its Pre-degree and Remedial programmes for the 2025/2026 session. These are short, one-year courses meant for students who didn't get the needed results in WASSCE, NECO, GCE or JAM",,,REJECTED,answer
https://myschoolgist.com/keyword/www-kwasu-edu-ng/,Unknown,"This marks the 12th convocation ceremony and includes a variety of events leading up to the main day. Details of Convocation Activities Day … Kwara State University (KWASU) Admission has Closed Last Modified on November 28th, 2024 The Kwara State University (KWASU) has announced that the 2024/2025 admission process for undergraduate programmes is now complete. Academic activities are currently in full progress and no further admissions will be entertaine",,,,"This notice aims to inform the public and protect candidates from fraudulent schemes. Avoid Admission Scams KWASU warns … Ilorin Women Development Centre Graduates 3rd Cohort Last Modified on October 4th, 2024 The Centre for Women Development and Entrepreneurship at Kwara State University (KWASU) celebrated the graduation of the 3rd cohort of fifteen women on Wednesday, October 2nd,",,,REJECTED,"optionA, optionB, optionC, answer"
https://myschoolgist.com/keyword/www-kwasu-edu-ng/,Unknown,"The graduates received certificates and empowerment tools to mark the end of their training. The event highlighted the commitment to empowering women in … KWASU Clarifies Status of Law Programme Accreditation Last Modified on October 4th, 2024 The Kwara State University (KWASU), Malete, Kwara State, has addressed recent reports circulating on social media regarding its Law programmes. The reports claim that the Council of Legal Education (CLE) has suspended admissions into the Law programme at KWASU, alleging that the university admitted and graduated students without obtaining the … KWASU Pre-Degree/Remedial Admission List Last Modified on September 10th, 2024 The Kwara State University (KWASU) Pre-Degree/Remedial Admission List for the 2024/2025 academic session has been release",,,,"This announcement is essential for all undergraduate students at KWASU to prepare adequately for their upcoming exams. Information Details Institution Kwara State University Semester Rain/Second Year 2023/2024 Announcement Exam timetable released … KWASU Dismisses 175 students Last Modified on July 11th, 2024 The Kwara State University (KWASU) in Malete, located in the Moro local government area, has taken a strong stance against indiscipline by expelling 175 students for violating the institution's rules and regulations. Information Details University Kwara State University (KWASU) Decision Date October 2021 – March 2024 Announcement By Dr. Saeedat … KWASU Welcomes New Vice-Chancellor Last Modified on June 14th, 2024 Professor Shaykh-Luqman Alade Jimoh was appointed as the new Vice-Chancellor of Kwara State University (KWASU) on Tuesday, June 11,",,,REJECTED,"optionA, optionB, optionC, answer"
https://myschoolgist.com/keyword/www-kwasu-edu-ng/,Unknown,,,,,,,,REJECTED,"question, optionA, optionB, optionC, optionD, answer"
https://myschoolgist.com/keyword/www-kwasu-edu-ng/,Unknown,,,,,,,,REJECTED,"question, optionA, optionB, optionC, optionD, answer"
https://myschoolgist.com/keyword/www-kwasu-edu-ng/,Unknown,,,,,,,,REJECTED,"question, optionA, optionB, optionC, optionD, answer"
https://myschoolgist.com/keyword/www-kwasu-edu-ng/,Unknown,,,,,,,,REJECTED,"question, optionA, optionB, optionC, optionD, answer"
https://myschoolgist.com/keyword/www-kwasu-edu-ng/,Unknown,,,,,,,,REJECTED,"question, optionA, optionB, optionC, optionD, answer"
https://myschoolgist.com/news/bsum-post-utme-form/,Unknown,,,,,,,,REJECTED,"question, optionA, optionB, optionC, optionD, answer"
https://myschoolgist.com/news/bsum-post-utme-form/,Unknown,"Scores, Registration Steps and Course Changes By Olusegun Fapohunda August 15, 2026 Time to Rea",,,,"6 min • 1,087 words MOAUM Post UTME and Direct Entry screening notice for the 2026/2027 academic session Reverend Father Moses Orshio Adasu University, Makurdi (MOAUM) Post UTME/Direct Entry Screening at a Glance MOAUM Post UTME/DE screening has been announced for 13 July to 12 August",,,REJECTED,"optionA, optionB, optionC, answer"
https://myschoolgist.com/news/bsum-post-utme-form/,Unknown,,,,,,,,REJECTED,"question, optionA, optionB, optionC, optionD, answer"
https://myschoolgist.com/news/bsum-post-utme-form/,Unknown,O-level or,level results must be uploaded to JAMB CAPS. Registration will close on 31 August,,,,,,REJECTED,"optionB, optionC, optionD, answer"
https://myschoolgist.com/news/bsum-post-utme-form/,Unknown,,,,,,,,REJECTED,"question, optionA, optionB, optionC, optionD, answer"
https://myschoolgist.com/news/bsum-post-utme-form/,Unknown,"Candidates must have selected MOAUM as their first-choice university or changed their first choice to the University before registration. Who is eligible for the MOAUM Post UTME/DE screening? The screening exercise is for candidates who sat for the 2026 Unified Tertiary Matriculation Examination and Direct Entry applicants seeking undergraduate admission at MOAUM. Prepare for JAMB, WAEC, NECO, BECE, NCEE and Post UTME Practise CBT Exams on Mobile or PC Prepare for Post UTME, WAEC, NECO, JAMB UTME, Junior WAEC (BECE) and Common Entrance (NCEE) with the MySchoolGist CBT App and Software. Use it on Android, iPhone or Windows to practise past questions anytime. Android App iPhone App Windows 10+ Windows 7 & 8 Need help choosing the right version? Chat with us on WhatsApp . An applicant will be eligible where the following conditions are met: MOAUM is the applicant's first-choice university The applicant has changed from another university to MOAUM as first choice, where required The UTME score meets the minimum set for the chosen programme The applicant has the required O-level results, where applicable A general minimum UTME score of 150 has been set, though several courses require higher scores. What UTME score is required for each MOAUM programme? The required score depends on the faculty or programme selected by the applicant. A score of 150 may qualify a candidate for some courses, while Architecture, Medicine, Law and several health-related programmes have higher score requirements. Faculty or programme Minimum UTME score Faculty of Education programmes 150 Administration and Management, Arts, Environmental Sciences, Social Sciences, Technology and Industrial Studies 160 Faculty of Science programmes, except",,S,Computer Science also requires a minimum score of,,,,REJECTED,"optionA, optionD, answer"
https://myschoolgist.com/news/bsum-post-utme-form/,Unknown,,,,,,,,REJECTED,"question, optionA, optionB, optionC, optionD, answer"
https://myschoolgist.com/news/bsum-post-utme-form/,Unknown,,,S,Radiography and Radiation Science Which programmes require a score of 240? Candidates applying for the following courses need a minimum UTME score of,,,,REJECTED,"question, optionA, optionD, answer"
https://myschoolgist.com/news/bsum-post-utme-form/,Unknown,,,,,,,,REJECTED,"question, optionA, optionB, optionC, optionD, answer"
https://myschoolgist.com/news/bsum-post-utme-form/,Unknown,Payment will be made through the E-Payment platform linked to the University admission portal after the applicant's JAMB registration details have been verifie,"level results to JAMB CAPS while registering. Is the screening conducted online? Registration and screening verification will be completed through the University portal. Applicants will verify their JAMB details, pay the N2,000 fee, complete the biodata form and print the finished application form online. How can applicants contact MOAUM? Applicants who require further information may contact the University during office hours through: 08035972825 Calls should be made during office hours only. Alternative admission via JUPEB/IJMB programmes (SPONSORE",Enjoy Low Fees! Call 08033006849 Now! RECOMMENDE,"Mass Communication should change to other programmes offered by the Faculty of Communication and Media Studies. What should BN Nursing applicants do? Candidates who applied for BN Nursing should change to other science-based programmes, especially courses offered by the Faculty of Science and the College of Health Sciences. What should Vocational and Technical Education applicants do? Candidates who applied for Vocational and Technical Education should change to programmes offered by the Faculty of Technology and Industrial Studies, especially Industrial Technology. Applicants affected by these directives should ensure that their programme records reflect the required change. What should candidates do after registration? Registered candidates should check the University portal regularly for admission updates, further directions and the next stage of the exercise. The printed application form should be retained for reference. What are the MOAUM screening dates? The online registration schedule is as follows: Opening date: Monday, 13 July 2026 Closing date: Monday, 31 August 2026 Applications should be completed before the closing date. Can candidates who selected another university apply? Candidates who originally selected another university may register after changing their first-choice university to Rev. Fr. Moses Orshio Adasu University, Makurdi. The change must place MOAUM as the candidate's first choice. Does the screening cover Direct Entry applicants? Yes. Direct Entry candidates who selected MOAUM as their first-choice university are included in the online screening exercise. Such applicants must upload their relevant","Reverend Father Moses Orshio Adasu University Makurdi (MOAUM) Share This Post: If this post helped you, share it with others! Use the buttons below to spread the word! WhatsApp X (Twitter) Facebook Suggested Articles Reverend Father Moses Orshio Adasu University, Makurdi (MOAUM) Extends Post UTME/Direct Entry Registration Deadline 2026/2027 Rev. Fr. Moses Orshio Adasu University, Makurdi (MOAUM) Cut Off Mark 2026/2027 Reverend Father Moses Orshio Adasu University, Makurdi (MOAUM) Certificate Courses Admission Forms for 2025/2026 Academic Session Reverend Father Moses Orshio Adasu University, Makurdi (MOAUM) Part-Time Admission Form 2025/",,,REJECTED,answer
https://myschoolgist.com/news/bsum-post-utme-form/,Unknown,,,,,,,,REJECTED,"question, optionA, optionB, optionC, optionD, answer"
https://myschoolgist.com/news/unilorin-post-utme-result/,Unknown,,,,,,,,REJECTED,"question, optionA, optionB, optionC, optionD, answer"
https://myschoolgist.com/news/unilorin-post-utme-result/,Unknown,"How to Check Screening Result Online By Olusegun Fapohunda August 17, 2026 Time to Rea",,Enjoy Low Fees! Call 08033006849 Now! RECOMMENDE,,"University of Ilorin : UNILORIN Share This Post: If this post helped you, share it with others! Use the buttons below to spread the word! WhatsApp X (Twitter) Facebook Suggested Articles University of Ilorin (UNILORIN) Inter-University Transfer Form for 2026/2027 Academic Session University of Ilorin (UNILORIN) Post UTME Screening Test Dates for 2026/2027 Admission Exercise University of Ilorin (UNILORIN) Post UTME / Direct Entry Screening Form for 2026/2027 Undergraduate Admission [UPDATED] University of Ilorin, (UNILORIN) Extends Post UTME and Direct Entry Registration Deadline for 2026/2027 Academic Session Federal Polytechnic, Ukana Post UTME Form for 2026/2027 ND Admission Olabisi Onabanjo University (OOU) Post UTME Screening Schedule 2026/2027 and Examination Pass Printing Guide Ibrahim Badamasi Babangida University (IBBU) Post UTME / Direct Entry Screening Form for 2025/2026 Undergraduate Admission Reverend Father Moses Orshio Adasu University, Makurdi (MOAUM) Extends Post UTME/Direct Entry Registration Deadline 2026/2027 Meet The Author Olusegun Fapohunda is the founder and editor of MySchoolGist, with over a decade of experience in education publishing. He covers education updates, admission notices, examination news, scholarships, career opportunities and related public information. Connect with him on X (formerly Twitter) .",,,REJECTED,"optionA, optionC, answer"
https://myschoolgist.com/keyword/www-unilorin-edu-ng/,Unknown,,,,,,,,REJECTED,"question, optionA, optionB, optionC, optionD, answer"
https://myschoolgist.com/keyword/www-unilorin-edu-ng/,Unknown,"Application Portal, Requirements, Hybrid Format, Contact Details Last Modified on February 7th, 2026 The Department of Public Administration, University of Ilorin (UNILORIN), has announced that applications are open for the Master of Public Administration (MP","programme. Admission is ongoing; candidates can submit details through the official application portal. Who the MPA programme is for The MPA targets fresh graduates and working professionals across … University of Ilorin (UNILORIN) Sets 2026 SIWES Pre-Placement Orientation for Industrial Attachment Students Last Modified on January 7th, 2026 UNILORIN Announces 2026 SIWES Pre-Placement Orientation Programme (Date, Time and Venue) The University of Ilorin (UNILORIN) has announced plans to hold its 2026 Students Industrial Work Experience Scheme (SIWES) Pre-Placement Orientation Programme for students scheduled to proceed on industrial attachment. The announcement was conveyed through an internal memorandum issued by … University of Ilorin (UNILORIN) Declares En",,,"of-Year Break for Staff and Students Last Modified on December 23rd, 2025 The management of University of Ilorin (UNILORIN) has approved a break for staff and students. The break will run from Tuesday, 23 December 2025 to Friday, 2 January",,,REJECTED,"optionB, optionC, answer"
https://myschoolgist.com/keyword/www-unilorin-edu-ng/,Unknown,"This notice applies to the full university community. Teaching, learning and most office duties will pause during this perio",,,,"Many students see … University of Ilorin (UNILORIN) CBT Timetable for 2025/2026 Harmattan Semester Examination Last Modified on December 23rd, 2025 The management of University of Ilorin (UNILORIN) has shared the provisional Computer-Based Test timetable for the 2025/2026 Harmattan Semester examinations. The exams are scheduled to run from Monday, January 26 to Thursday, February 12,",,,REJECTED,"optionA, optionB, optionC, answer"
https://myschoolgist.com/keyword/www-unilorin-edu-ng/,Unknown,"During this period, students will sit for their papers in batches each day, based on … University of Ilorin (UNILORIN) Announces Matriculation Ceremony for 2025/2026 Newly Admitted Students Last Modified on December 14th, 2025 University of Ilorin (UNILORIN) has released details for the matriculation ceremony for newly admitted students for the 2025/2026 academic session. The event marks the formal entry of new students into the university community and follows the approved academic schedule. All students who gained admission for this session are expected to … University of Ilorin (UNILORIN) Releases Harmattan Semester Schedule for 2025/2026 Academic Session Last Modified on December 14th, 2025 University of Ilorin (UNILORIN) has released an official update on the end of Harmattan Semester lectures, the lecture-free week, the upload of Continuous Assessment scores and the start of semester examinations for the 2025/2026 academic session. The notice was shared through an internal memorandum signed by the Deputy Vice-Chancellor (Academi",,"Degree Part-Time Programmes for the 2025/2026 academic session. The programmes are designed to provide flexible study options for individuals seeking quality education while working or managing other commitments. UNILORIN … University of Ilorin (UNILORIN) Graduates 11,886 Students, 316 bag first class Last Modified on October 22nd, 2025 The University of Ilorin (UNILORIN) has announced that 11,886 students will graduate during its 40th Convocation Ceremonies, which also marks the Golden Jubilee Anniversary, celebrating 50 years of academic excellence and service. During a press briefing on Monday, the Vice Chancellor, Professor Wahab Egbewole (SAN), shared details of the event … University of Ilorin (UNILORIN) 50th Anniversary Programme Schedule Last Modified on October 13th, 2025 The 50th Anniversary celebrations mark a major milestone for the University of Ilorin (UNILORIN) as it turns fifty years since its founding. The week-long programme is scheduled to take place from Sunday, 23rd November to Friday, 28th November",", … University of Ilorin (UNILORIN) JUPEB Admission Form for 2025/2026 Academic Session Last Modified on November 9th, 2025 The University of Ilorin, commonly known as UNILORIN, has opened applications for its 2025/2026 JUPEB Foundation Programme. The programme is managed under the Joint Universities Preliminary Examination Board (JUPE",,,,REJECTED,"optionA, optionD, answer"
https://myschoolgist.com/keyword/www-unilorin-edu-ng/,Unknown,"The event line-up includes thanksgiving services, lectures, alumni activities and cultural showcases … University of Ilorin (UNILORIN) Admission List for 2025/2026 Academic Session [UPDATED] Last Modified on October 4th, 2025 It's that time again, when tension fills the air and hearts beat a little faster. The University of Ilorin has finally dropped its long-awaited admission list and social media is already buzzing with names and excitement. For thousands of hopefuls, this is the moment that decides whether the hustle, the … University of Ilorin (UNILORIN) Notice on Allocation of Hostel Accommodation for 2025/2026 Academic Session Last Modified on October 2nd, 2025 The Student Affairs Unit of the University of Ilorin (UNILORIN) wishes to inform students that the allocation of university-owned hostel accommodation for the 2025/2026 academic session has commence","No programme was denied approval. This result followed the NUC accreditation exercise held in October and November … UNILORIN Relaxes Penalty for Late Certificate Collection Last Modified on April 27th, 2025 University of Ilorin management has relaxed the penalty for graduates who have not collected their certificates. A memo dated 24 April 2025 was sent to all graduates. The Registrar, Mr Mansur Alfanla, FCIML, shared this decision. The change began on 22 April 2025 and will end on 2 June",,for 36 out of the 37 academic programmes it submitte,The only course given interim accreditation was Haus,,,REJECTED,"optionB, answer"
https://myschoolgist.com/keyword/www-unilorin-edu-ng/,Unknown,,,,,,,,REJECTED,"question, optionA, optionB, optionC, optionD, answer"
https://myschoolgist.com/keyword/www-unilorin-edu-ng/,Unknown,,,,,,,,REJECTED,"question, optionA, optionB, optionC, optionD, answer"
https://myschoolgist.com/keyword/www-unilorin-edu-ng/,Unknown,,,,,,,,REJECTED,"question, optionA, optionB, optionC, optionD, answer"
https://myschoolgist.com/keyword/www-unilorin-edu-ng/,Unknown,,,,,,,,REJECTED,"question, optionA, optionB, optionC, optionD, answer"
https://myschoolgist.com/keyword/www-unilorin-edu-ng/,Unknown,,,,,,,,REJECTED,"question, optionA, optionB, optionC, optionD, answer"
https://myschoolgist.com/keyword/www-fuhso-edu-ng/,Unknown,,,,,,,,REJECTED,"question, optionA, optionB, optionC, optionD, answer"
https://myschoolgist.com/keyword/www-fuhso-edu-ng/,Unknown,,,,,,,,REJECTED,"question, optionA, optionB, optionC, optionD, answer"
https://myschoolgist.com/keyword/www-fuhso-edu-ng/,Unknown,,,,,,,,REJECTED,"question, optionA, optionB, optionC, optionD, answer"
https://myschoolgist.com/keyword/www-fuhso-edu-ng/,Unknown,,,,,,,,REJECTED,"question, optionA, optionB, optionC, optionD, answer"
https://myschoolgist.com/keyword/www-fuhso-edu-ng/,Unknown,,,,,,,,REJECTED,"question, optionA, optionB, optionC, optionD, answer"
https://myschoolgist.com/news/fuhso-remedial-admission-form/,Unknown,August 2026 The stated closing date is 31 October 2026 .,,,,,,,REJECTED,"optionA, optionB, optionC, optionD, answer"
https://myschoolgist.com/news/fuhso-remedial-admission-form/,Unknown,"October 2026 Applicants who intend to join the programme should complete the online process within this application period. How to Apply for FUHSO Remedial Admission Applications are to be completed through the FUHSO Remedial application portal . Applicants can follow this sequence: Visit the FUHSO Remedial application portal. Enter the required personal and academic information. Complete the relevant online application details. Pay the ₦10,000 non-refundable application fee through the portal. Complete the application within the stated sales period. Further University information is available on the official FUHSO website . Applicants who require clarification can contact the University through: admissions@fuhso.edu.ng FUHSO Remedial Admission Troubleshooter Applicant's Situation Requirement to Check What Should Be Done Position 📚 Applicant has three relevant O'Level credits Credits should be from the listed science-related subjects Confirm that the available credits fit the stated subjects The basic O'Level condition may be met 🧪 Applicant wants a science course The intended course must be among the listed programmes Check the course list before applying The remedial route covers the stated programmes 🎯 Candidate wants automatic degree placement 50% per subject and 75% attendance are required Meet the academic and attendance conditions Other placement conditions will still apply 📝 FUHSO is not JAMB first choice FUHSO must be selected as first choice Ensure FUHSO is the first-choice university in JAMB/UTME First-choice status is required for placement 📊 Candidate completes remedial studies but misses course cut-off The University's course cut-off mark must be obtained Check the applicable cut-off for the chosen course Automatic placement condition is incomplete 💳 Applicant is ready to pay Application fee is ₦10,000 and non-refundable Use the official remedial portal for the application and payment Payment follows the stated application route 📅 Applicant has not submitted the form Sales close on 31 October 2026 Complete the application before the stated closing date Late submission falls outside the stated sales period MySchoolGist Verification Check: MySchoolGist checks admission information against official University channels where available. FUHSO remains the final authority on remedial admission, programme requirements, application dates and placement conditions. Alternative admission via JUPEB/IJMB programmes (SPONSORED) Enter 200-Level Directly! Gain University Admission via JUPEB/IJMB . Enjoy Low Fees! Call 08033006849 Now! Alternative admission via JUPEB/IJMB programmes (SPONSORED) Enter 200-Level Directly! Gain University Admission via JUPEB/IJMB . Enjoy Low Fees! Call 08033006849 Now! Search MySchoolGist ... Search Tagged: Federal University of Health Sciences Otukpo (FUHSO) Tagged: Share This Post: If this post helped you, share it with others! Use the buttons below to spread the word! Share This Post: WhatsApp X (Twitter) Facebook WhatsApp X (Twitter) Facebook Suggested Articles Federal University of Health Sciences, Otukpo (FUHSO) Post UTME/Direct Entry Form for 2026/2027 Undergraduate Admission Federal University of Health Sciences, Otukpo (FUHSO) Registration Procedure for 2025/2026 New & Returning Students Federal University of Health Sciences, Otukpo (FUHSO) Admission List for 2025/2026 Academic Session Federal University of Health Sciences, Otukpo (FUHSO) Resumption Date for 2025/2026 Academic Session Federal University Gusau (FUGUS) Pre-Degree Admission Form for 2026/2027 Academic Session Lagos State University (LASU) Pre-Degree Admission Form for 2026/2027 Academic Session Air Force Institute of Technology (AFIT) Remedial Admission Form for 2026/2027 Academic Session Lagos State University of Science and Technology (LASUSTECH) Pre-Degree Admission Form for 2026/2027 Academic Session Suggested Articles Articles Federal University of Health Sciences, Otukpo (FUHSO) Post UTME/Direct Entry Form for 2026/2027 Undergraduate Admission Federal University of Health Sciences, Otukpo (FUHSO) Registration Procedure for 2025/2026 New & Returning Students Federal University of Health Sciences, Otukpo (FUHSO) Admission List for 2025/2026 Academic Session Federal University of Health Sciences, Otukpo (FUHSO) Resumption Date for 2025/2026 Academic Session Federal University Gusau (FUGUS) Pre-Degree Admission Form for 2026/2027 Academic Session Lagos State University (LASU) Pre-Degree Admission Form for 2026/2027 Academic Session Air Force Institute of Technology (AFIT) Remedial Admission Form for 2026/2027 Academic Session Lagos State University of Science and Technology (LASUSTECH) Pre-Degree Admission Form for 2026/2027 Academic Session Previous story Federal University of Health Sciences, Azare (FUHSA) Intra-University and Inter-University Transfer Application Form 2026 Next story Ibrahim Badamasi Babangida University (IBBU) Post UTME / Direct Entry Screening Form for 2025/2026 Undergraduate Admission Previous story Federal University of Health Sciences, Azare (FUHSA) Intra-University and Inter-University Transfer Application Form 2026 Next story Ibrahim Badamasi Babangida University (IBBU) Post UTME / Direct Entry Screening Form for 2025/2026 Undergraduate Admission Meet The Author Olusegun Fapohunda is the founder and editor of MySchoolGist, with over a decade of experience in education publishing. He covers education updates, admission notices, examination news, scholarships, career opportunities and related public information. Connect with him on X (formerly Twitter) . Meet The Author Olusegun Fapohunda is the founder and editor of MySchoolGist, with over a decade of experience in education publishing. He covers education updates, admission notices, examination news, scholarships, career opportunities and related public information. Connect with him on X (formerly Twitter) . Home About Disclaimer Privacy Policy Quick Links Education Resources WAEC Past Questions NABTEB Past Questions JAMB Past Questions Post UTME Past Questions Universities Polytechnics Monotechnics Colleges of Education Top Universities Illegal Universities Courses JAMB WAEC NECO Jobs in Nigeria MySchoolGist Web Services is a registered publisher and marketing solutions provider in Nigeria. It publishes Myschoolgist.com, a leading digital publication that covers the latest educational trends, career opportunities and current news. Copyright © 2012 - 2026 MySchoolGist Home About Disclaimer Privacy Policy Quick Links Education Resources WAEC Past Questions NABTEB Past Questions JAMB Past Questions Post UTME Past Questions Universities Polytechnics Monotechnics Colleges of Education Top Universities Illegal Universities Courses JAMB WAEC NECO Jobs in Nigeria Quick Links Education Resources WAEC Past Questions NABTEB Past Questions JAMB Past Questions Post UTME Past Questions Universities Polytechnics Monotechnics Colleges of Education Top Universities Illegal Universities Courses JAMB WAEC NECO Jobs in Nigeria MySchoolGist Web Services is a registered publisher and marketing solutions provider in Nigeria. It publishes Myschoolgist.com, a leading digital publication that covers the latest educational trends, career opportunities and current news. Copyright © 2012 - 2026 MySchoolGist",,,,,,,REJECTED,"optionA, optionB, optionC, optionD, answer"
https://myschoolgist.com/keyword/college-of-health-technology-lafia/,Unknown,,,,,,,,REJECTED,"question, optionA, optionB, optionC, optionD, answer"
https://myschoolgist.com/keyword/college-of-health-technology-lafia/,Unknown,,,,,,,,REJECTED,"question, optionA, optionB, optionC, optionD, answer"
https://myschoolgist.com/keyword/college-of-health-technology-lafia/,Unknown,,,,,,,,REJECTED,"question, optionA, optionB, optionC, optionD, answer"
https://myschoolgist.com/keyword/college-of-health-technology-lafia/,Unknown,,,,,,,,REJECTED,"question, optionA, optionB, optionC, optionD, answer"
https://myschoolgist.com/keyword/college-of-health-technology-lafia/,Unknown,,,,,,,,REJECTED,"question, optionA, optionB, optionC, optionD, answer"
https://myschoolgist.com/keyword/college-of-health-technology-lafia/,Unknown,,,,,,,,REJECTED,"question, optionA, optionB, optionC, optionD, answer"
https://myschoolgist.com/news/nysc-passing-out/,Unknown,"Batch B Stream II Corps Members The date will mark the end of the service year for the affected Corps Members, subject to completion of the required winding-up and clearance activities. Certificates of National Service will be distributed on the scheduled passing-out date at the Local Government level. NYSC Headquarters has also approved activities that will take place before the Passing-Out Parade, including job advisory and counselling programmes, employer release and final clearance. Prepare for JAMB, WAEC, NECO, BECE, NCEE and Post UTME Practise CBT Exams on Mobile or PC Prepare for Post UTME, WAEC, NECO, JAMB UTME, Junior WAEC (BECE) and Common Entrance (NCEE) with the MySchoolGist CBT App and Software. Use it on Android, iPhone or Windows to practise past questions anytime. Android App iPhone App Windows 10+ Windows 7 & 8 Need help choosing the right version? Chat with us on WhatsApp . Prepare for JAMB, WAEC, NECO, BECE, NCEE and Post UTME Practise CBT Exams on Mobile or PC Prepare for Post UTME, WAEC, NECO, JAMB UTME, Junior WAEC (BECE) and Common Entrance (NCEE) with the MySchoolGist CBT App and Software. Use it on Android, iPhone or Windows to practise past questions anytime. Post UTME, WAEC, NECO, JAMB UTME, Junior WAEC (BECE) Common Entrance (NCEE) Android App iPhone App Windows 10+ Windows 7 & 8 Need help choosing the right version? Chat with us on WhatsApp . Table of contents NYSC 2025 Batch B Stream II Passing-Out Date NYSC Winding-Up Activities NYSC Passing-Out Parade Arrangement Certificate of National Service Collection Employer Release and Final Clearance Job Advisory and Counselling Programme NYSC Passing-Out Troubleshooter NYSC 2025 Batch B Stream II Passing-Out Date The approved passing-out date is: Thursday, 3 September 2026 Thursday, 3 September 2026 The date applies to the affected 2025 Batch B Stream II Corps Members across the federation. Corps Members are expected to complete the required winding-up activities before the service year is formally closed. NYSC Winding-Up Activities Several activities will take place before the Passing-Out Parade. The approved winding-up programme includes: Job Advisory and Counselling programmes Employer release Final clearance These processes will come before the formal passing-out stage and certificate distribution. Corps Members should follow the programme approved for their passing-out activities and complete the required clearance process. NYSC Passing-Out Parade Arrangement The Passing-Out Parade will be conducted on a low-key basis across the federation . low-key basis across the federation NYSC has approved the same passing-out date for the affected Corps Members nationwide. The related winding-up activities will take place within the approved programme before the final passing-out process. Corps Members, employers and other NYSC stakeholders are expected to take note of the approved date. Certificate of National Service Collection Certificates of National Service will be distributed to eligible Corps Members on Thursday, 3 September 2026 . Thursday, 3 September 2026 Distribution will take place at the Local Government level . Local Government level Corps Members will receive their certificates after completing the required passing-out and clearance processes. The certificate marks the completion of the service year for Corps Members who have met the required conditions. Employer Release and Final Clearance Employer release forms part of the approved winding-up process. Final clearance is also required before the affected Corps Members complete the passing-out process and collect their Certificates of National Service. Corps Members should ensure that the applicable winding-up requirements have been completed before the scheduled passing-out date. Job Advisory and Counselling Programme Job Advisory and Counselling activities will form part of the programme before passing out. NYSC Headquarters has approved the programme alongside employer release and final clearance as part of the winding-up activities for the affected Corps Members. NYSC Passing-Out Troubleshooter Issue What it means What to do next Expected position 📅 Passing-out date unclear The approved date is 3 September 2026 Work with the approved NYSC date Passing out is scheduled for Thursday, 3 September 📋 Final clearance pending The winding-up process is incomplete Complete the required final clearance Corps Member can proceed with the passing-out process 🏢 Employer release pending Employer release is part of winding-up Complete the applicable employer release process The service-year closing requirements can proceed 🎓 Certificate collection unclear Certificates are distributed after the required processes Report for the scheduled Local Government-level distribution Eligible Corps Members can receive their certificates 👥 Parade arrangement unclear The parade will be low-key nationwide Follow the approved passing-out programme The Corps Member can attend the applicable passing-out activity MySchoolGist Verification Check The supplied heading refers to 2025 Batch B Stream II, while the body consistently identifies the affected Corps Members as 2025 Batch B Stream II and gives Thursday, 3 September 2026 as the passing-out date.",,,,,,,REJECTED,"optionA, optionB, optionC, optionD, answer"
https://myschoolgist.com/news/nysc-passing-out/,Unknown,"Batch B Stream II MySchoolGist checks NYSC information against available official sources. The National Youth Service Corps remains the final authority on passing-out dates and related service-year activities. Alternative admission via JUPEB/IJMB programmes (SPONSORED) Enter 200-Level Directly! Gain University Admission via JUPEB/IJMB . Enjoy Low Fees! Call 08033006849 Now! Alternative admission via JUPEB/IJMB programmes (SPONSORED) Enter 200-Level Directly! Gain University Admission via JUPEB/IJMB . Enjoy Low Fees! Call 08033006849 Now! Search MySchoolGist ... Search Tagged: National Youth Service Corps : NYSC Tagged: Share This Post: If this post helped you, share it with others! Use the buttons below to spread the word! Share This Post: WhatsApp X (Twitter) Facebook WhatsApp X (Twitter) Facebook Suggested Articles President Tinubu Explains Approved NYSC Reforms, Six-Week Orientation & Safer Deployment Plan National Youth Service Corps (NYSC) Reforms: 11 Specialised Streams, Six-Week Camp Structure And New Service Changes FEC approves National Youth Service Corps (NYSC) reform, civilian leadership and 11 core streams National Youth Service Corps (NYSC) Niger State Orientation Course 2026 Date, Venue and Registration Details National Youth Service Corps (NYSC) Requires One-Year Industrial Training Evidence From HND Graduates National Youth Service Corps (NYSC) Physical Verification Exercise for 2026 Batch 'B' Stream II Foreign-Trained Nigerian Prospective Corps Members NYSC Call-Up Letter 2026 Batch 'B' Stream I Printing Steps and Camp Requirements NYSC Physical Verification of Credentials & Travel Documents of Foreign-Trained Graduates Suggested Articles Articles President Tinubu Explains Approved NYSC Reforms, Six-Week Orientation & Safer Deployment Plan National Youth Service Corps (NYSC) Reforms: 11 Specialised Streams, Six-Week Camp Structure And New Service Changes FEC approves National Youth Service Corps (NYSC) reform, civilian leadership and 11 core streams National Youth Service Corps (NYSC) Niger State Orientation Course 2026 Date, Venue and Registration Details National Youth Service Corps (NYSC) Requires One-Year Industrial Training Evidence From HND Graduates National Youth Service Corps (NYSC) Physical Verification Exercise for 2026 Batch 'B' Stream II Foreign-Trained Nigerian Prospective Corps Members NYSC Call-Up Letter 2026 Batch 'B' Stream I Printing Steps and Camp Requirements NYSC Physical Verification of Credentials & Travel Documents of Foreign-Trained Graduates Previous story Usmanu Danfodiyo University, Sokoto (UDUSOK) 2026/2027 Admission Process Has Started: Upload O'Level Result on JAMB CAPS Next story Federal Polytechnic, Ukana HND Admission Form for 2026/2027 Academic Session Previous story Usmanu Danfodiyo University, Sokoto (UDUSOK) 2026/2027 Admission Process Has Started: Upload O'Level Result on JAMB CAPS Next story Federal Polytechnic, Ukana HND Admission Form for 2026/2027 Academic Session Meet The Author Olusegun Fapohunda is the founder and editor of MySchoolGist, with over a decade of experience in education publishing. He covers education updates, admission notices, examination news, scholarships, career opportunities and related public information. Connect with him on X (formerly Twitter) . Meet The Author Olusegun Fapohunda is the founder and editor of MySchoolGist, with over a decade of experience in education publishing. He covers education updates, admission notices, examination news, scholarships, career opportunities and related public information. Connect with him on X (formerly Twitter) . Home About Disclaimer Privacy Policy Quick Links Education Resources WAEC Past Questions NABTEB Past Questions JAMB Past Questions Post UTME Past Questions Universities Polytechnics Monotechnics Colleges of Education Top Universities Illegal Universities Courses JAMB WAEC NECO Jobs in Nigeria MySchoolGist Web Services is a registered publisher and marketing solutions provider in Nigeria. It publishes Myschoolgist.com, a leading digital publication that covers the latest educational trends, career opportunities and current news. Copyright © 2012 - 2026 MySchoolGist Home About Disclaimer Privacy Policy Quick Links Education Resources WAEC Past Questions NABTEB Past Questions JAMB Past Questions Post UTME Past Questions Universities Polytechnics Monotechnics Colleges of Education Top Universities Illegal Universities Courses JAMB WAEC NECO Jobs in Nigeria Quick Links Education Resources WAEC Past Questions NABTEB Past Questions JAMB Past Questions Post UTME Past Questions Universities Polytechnics Monotechnics Colleges of Education Top Universities Illegal Universities Courses JAMB WAEC NECO Jobs in Nigeria MySchoolGist Web Services is a registered publisher and marketing solutions provider in Nigeria. It publishes Myschoolgist.com, a leading digital publication that covers the latest educational trends, career opportunities and current news. Copyright © 2012 - 2026 MySchoolGist",,,,,,,REJECTED,"optionA, optionB, optionC, optionD, answer"
https://myschoolgist.com/keyword/futia-edu-ng/,Unknown,"Fake Vacancy Advert and Safe Verification Steps Last Modified on June 3rd, 2026 The management of the Federal University of Technology, Ikot Abasi (FUTI","stands as a glowing beacon of academic prowess in Nigeria, offering remarkable opportunities to aspiring scholars. Established by the federal government, FUTIA's existence stems from a profound vision for technological advancement and scientific exploration within the country. With accreditation and recognition by … Search the MySchoolGist site Search Recent Posts Lagos State University (LASU) Admission List for 2026/2027 Academic Session | Merit & Supplementary [UPDATED] Ignatius Ajuru University Of Education (IAUE) Admission List for 2026/2027 Academic Session | 1st Batch Ignatius Ajuru University Of Education (IAUE) Acceptance Fee, Clearance & Registration Procedures for 2026/2027 Newly Admitted Candidates Federal Polytechnic, Ukana Post UTME Form for 2026/2027 ND Admission Federal Polytechnic, Ukana HND Admission Form for 2026/2027 Academic Session Scholarships & Opportunities KPMG Seyi Bickersteth Scholarship Programme",,,,,,REJECTED,"optionB, optionC, optionD, answer"
https://myschoolgist.com/keyword/futia-edu-ng/,Unknown,,,,,,,,REJECTED,"question, optionA, optionB, optionC, optionD, answer"
https://myschoolgist.com/keyword/futia-edu-ng/,Unknown,,,,,,,,REJECTED,"question, optionA, optionB, optionC, optionD, answer"
https://myschoolgist.com/keyword/futia-edu-ng/,Unknown,,,,,,,,REJECTED,"question, optionA, optionB, optionC, optionD, answer"
https://myschoolgist.com/keyword/futia-edu-ng/,Unknown,,,,,,,,REJECTED,"question, optionA, optionB, optionC, optionD, answer"
https://myschoolgist.com/section/nigeria-edu/admission-list/utme-list/,Unknown,"How to Check and Accept January 28th, 2026 Kano State Polytechnic ND Admission List 2025/2026 (1st Batch): How to Check and Accept January 18th, 2026 Federal College of Education (Technical), Keana NCE Admission List 2025/2026 (1st Batch): How to Check, Accept, Fee, Date January 11th, 2026 Federal College of Horticulture, Dadin-Kowa (FCHDK) First Batch Admission List for 2025/2026 Academic Session January 8th, 2026 Federal University of Education, Zaria (FUEZ) Announces First Supplementary Admission List for 2025/2026 Session December 25th, 2025 Abdulkadir Kure University, Minna (AKUM) Admission List for 2025/2026 Academic Session December 6th, 2025 University of Maiduguri (UNIMAI","Biu UNIMAID Degree First Batch Admission List 2025/2026 (UTME & Direct Entry) November 18th, 2025 Ignatius Ajuru University of Education (IAUE) 4th Batch (Last) Admission List for 2025/2026 Academic Session November 18th, 2025 Kariyoma College of Nursing Sciences 2nd Batch Admission List for 2025/2026 Academic Session November 18th, 2025 Akwa Ibom State Polytechnic Second Supplementary Admission List for 2025/2026 Academic Session November 18th, 2025 Adventist College of Nursing Sciences Admission List for 2025/2026 ND/HND Nursing Programme November 18th, 2025 University of Nigeria, Nsukka (UNN) Supplementary Admission List III for 2025/2026 Academic Session November 16th, 2025 Grimard Catholic College of Nursing Sciences Admission List for 2025/2026 Academic Session November 16th, 2025 Federal Polytechnic Orogun Admission List for 2025/2026 Academic Session November 14th, 2025 University of Nigeria, Nsukka (UNN) Supplementary Admission List II for 2025/2026 Academic Session November 13th, 2025 Aminu Dabo College of Nursing Sciences (A","2nd Batch Admission List for HND, Pre-HND and ND 2025/2026 November 4th, 2025 Osun State University (UNIOSUN) Final Admission List for 2025/2026 Academic Session November 4th, 2025 Aminu Dabo College of Health Sciences and Technology (A",,"COHST) Admission List for 2025/2026 Academic Session November 3rd, 2025 Federal University of Kashere (FUKASHERE) Releases Second Batch Admission List for 2025/2026 Academic Session October 31st, 2025 Federal Polytechnic of Oil and Gas (FPOG), Bonny Admission List for 2025/2026 ND Programmes October 30th, 2025 Taraba State University (TASU) Second Batch Admission List for 2025/2026 Academic Session October 30th, 2025 Nasarawa State College of Health Science and Technology (NASCOHST) Supplementary Admission List 2025/2026 Load More Posts Search the MySchoolGist site Search Scholarships & Opportunities KPMG Seyi Bickersteth Scholarship Programme",,,REJECTED,"optionC, answer"
https://myschoolgist.com/section/nigeria-edu/admission-list/utme-list/,Unknown,,,,,,,,REJECTED,"question, optionA, optionB, optionC, optionD, answer"
https://myschoolgist.com/section/nigeria-edu/admission-list/utme-list/,Unknown,,,,,,,,REJECTED,"question, optionA, optionB, optionC, optionD, answer"
https://myschoolgist.com/section/nigeria-edu/admission-list/utme-list/,Unknown,,,,,,,,REJECTED,"question, optionA, optionB, optionC, optionD, answer"
https://myschoolgist.com/section/nigeria-edu/admission-list/utme-list/,Unknown,,,,,,,,REJECTED,"question, optionA, optionB, optionC, optionD, answer"
https://myschoolgist.com/news/fuhsa-transfer/,Unknown,,,,,,,,REJECTED,"question, optionA, optionB, optionC, optionD, answer"
https://myschoolgist.com/news/fuhsa-transfer/,Unknown,"Course Change & Inter-University Guidelines By Olusegun Fapohunda August 15, 2026 Time to Rea","Transfer is subject to available vacancies. Approved non-refundable fees range from ₦50,000 to ₦3,000,",,,"Eligibility is based on CGPA, vacancies and required academic clearance. MBBS and BDS applicants need at least 4.01 CGP",,,REJECTED,"optionB, optionC, answer"
https://myschoolgist.com/news/fuhsa-transfer/,Unknown,"Read on for the fees, eligibility rules, documents and application process. The Federal University of Health Sciences, Azare (FUHS",university change of course or an inter-university transfer in,,,,,,REJECTED,"optionB, optionC, optionD, answer"
https://myschoolgist.com/news/fuhsa-transfer/,Unknown,,,,,,,,REJECTED,"question, optionA, optionB, optionC, optionD, answer"
https://myschoolgist.com/news/fuhsa-transfer/,Unknown,"Applicants will be assessed based on their academic records, the programme they want to enter and the availability of vacancies. Prepare for JAMB, WAEC, NECO, BECE, NCEE and Post UTME Practise CBT Exams on Mobile or PC Prepare for Post UTME, WAEC, NECO, JAMB UTME, Junior WAEC (BECE) and Common Entrance (NCEE) with the MySchoolGist CBT App and Software. Use it on Android, iPhone or Windows to practise past questions anytime. Android App iPhone App Windows 10+ Windows 7 & 8 Need help choosing the right version? Chat with us on WhatsApp . FUHSA Intr","The requirements and applicable fees differ according to the type of application. FUHSA Transfer Eligibility Requirements Applicants must possess at least five O'Level credit passes, including Mathematics and English. Transfer approval will also depend on available vacancies in the receiving programme. Applicants are required to provide their academic transcripts and obtain the necessary departmental, faculty and university clearance or release. Acceptance must also be obtained from the receiving department and other relevant authorities. Academic performance requirements vary by programme. MBBS and BDS Transfer Requirement Candidates seeking transfer into MBBS or BDS must have a minimum CGPA of 4.",,,,,,REJECTED,"optionB, optionC, optionD, answer"
https://myschoolgist.com/news/fuhsa-transfer/,Unknown,,,,,,,,REJECTED,"question, optionA, optionB, optionC, optionD, answer"
https://myschoolgist.com/news/fuhsa-transfer/,Unknown,"Meeting the CGPA requirement does not by itself guarantee transfer, since approval remains subject to vacancies and the other stated requirements. FUHSA Transfer Fees for 2026 FUHSA has approved the following non-refundable fees: Change of course form: ₦50,000 Acceptance fee for change of course within FUHS","university change of course and inter-university transfer. Applications are to be completed through the FUHSA application portal . MBBS and BDS require a minimum CGPA of 4.01, while Nursing Sciences and other programmes require at least 3.","An indemnity form must also be completed as part of the process. Applicants should ensure that these requirements are addressed alongside the University's internal transfer procedures. Prerequisite Courses May Be Required A receiving department may require an applicant to take prerequisite courses where applicable. This means a successful transfer may carry further academic requirements set by the department receiving the student. Applicants should therefore check the conditions attached to the programme for which transfer is being sought. A Student Can Transfer Only Once FUHSA has stated that a candidate cannot be transferred more than once. Students considering a change of course or transfer should therefore check the programme requirements, academic threshold and applicable fees carefully before completing the process. FUHSA Transfer Application Troubleshooter Applicant's Situation Requirement to Check What Should Be Done Likely Position 🩺 Applying for MBBS or BDS Minimum CGPA is 4.01 Confirm the CGPA before applying Application can proceed if other conditions are met 👩🏽‍⚕️ Applying for Nursing Sciences Minimum CGPA is 3.50 Check the academic record and available vacancy Both academic and vacancy conditions apply 🔄 Changing course within FUHSA ₦50,000 form and ₦250,000 acceptance fee apply Use the correct application category Payment should match the stated internal transfer route 🏫 Transferring from a public university Approved fee is ₦500,000 Prepare transcript, clearance and receiving department acceptance Transfer remains subject to vacancy 💳 Transferring from a private university Approved fee is ₦2,500,000 Confirm eligibility before making the non-refundable payment Other transfer conditions still apply 🌍 Transferring from a foreign university Approved fee is ₦3,000,000 Complete the required documentation and approvals JAMB regularisation will also be required 📚 Required CGPA is met Vacancy and approvals are still required Check the receiving programme and clearance status CGPA alone does not complete the transfer 🔁 Candidate has transferred before A candidate cannot be transferred more than once Check previous transfer history Another transfer is outside the stated rule MySchoolGist Verification Check: FUHSA has provided the 2026 requirements and approved non-refundable fees for intr",,These conditions apply alongside the required CGPA and vacancy requirement. JAMB Regularisation and Indemnity Form Candidates whose transfers are approved must regularise the transfer with JAM,,,REJECTED,"optionC, answer"
https://myschoolgist.com/news/fuhsa-transfer/,Unknown,"MySchoolGist checks this information against official university information and the stated application channel. FUHSA remains the final authority on vacancies, transfer approval, academic requirements and applicable fees. Alternative admission via JUPEB/IJMB programmes (SPONSORE","O'Level Result Upload for 2026/2027 Admission Candidates Federal University of Health Sciences, Otukpo (FUHSO) Remedial Admission Form for 2026/2027 Academic Session Meet The Author Olusegun Fapohunda is the founder and editor of MySchoolGist, with over a decade of experience in education publishing. He covers education updates, admission notices, examination news, scholarships, career opportunities and related public information. Connect with him on X (formerly Twitter) .",Enjoy Low Fees! Call 08033006849 Now! Search MySchoolGist ... Search Tagge,,"Upload O'Level Result on JAMB CAPS Federal University of Technology, Ikot Abasi (FUTI",,,REJECTED,"optionC, answer"
https://myschoolgist.com/keyword/www-aauekpoma-edu-ng/,Unknown,"₦48,000 Payment for Graduating Students Last Modified on August 15th, 2026 Ambrose Alli University (AAU), Ekpoma Senate has reaffirmed its decision on the preparation of certificates for graduating students, with the directive taking effect from the 2025/2026 academic session. Senate reaffirmed the decision at its 334th Regular Meeting held on Wednesday, 29 July 2026, following its earlier decision at the 330th … Ambrose Alli University (AAU) New ePortal Login: Access Results, Receipts and Course Registration Last Modified on July 19th, 2026 Ambrose Alli University, Ekpoma, has announced that its new ePortal is available for student access. All students will be required to visit the Ambrose Alli University ePortal and sign in with their matriculation number. The same matriculation number will be entered as both the username and passwor",,,,"Students are advised … Ambrose Alli University (AAU) Post UTME/Direct Entry Screening Form for 2026/2027 Undergraduate Admission [UPDATED] Last Modified on June 28th, 2026 Ambrose Alli University, Ekpoma, has opened the sale of its Post UTME and Direct Entry screening form for the 2026/2027 undergraduate admission exercise. The application runs from Monday, 29 June to Friday, 31 July",,,REJECTED,"optionA, optionB, optionC, answer"
https://myschoolgist.com/keyword/www-aauekpoma-edu-ng/,Unknown,"What Is the AAU Post UTME/Direct Entry Form About? The AAU Post UTME/Direct Entry form … AAU Ekpoma Cut Off Mark for 2026/2027 Admission Exercise Last Modified on May 29th, 2026 The Ambrose Alli University (AAU) cut-off marks for the 2026/2027 academic session have been release",,,,Understanding these cut-off marks is essential for your admission journey at AAU. These marks determine your eligibility for specific courses and are key to starting your academic path at AAU. AAU Cut-Off Marks for Admission … Ambrose Alli University (AAU) IJMBE Admission Form 2026/,,,REJECTED,"optionA, optionB, optionC, answer"
https://myschoolgist.com/keyword/www-aauekpoma-edu-ng/,Unknown,"Requirements, Fee, Duration and How to Apply Last Modified on March 29th, 2026 Ambrose Alli University, Ekpoma, has invited applications from qualified candidates for admission into its Interim Joint Matriculation Board Examination, IJMBE, programme for the 2026/2027 session. IJMBE is a national examination body approved by the Federal Government of Nigeria and certified by the NUC as an Advanced Level examination for admission … Ambrose Alli University (AAU) 2025/2026 Matriculation Postpone",,,,"New Date, Time and Venue in Ekpoma Ambrose Alli University (AAU), Ekpoma, Edo State has postponed the 2025/2026 Matriculation Ceremony earlier fixed for Wednesday, 25 February",,,REJECTED,"optionA, optionB, optionC, answer"
https://myschoolgist.com/keyword/www-aauekpoma-edu-ng/,Unknown,,,,,,,,REJECTED,"question, optionA, optionB, optionC, optionD, answer"
https://myschoolgist.com/keyword/www-aauekpoma-edu-ng/,Unknown,"Resumption, Matriculation, Exams and Senate Dates Last Modified on February 6th, 2026 The Ambrose Alli University (AAU) Vice-Chancellor, Prof. Mrs Eunice E. Omonzejie, has announced Senate approval of the adjusted academic calendar for the 2025/2026 academic session. The schedule covers resumption, registration, lectures, examinations and the final Senate meetings that close the session; dates are now Fixe",,,,"AAU Adjusted Academic Calendar Sunday, … Ambrose Alli University (AAU) Resumption Date for 2025/2026 Session: New Students 8 Feb, Old Students 12 Feb 2026 Last Modified on January 31st, 2026 The Senate of Ambrose Alli University (AAU) has approved resumption dates for the 2025/2026 academic session. The decision came from the 331st regular Senate meeting held on Wednesday 28th January, 2026; the dates cover new students and returning students. Students should take note; AAU expects full compliance. Senate Meeting That … Ambrose Alli University (AAU) Ekpoma Postpones Students' Resumption and Academic Activities Last Modified on January 12th, 2026 Ambrose Alli University (AAU) Ekpoma Postpones Students' Resumption and Academic Activities: Press Release Dated 9 Jan 2026, Hostel Vacate Directive and 140th Inaugural Lecture Postponed The Management of Ambrose Alli University (AAU), Ekpoma, Edo State, announced the postponement of students' resumption and the commencement of academic activities. The announcement was … Ambrose Alli University (AAU) Transcript Policy Changes From January",,,REJECTED,"optionA, optionB, optionC, answer"
https://myschoolgist.com/keyword/www-aauekpoma-edu-ng/,Unknown,"Scores and Grades Now Show on Student Copies Last Modified on January 2nd, 2026 The Vice-Chancellor of Ambrose Alli University (AAU), Ekpoma, Professor Eunice O. Omonzejie, has approved a fresh policy on how students' academic transcripts will be issue",,,,The update takes effect from January,,,REJECTED,"optionA, optionB, optionC, answer"
https://myschoolgist.com/keyword/www-aauekpoma-edu-ng/,Unknown,The approval was given on behalf of the University Senate. It brings changes meant to make AAU academic … Ambrose Alli University (AAU) Secon,,,,"semester examinations. At the same time, the Vice Chancellor, Professor Mrs Eunice Ebohserhiemen Omozoje, on behalf of the Governing Council, Senate, staff and students, has restated the long-standing rules on conduct before, during and … Ambrose Alli University (AAU) Admission Process Completion Notice for 2025/2026 Session Last Modified on October 23rd, 2025 The management of Ambrose Alli University (AAU), Ekpoma, Edo State, has issued an important notice to all candidates admitted for the 2025/2026 academic session. All admitted students are required to complete their admission process on or before Sunday, 26 October",,,REJECTED,"optionA, optionB, optionC, answer"
https://myschoolgist.com/keyword/www-aauekpoma-edu-ng/,Unknown,"This directive affects both UTME and Direct Entry (DE) … Ambrose Alli University (AAU) Admission List for 2025/2016 Academic Session Last Modified on September 23rd, 2025 The wait is finally over for many hopeful students. Ambrose Alli University, Ekpoma, Edo State, has made public its admission list for the 2025/2026 academic session. This list confirms those offered places across the various degree programmes. For families and candidates, the news marks either a sigh … Ambrose Alli University (AAU) Ekpoma Post UTME / Direct Entry Screening Result for 2025/2026 Academic Session Last Modified on September 12th, 2025 Official release of results Ambrose Alli University, Ekpoma has announced that the Post UTME and Direct Entry screening results for the 2025/2026 academic session are now online. This news comes as a relief to many who have waited since the exams close",,,,"The management has confirmed that all results have … Ambrose Alli University (AAU) Academic Calendar for 2nd Semester 2024/2025 Academic Session Last Modified on September 1st, 2025 The second semester at Ambrose Alli University has been mapped out and the dates are now official. Students who have been waiting for clarity can finally mark their calendars. It is a clear path from resumption to the very last exam, with a few important stops in between. Key dates … AAU Ekpoma Matriculation Ceremony Schedule 2025 Last Modified on May 19th, 2025 This is to inform all the students admitted into the Ambrose Alli University (AAU), Ekpoma, during the 2024/2025 academic session that the management of the institution has announced the date for their matriculation ceremony. AAU Matriculation Ceremony Date The matriculation ceremony is set for Wednesday, 21st May,",,,REJECTED,"optionA, optionB, optionC, answer"
https://myschoolgist.com/keyword/www-aauekpoma-edu-ng/,Unknown,,,,,,,,REJECTED,"question, optionA, optionB, optionC, optionD, answer"
https://myschoolgist.com/keyword/www-aauekpoma-edu-ng/,Unknown,"Who Should Attend This announcement is directed to: Fresh students Parents and guardians … ASUU — AAU Indigent Students Scholarship Award 2024/2025 Last Modified on January 10th, 2025 The Academic Staff Union of Universities (ASUU) at Ambrose Alli University (AAU), Ekpoma, has announced the 2024/2025 scholarship scheme for indigent students. This initiative seeks to assist students with strong academic performance who face financial challenges. Guidelines for Application Submit applications in person to the ASUU-AAU Secretariat. The Secretariat is … Ambrose Alli University (AAU) Computer Based Exam (CBE) Schedule Last Modified on December 5th, 2024 Ambrose Alli University (AAU), Ekpoma, has released the Computer Based Examination (CBE) schedule for the 2nd semester of the 2023/2024 academic session. The examinations are set to begin on Monday, 16 December 2024, in line with the approved academic calendar. Examination Requirements for Participation Students must meet specific conditions to … Ambrose Alli University (AAU) Ekpoma Fresh Students Registration & Clearance Procedure Last Modified on November 12th, 2024 The Ambrose Alli University (AAU), Ekpoma, has outlined the registration and clearance steps for newly admitted students for the 2024/2025 academic session. These steps guide all successful candidates through admission confirmation, fee payment and clearance processes. Check Admission Status Visit the AAU admission portal. Click on ""Check Admission"" and enter … Shaka Polytechnic Degree Post UTME Form Last Modified on September 14th, 2024 Shaka Polytechnic in affiliation with Ambrose Alli University (AAU), Ekpoma, has released the Post UTME form for the 2024/2025 academic session. This is for those seeking admission into the Degree programmes. If you're aiming for a","has been scheduled to take place from Monday, 11th September to Saturday, 16th September","Ed degree, you need to read this carefully. Available Courses at Shaka … AAU EKpoma Course Registration Deadline Last Modified on May 27th, 2024 The Ambrose Alli University (AAU) course registration deadline for the 2024 academic session has been extende",", Nigeri","How to Apply for AAU … List Of Courses Offered by AAU (Ambrose Alli University, Ekpom",,,REJECTED,answer
https://myschoolgist.com/keyword/www-aauekpoma-edu-ng/,Unknown,,,,,,,,REJECTED,"question, optionA, optionB, optionC, optionD, answer"
https://myschoolgist.com/keyword/www-aauekpoma-edu-ng/,Unknown,,,,,,,,REJECTED,"question, optionA, optionB, optionC, optionD, answer"
https://myschoolgist.com/keyword/www-aauekpoma-edu-ng/,Unknown,,,,,,,,REJECTED,"question, optionA, optionB, optionC, optionD, answer"
https://myschoolgist.com/keyword/www-aauekpoma-edu-ng/,Unknown,,,,,,,,REJECTED,"question, optionA, optionB, optionC, optionD, answer"
https://myschoolgist.com/keyword/www-aauekpoma-edu-ng/,Unknown,,,,,,,,REJECTED,"question, optionA, optionB, optionC, optionD, answer"
https://myschoolgist.com/page/2/,Unknown,"How to Check, Accept or Reject Your Admission AUG 12, 2026 ‖ Chukwuemeka Odumegwu Ojukwu University : COOU Chukwuemeka Odumegwu Ojukwu University (COOU) Postgraduate Admission Form for 2026/2027 Academic Session AUG 12, 2026 ‖ Kano State Polytechnic Kano State Polytechnic (KANOPOLY) Part-Time Programmes Admission Form for 2026/2027 Academic Session AUG 12, 2026 ‖ Kano State Polytechnic Kano State Polytechnic (KANOPOLY) HND Admission Form for 2026/2027 Academic Session Aug 12, 2026 ‖ Jobs in Nigeria Akwa Ibom State University (AKSU) Academic Staff Vacancies: Requirements, Salaries and Application AUG 12, 2026 ‖ Kano State Polytechnic Kano State Polytechnic (KANOPOLY) Post UTME Form for 2026/2027 ND Admission AUG 12, 2026 ‖ Lagos State University : LASU LASU Central Admissions Clearance (LACAC","Post UTME/Direct Entry Form for 2026/2027 Undergraduate Admission AUG 12, 2026 ‖ Greenland University Greenland University Post UTME Form for 2026/2027 Undergraduate Admission AUG 12, 2026 ‖ Federal University of Applied Sciences Kachia (FUASK) Federal University of Applied Sciences, Kachia (FUASK) Post UTME/Direct Entry Form for 2026/2027 Undergraduate Admission Exercise AUG 12, 2026 ‖ Federal University of Medical and Health Sciences Funtua (FUMHSF) Federal University of Medical and Health Sciences, Funtua (FUMHSF) Cut-Off Marks for 2026/2027 Admission Exercise AUG 12, 2026 ‖ University of Calabar Teaching Hospital : UCTH University of Calabar Teaching Hospital (UCTH) College of Nursing Sciences Aptitude Test for 2026/2027 Admission Applicants AUG 12, 2026 ‖ National Orthopaedic Hospital Lagos National Orthopaedic Hospital, Igbobi, Lagos (NOHIL) Admission Form for 2026/2027 Academic Session | ND, HND and","Tech Programmes Aug 12, 2026 ‖ Scholarships, Contests & Opportunities KPMG Seyi Bickersteth Scholarship Programme",,,,,REJECTED,"optionC, optionD, answer"
https://myschoolgist.com/page/2/,Unknown,,,,,,,,REJECTED,"question, optionA, optionB, optionC, optionD, answer"
https://myschoolgist.com/page/2/,Unknown,,,,,,,,REJECTED,"question, optionA, optionB, optionC, optionD, answer"
https://myschoolgist.com/page/2/,Unknown,,,,,,,,REJECTED,"question, optionA, optionB, optionC, optionD, answer"
https://myschoolgist.com/page/2/,Unknown,,,,,,,,REJECTED,"question, optionA, optionB, optionC, optionD, answer"
https://myschoolgist.com/page/2/,Unknown,,,,,,,,REJECTED,"question, optionA, optionB, optionC, optionD, answer"
https://myschoolgist.com/page/2/,Unknown,,,,,,,,REJECTED,"question, optionA, optionB, optionC, optionD, answer"
https://myschoolgist.com/page/2/,Unknown,,,,,,,,REJECTED,"question, optionA, optionB, optionC, optionD, answer"
https://myschoolgist.com/page/2/,Unknown,,,,,,,,REJECTED,"question, optionA, optionB, optionC, optionD, answer"
https://myschoolgist.com/keyword/www-oouagoiwoye-edu-ng/,Unknown,,,,,,,,REJECTED,"question, optionA, optionB, optionC, optionD, answer"
https://myschoolgist.com/keyword/www-oouagoiwoye-edu-ng/,Unknown,,,,,,,,REJECTED,"question, optionA, optionB, optionC, optionD, answer"
https://myschoolgist.com/keyword/www-oouagoiwoye-edu-ng/,Unknown,,,,,,,,REJECTED,"question, optionA, optionB, optionC, optionD, answer"
https://myschoolgist.com/keyword/www-oouagoiwoye-edu-ng/,Unknown,,,,,,,,REJECTED,"question, optionA, optionB, optionC, optionD, answer"
https://myschoolgist.com/keyword/www-oouagoiwoye-edu-ng/,Unknown,,,,,,,,REJECTED,"question, optionA, optionB, optionC, optionD, answer"
https://myschoolgist.com/keyword/www-oouagoiwoye-edu-ng/,Unknown,"A statement from the Registrar, Dr Bayo Orukotan, dated 28 November 2025, confirmed that the programme has been put … Olabisi Onabanjo University(OOU) 2025/2026 Admission Closure, Payment Deadline And Matriculation Guide For New Students Last Modified on November 25th, 2025 OOU, Olabisi Onabanjo University in Ago-Iwoye, Ogun State, Nigeria, has given clear dates for the closure of the 2025/2026 admission exercise. This guide restates the notice in simple terms so that students can see what to do, when to do it and what happens if any step is misse",,,"… Olabisi Onabanjo University (OOU) Postgraduate Admission Form Last Modified on August 12th, 2024 The Olabisi Onabanjo University (OOU) Postgraduate Admission Form is now available for the 2024/2025 academic session. This presents a valuable opportunity for eligible candidates to enhance their education and broaden their knowledge across various fields. This guide provides detailed information on the requirements and procedures for obtaining the OOU postgraduate … Olabisi Onabanjo University (OOU) Postgraduate Courses Last Modified on August 10th, 2024 OOU Postgraduate courses – The Olabisi Onabanjo University (OOU) Postgraduate School (PGS) Postgraduate Diploma, Masters and Doctor of Philosophy degrees accredited courses. The management of the Olabisi Onabanjo University (OOU), Ago Iwoye has advertised the following postgraduate programmes for the 2024/2025 academic session admission exercise. Recommende","The Senate made these changes at its 441st (Special) Meeting held on Thursday, 13th June",,,REJECTED,"optionA, optionB, answer"
https://myschoolgist.com/keyword/www-oouagoiwoye-edu-ng/,Unknown,"Information Details Lectures Start 19th June 2024 Lectures End 12th July 2024 Revision Week 15th July – 19th … Olabisi Onabanjo University (OOU) Registration Deadline for Freshers Last Modified on March 3rd, 2024 The Olabisi Onabanjo University (OOU) registration deadline for candidates admitted during the 2023/2024 academic session has been officially announce",,,,"This crucial update serves as a vital notice to all individuals who have been offered admission into various programmes at OOU for the forthcoming academic year. Understanding and adhering to this … OOU Freshers' Orientation Programme Last Modified on February 22nd, 2024 As someone who keenly observes and writes about the lively life within our educational institutions, I'm thrilled to share an insightful preview into the upcoming Orientation Programme for the 2023/2024 academic session at Olabisi Onabanjo University (OOU), Ago-Iwoye. This event is a cornerstone for new students, marking the beginning of … OOU Announces Commencement of Physical Lectures Last Modified on January 15th, 2024 Olabisi Onabanjo University (OOU) has made a significant announcement regarding the delivery of lectures for the ongoing academic session of 2023/",,,REJECTED,"optionA, optionB, optionC, answer"
https://myschoolgist.com/keyword/www-oouagoiwoye-edu-ng/,Unknown,"Following the Senate's 432nd Meeting on Thursday, 11th January 2024, a pivotal decision was made to shift from the current mode of lecture delivery to physical, in-person lectures. Transition … List Of Courses Offered by OOU (Olabisi Onabanjo University, Ago Iwoye) Last Modified on January 1st, 2024 OOU Courses – List of undergraduate courses/programmes offered at the Olabisi Onabanjo University, Ago Iwoye (OOU). The Olabisi Onabanjo University, Ago Iwoye (OOU) is a state government-owned and operated Nigerian university. Olabisi Onabanjo University, Ago Iwoye has been officially accredited and/or recognized by the National Universities Commission (NU","Do … Olabisi Onabanjo University School Fees Payment Deadline Last Modified on July 20th, 2023 Olabisi Onabanjo University, Ago-Iwoye, a premier educational institution located in Nigeria, has issued an important announcement regarding the payment deadline for the 2022/2023 academic session's school fees. In an effort to accommodate returning students who may be experiencing difficulties, the Vice-Chancellor, on behalf of the Senate, has granted an extension. … Olabisi Onabanjo University Work Study Programme Last Modified on May 31st, 2023 In a bid to alleviate financial hardships on families and curb student dropout rates, the management of Olabisi Onabanjo University (OOU), Ago-Iwoye, has introduced the innovative Students Work Study Programme. This program is designed to provide students with the opportunity to work in the university while still attending classes. The … Olabisi Onabanjo University ID Card Data Capture Timetable Last Modified on May 12th, 2023 Olabisi Onabanjo University (OOU) has released the timetable for the capturing of the 2022/2023 fresh students' data in preparation for the production of their smart identity cards. This exercise is crucial for all newly admitted students as the ID cards serve as an official identification tool within the university premises. … Load More Posts Search the MySchoolGist site Search Recent Posts Lagos State University (LASU) Admission List for 2026/2027 Academic Session | Merit & Supplementary [UPDATED] Ignatius Ajuru University Of Education (IAUE) Admission List for 2026/2027 Academic Session | 1st Batch Ignatius Ajuru University Of Education (IAUE) Acceptance Fee, Clearance & Registration Procedures for 2026/2027 Newly Admitted Candidates Federal Polytechnic, Ukana Post UTME Form for 2026/2027 ND Admission Federal Polytechnic, Ukana HND Admission Form for 2026/2027 Academic Session Scholarships & Opportunities KPMG Seyi Bickersteth Scholarship Programme",,", Nigeri",,,,REJECTED,"optionB, optionD, answer"
https://myschoolgist.com/keyword/www-oouagoiwoye-edu-ng/,Unknown,,,,,,,,REJECTED,"question, optionA, optionB, optionC, optionD, answer"
https://myschoolgist.com/keyword/www-oouagoiwoye-edu-ng/,Unknown,,,,,,,,REJECTED,"question, optionA, optionB, optionC, optionD, answer"
https://myschoolgist.com/keyword/www-oouagoiwoye-edu-ng/,Unknown,,,,,,,,REJECTED,"question, optionA, optionB, optionC, optionD, answer"
https://myschoolgist.com/keyword/www-oouagoiwoye-edu-ng/,Unknown,,,,,,,,REJECTED,"question, optionA, optionB, optionC, optionD, answer"
https://myschoolgist.com/news/moaum-post-utme-deadline-189633/,Unknown,Unified Tertiary Matriculation Examination (UTME) It also covers Direct Entry candidates who selected MOAUM as their first choice. Direct Entry candidates Candidates outside these stated groups are not listed among those covered by the extension. What Candidates Should Do Before 31 August Eligible candidates with unfinished registration are advised to complete the online screening process before 31 August 2026 .,,,,,,,REJECTED,"optionA, optionB, optionC, optionD, answer"
https://myschoolgist.com/news/moaum-post-utme-deadline-189633/,Unknown,"August 2026 Candidates should also make sure that all required information entered during registration is correct before the process is completed. The extended date provides more time for pending registrations, but applicants are still expected to finish within the new period. Applicants who need the main screening details can read the MOAUM Post UTME and Direct Entry screening guide for 2026/2027 . Key MOAUM Screening Dates The dates candidates need to keep in view are: Previous registration deadline: Wednesday, 12 August 2026 Previous registration deadline: New registration deadline: Monday, 31 August 2026 New registration deadline: The revised date applies to the 2026/2027 Post UTME and Direct Entry online screening exercise. MOAUM Registration Troubleshooter Situation What it means What the candidate should check Next step ⏳ Registration is unfinished The candidate still has a pending screening registration Confirm that MOAUM was selected as first choice Complete registration by 31 August 2026 📅 Old deadline is still being considered The earlier closing date was 12 August 2026 Use the revised deadline stated for the exercise Work with the 31 August 2026 closing date 🎓 Direct Entry applicant Direct Entry candidates are covered by the extension Confirm that MOAUM was selected as first choice Complete the online screening registration 📝 Registration details need checking Required information must be correctly provided Review the information entered during registration Correct any issue before completing the process MySchoolGist Verification Check The registration deadline stated for the 2026/2027 MOAUM Post UTME and Direct Entry screening exercise is Monday, 31 August 2026, replacing the earlier 12 August 2026 date. MySchoolGist checks admission information against official sources, while Reverend Father Moses Orshio Adasu University, Makurdi remains the final authority on its screening exercise and deadline. Alternative admission via JUPEB/IJMB programmes (SPONSORED) Enter 200-Level Directly! Gain University Admission via JUPEB/IJMB . Enjoy Low Fees! Call 08033006849 Now! Alternative admission via JUPEB/IJMB programmes (SPONSORED) Enter 200-Level Directly! Gain University Admission via JUPEB/IJMB . Enjoy Low Fees! Call 08033006849 Now! RECOMMENDED : List of Schools Whose Post UTME Forms are Out . RECOMMENDED Search MySchoolGist ... Search Tagged: Reverend Father Moses Orshio Adasu University Makurdi (MOAUM) Tagged: Share This Post: If this post helped you, share it with others! Use the buttons below to spread the word! Share This Post: WhatsApp X (Twitter) Facebook WhatsApp X (Twitter) Facebook Suggested Articles Reverend Father Moses Orshio Adasu University, Makurdi (MOAUM) Post UTME/Direct Entry Screening Exercise for 2026/2027 Undergraduate Admission [UPDATED] Rev. Fr. Moses Orshio Adasu University, Makurdi (MOAUM) Cut Off Mark 2026/2027 Reverend Father Moses Orshio Adasu University, Makurdi (MOAUM) Certificate Courses Admission Forms for 2025/2026 Academic Session Reverend Father Moses Orshio Adasu University, Makurdi (MOAUM) Part-Time Admission Form 2025/2026: Courses, Fees, Entry Rules and Dates Federal Polytechnic, Ukana Post UTME Form for 2026/2027 ND Admission Olabisi Onabanjo University (OOU) Post UTME Screening Schedule 2026/2027 and Examination Pass Printing Guide Ibrahim Badamasi Babangida University (IBBU) Post UTME / Direct Entry Screening Form for 2025/2026 Undergraduate Admission Federal University of Petroleum Resources, Effurun (FUPRE) Supplementary Post UTME Screening Form for 2026/2027 Undergraduate Admission Suggested Articles Articles Reverend Father Moses Orshio Adasu University, Makurdi (MOAUM) Post UTME/Direct Entry Screening Exercise for 2026/2027 Undergraduate Admission [UPDATED] Rev. Fr. Moses Orshio Adasu University, Makurdi (MOAUM) Cut Off Mark 2026/2027 Reverend Father Moses Orshio Adasu University, Makurdi (MOAUM) Certificate Courses Admission Forms for 2025/2026 Academic Session Reverend Father Moses Orshio Adasu University, Makurdi (MOAUM) Part-Time Admission Form 2025/2026: Courses, Fees, Entry Rules and Dates Federal Polytechnic, Ukana Post UTME Form for 2026/2027 ND Admission Olabisi Onabanjo University (OOU) Post UTME Screening Schedule 2026/2027 and Examination Pass Printing Guide Ibrahim Badamasi Babangida University (IBBU) Post UTME / Direct Entry Screening Form for 2025/2026 Undergraduate Admission Federal University of Petroleum Resources, Effurun (FUPRE) Supplementary Post UTME Screening Form for 2026/2027 Undergraduate Admission Previous story Ambrose Alli University (AAU) Ekpoma Certificate Fee 2025/2026: ₦48,000 Payment for Graduating Students Next story Federal University of Health Sciences, Azare (FUHSA) Intra-University and Inter-University Transfer Application Form 2026 Previous story Ambrose Alli University (AAU) Ekpoma Certificate Fee 2025/2026: ₦48,000 Payment for Graduating Students Next story Federal University of Health Sciences, Azare (FUHSA) Intra-University and Inter-University Transfer Application Form 2026 Home About Disclaimer Privacy Policy Quick Links Education Resources WAEC Past Questions NABTEB Past Questions JAMB Past Questions Post UTME Past Questions Universities Polytechnics Monotechnics Colleges of Education Top Universities Illegal Universities Courses JAMB WAEC NECO Jobs in Nigeria MySchoolGist Web Services is a registered publisher and marketing solutions provider in Nigeria. It publishes Myschoolgist.com, a leading digital publication that covers the latest educational trends, career opportunities and current news. Copyright © 2012 - 2026 MySchoolGist Home About Disclaimer Privacy Policy Quick Links Education Resources WAEC Past Questions NABTEB Past Questions JAMB Past Questions Post UTME Past Questions Universities Polytechnics Monotechnics Colleges of Education Top Universities Illegal Universities Courses JAMB WAEC NECO Jobs in Nigeria Quick Links Education Resources WAEC Past Questions NABTEB Past Questions JAMB Past Questions Post UTME Past Questions Universities Polytechnics Monotechnics Colleges of Education Top Universities Illegal Universities Courses JAMB WAEC NECO Jobs in Nigeria MySchoolGist Web Services is a registered publisher and marketing solutions provider in Nigeria. It publishes Myschoolgist.com, a leading digital publication that covers the latest educational trends, career opportunities and current news. Copyright © 2012 - 2026 MySchoolGist",,,,,,,REJECTED,"optionA, optionB, optionC, optionD, answer"
https://myschoolgist.com/news/udusok-olevel-upload-189674/,Unknown,,,,,,,,REJECTED,"question, optionA, optionB, optionC, optionD, answer"
https://myschoolgist.com/news/udusok-olevel-upload-189674/,Unknown,"Upload O'Level Result on JAMB CAPS for Consideration By Olusegun Fapohunda August 16, 2026 Time to Rea",,Enjoy Low Fees! Call 08033006849 Now! Search MySchoolGist ... Search Tagge,,"Usmanu Danfodiyo University Sokoto : UDUSOK Share This Post: If this post helped you, share it with others! Use the buttons below to spread the word! WhatsApp X (Twitter) Facebook Suggested Articles Usmanu Danfodiyo University, Sokoto (UDUSOK) Important Update on 2026/2027 Admission Process Usmanu Danfodiyo University, Sokoto (UDUSOK) Cut-Off Marks for 2026/2027 Admission Exercise UDUSOK Registration Deadline 2025/",,,REJECTED,"optionA, optionC, answer"
https://myschoolgist.com/news/udusok-olevel-upload-189674/,Unknown,"Payment, Course Registration and Deferment Notice Usmanu Danfodiyo University Sokoto (UDUSOK) promotes academic staff to Professor and Reader Ignatius Ajuru University Of Education (IAUE) Acceptance Fee, Clearance & Registration Procedures for 2026/2027 Newly Admitted Candidates Federal University of Technology, Ikot Abasi (FUTI","University and Inter-University Transfer Application Form 2026 Meet The Author Olusegun Fapohunda is the founder and editor of MySchoolGist, with over a decade of experience in education publishing. He covers education updates, admission notices, examination news, scholarships, career opportunities and related public information. Connect with him on X (formerly Twitter) .",,,,,,REJECTED,"optionB, optionC, optionD, answer"
https://myschoolgist.com/news/ibbu-post-utme-form/,Unknown,"or above They must also have uploaded their O'Level results to JAMB CAPS. IBBU must be the candidate's first-choice university. IBBU Direct Entry Screening Requirements Direct Entry candidates are required to upload their O'Level result together with a scanned copy of the applicable qualifying result. Accepted qualifications listed for the exercise are: IJMB NCE Diploma A'Level NABTEB is not acceptable for the Direct Entry screening. DE candidates will also submit the required result information during the online screening process. IBBU Post-UTME Screening Fee The prescribed screening fee is ₦2,000 . ₦2,000 Candidates will first complete an eligibility check, generate an invoice and then make payment through one of the methods stated on the screening portal. The available payment methods are Branch Collect or WebPAY, as directed by the portal. How to Apply for IBBU Post-UTME and Direct Entry Screening Candidates are to begin the screening process through the IBBU Post-UTME screening portal . The online process has three stages. Stage 1: Eligibility Check Candidates will enter their: JAMB Registration Number Phone number Email address An invoice will then be generated for payment of the ₦2,000 screening fee. Stage 2: Screening Fee Payment Candidates will pay through Branch Collect or WebPAY, based on the instructions displayed on the portal. Payment must be confirmed before the result submission stage can be completed. Stage 3: Result Submission After payment confirmation, candidates will log in and submit the required examination results. UTME candidates will provide their O'Level results, while Direct Entry candidates will also submit the required A'Level or qualifying result information. A maximum of two sittings is allowed. Candidates will also enter the appropriate scratch card PIN for each result type and provide any other required information. The acknowledgement slip should be printed after submission and kept for record purposes. New Scratch Cards Are Required for Result Verification Candidates are strongly advised to buy a new scratch card for each examination result being submitted. Each card should be used only once to check the result before its details are entered on the screening portal. The status of the scratch card matters because specified invalid card types will result in disqualification. Scratch Cards That Can Lead to Disqualification IBBU has identified four categories of cards that candidates should avoid. Invalid Card An invalid card is a card that does not exist or is forged or fake. Submitting this type of card will result in disqualification. Used Card A used card is one that has already been used to check another candidate's result. Candidates should obtain their own new card for the result being submitted. Exhausted Card An exhausted card has reached its usage limit. A card used up to five times is regarded as exhausted under the screening instructions. Expired Card An expired card is no longer active or valid. Candidates should check the card before submitting its PIN on the portal. Maximum of Two O'Level Results Candidates may present a maximum of two O'Level results during the screening exercise. Where more than one result is being submitted, the appropriate scratch card PIN should be provided for each result type as required by the portal. Awaiting Result Candidates Candidates whose O'Level results are not yet available may indicate Awaiting Result (AR) during the screening. Awaiting Result (AR) The outstanding result must be uploaded before the admission exercise closes. Candidates using awaiting results should therefore ensure that the required result is supplied within the admission period. False Information Will Lead to Disqualification Candidates are expected to provide correct information throughout the screening and verification exercise. Supplying false information will result in disqualification. The same consequence applies where any of the prohibited scratch card categories is submitted. Completion of Screening Is Required for Admission Consideration Every eligible candidate seeking admission through the 2026/2027 exercise must complete the online screening and verification process. Failure to complete it means the candidate will not be considered for admission. Candidates can check further University information through the official IBBU website . IBBU Screening Troubleshooter Candidate's Situation What to Check What Should Be Done Screening Position 📊 UTME score is 150 or above O'Level result and first-choice status Confirm the result is on JAMB CAPS Candidate can proceed if other conditions are met 🎓 Direct Entry applicant IJMB, NCE or Diploma result is required Upload O'Level result and scanned qualifying result A'Level NABTEB is not accepted 💳 Payment has not reflected Screening requires confirmed payment Follow the portal's Branch Collect or WebPAY instructions Result submission follows payment confirmation 🔐 Scratch card has been used for another candidate Used cards are invalid for this exercise Obtain a new card for the candidate's own result Used cards can cause disqualification ⚠️ Scratch card has reached five uses The card is regarded as exhausted Purchase a new scratch card Exhausted cards can cause disqualification 📄 Candidate has two O'Level results Maximum of two sittings is allowed Submit both with the required PINs Both results may be presented ⏳ Result is still awaiting AR may be indicated Upload the result before admission closes Missing result must be supplied within the admission exercise 🗓️ Screening has not been completed Deadline is 20 September 2026 Complete all screening stages before closing Incomplete screening means no admission consideration MySchoolGist Verification Check: MySchoolGist checks admission information against official University channels where available. IBBU remains the final authority on screening requirements, deadlines, payments and admission consideration. Alternative admission via JUPEB/IJMB programmes (SPONSORED) Enter 200-Level Directly! Gain University Admission via JUPEB/IJMB . Enjoy Low Fees! Call 08033006849 Now! Alternative admission via JUPEB/IJMB programmes (SPONSORED) Enter 200-Level Directly! Gain University Admission via JUPEB/IJMB . Enjoy Low Fees! Call 08033006849 Now! RECOMMENDED : List of Schools Whose Post UTME Forms are Out . RECOMMENDED Search MySchoolGist ... Search Tagged: Ibrahim Badamasi Babangida University : IBBU Tagged: Share This Post: If this post helped you, share it with others! Use the buttons below to spread the word! Share This Post: WhatsApp X (Twitter) Facebook WhatsApp X (Twitter) Facebook Suggested Articles IBBU Admission Cut Off Mark for 2026/2027 Admission Exercise Ibrahim Badamasi Babangida University (IBBU) IJMB Admission Form for 2026/2027 Academic Session Ibrahim Badamasi Babangida University (IBBU) NUC Accreditation: 10 Courses Get Full Approval, One Gets Interim Status Ibrahim Badamasi Babangida University (IBBU) Postgraduate Admission Form 2025/2026: Cost, Programmes and Application Guide Federal Polytechnic, Ukana Post UTME Form for 2026/2027 ND Admission Olabisi Onabanjo University (OOU) Post UTME Screening Schedule 2026/2027 and Examination Pass Printing Guide Reverend Father Moses Orshio Adasu University, Makurdi (MOAUM) Extends Post UTME/Direct Entry Registration Deadline 2026/2027 Federal University of Petroleum Resources, Effurun (FUPRE) Supplementary Post UTME Screening Form for 2026/2027 Undergraduate Admission Suggested Articles Articles IBBU Admission Cut Off Mark for 2026/2027 Admission Exercise Ibrahim Badamasi Babangida University (IBBU) IJMB Admission Form for 2026/2027 Academic Session Ibrahim Badamasi Babangida University (IBBU) NUC Accreditation: 10 Courses Get Full Approval, One Gets Interim Status Ibrahim Badamasi Babangida University (IBBU) Postgraduate Admission Form 2025/2026: Cost, Programmes and Application Guide Federal Polytechnic, Ukana Post UTME Form for 2026/2027 ND Admission Olabisi Onabanjo University (OOU) Post UTME Screening Schedule 2026/2027 and Examination Pass Printing Guide Reverend Father Moses Orshio Adasu University, Makurdi (MOAUM) Extends Post UTME/Direct Entry Registration Deadline 2026/2027 Federal University of Petroleum Resources, Effurun (FUPRE) Supplementary Post UTME Screening Form for 2026/2027 Undergraduate Admission Previous story Federal University of Health Sciences, Otukpo (FUHSO) Remedial Admission Form for 2026/2027 Academic Session Next story Akwa Ibom State University (AKSU) Postgraduate Admission Form for 2026/2027 Academic Session Previous story Federal University of Health Sciences, Otukpo (FUHSO) Remedial Admission Form for 2026/2027 Academic Session Next story Akwa Ibom State University (AKSU) Postgraduate Admission Form for 2026/2027 Academic Session Meet The Author Olusegun Fapohunda is the founder and editor of MySchoolGist, with over a decade of experience in education publishing. He covers education updates, admission notices, examination news, scholarships, career opportunities and related public information. Connect with him on X (formerly Twitter) . Meet The Author Olusegun Fapohunda is the founder and editor of MySchoolGist, with over a decade of experience in education publishing. He covers education updates, admission notices, examination news, scholarships, career opportunities and related public information. Connect with him on X (formerly Twitter) . Home About Disclaimer Privacy Policy Quick Links Education Resources WAEC Past Questions NABTEB Past Questions JAMB Past Questions Post UTME Past Questions Universities Polytechnics Monotechnics Colleges of Education Top Universities Illegal Universities Courses JAMB WAEC NECO Jobs in Nigeria MySchoolGist Web Services is a registered publisher and marketing solutions provider in Nigeria. It publishes Myschoolgist.com, a leading digital publication that covers the latest educational trends, career opportunities and current news. Copyright © 2012 - 2026 MySchoolGist Home About Disclaimer Privacy Policy Quick Links Education Resources WAEC Past Questions NABTEB Past Questions JAMB Past Questions Post UTME Past Questions Universities Polytechnics Monotechnics Colleges of Education Top Universities Illegal Universities Courses JAMB WAEC NECO Jobs in Nigeria Quick Links Education Resources WAEC Past Questions NABTEB Past Questions JAMB Past Questions Post UTME Past Questions Universities Polytechnics Monotechnics Colleges of Education Top Universities Illegal Universities Courses JAMB WAEC NECO Jobs in Nigeria MySchoolGist Web Services is a registered publisher and marketing solutions provider in Nigeria. It publishes Myschoolgist.com, a leading digital publication that covers the latest educational trends, career opportunities and current news. Copyright © 2012 - 2026 MySchoolGist",,,,,,,REJECTED,"optionA, optionB, optionC, optionD, answer"
